********* Job Starts *********
Sun Sep  8 12:13:15 AM EDT 2024
Loading conda_R/4.4

Currently Loaded Modules:
  1) JHPCE_ROCKY9_DEFAULT_ENV   3) conda/3-24.3.0
  2) JHPCE_tools/3.0            4) conda_R/4.4

 

Loading required package: SummarizedExperiment
Loading required package: MatrixGenerics
Loading required package: matrixStats

Attaching package: ‘MatrixGenerics’

The following objects are masked from ‘package:matrixStats’:

    colAlls, colAnyNAs, colAnys, colAvgsPerRowSet, colCollapse,
    colCounts, colCummaxs, colCummins, colCumprods, colCumsums,
    colDiffs, colIQRDiffs, colIQRs, colLogSumExps, colMadDiffs,
    colMads, colMaxs, colMeans2, colMedians, colMins, colOrderStats,
    colProds, colQuantiles, colRanges, colRanks, colSdDiffs, colSds,
    colSums2, colTabulates, colVarDiffs, colVars, colWeightedMads,
    colWeightedMeans, colWeightedMedians, colWeightedSds,
    colWeightedVars, rowAlls, rowAnyNAs, rowAnys, rowAvgsPerColSet,
    rowCollapse, rowCounts, rowCummaxs, rowCummins, rowCumprods,
    rowCumsums, rowDiffs, rowIQRDiffs, rowIQRs, rowLogSumExps,
    rowMadDiffs, rowMads, rowMaxs, rowMeans2, rowMedians, rowMins,
    rowOrderStats, rowProds, rowQuantiles, rowRanges, rowRanks,
    rowSdDiffs, rowSds, rowSums2, rowTabulates, rowVarDiffs, rowVars,
    rowWeightedMads, rowWeightedMeans, rowWeightedMedians,
    rowWeightedSds, rowWeightedVars

Loading required package: GenomicRanges
Loading required package: stats4
Loading required package: BiocGenerics

Attaching package: ‘BiocGenerics’

The following objects are masked from ‘package:stats’:

    IQR, mad, sd, var, xtabs

The following objects are masked from ‘package:base’:

    anyDuplicated, aperm, append, as.data.frame, basename, cbind,
    colnames, dirname, do.call, duplicated, eval, evalq, Filter, Find,
    get, grep, grepl, intersect, is.unsorted, lapply, Map, mapply,
    match, mget, order, paste, pmax, pmax.int, pmin, pmin.int,
    Position, rank, rbind, Reduce, rownames, sapply, setdiff, table,
    tapply, union, unique, unsplit, which.max, which.min

Loading required package: S4Vectors

Attaching package: ‘S4Vectors’

The following object is masked from ‘package:utils’:

    findMatches

The following objects are masked from ‘package:base’:

    expand.grid, I, unname

Loading required package: IRanges
Loading required package: GenomeInfoDb
Loading required package: Biobase
Welcome to Bioconductor

    Vignettes contain introductory material; view with
    'browseVignettes()'. To cite Bioconductor, see
    'citation("Biobase")', and for packages 'citation("pkgname")'.


Attaching package: ‘Biobase’

The following object is masked from ‘package:MatrixGenerics’:

    rowMedians

The following objects are masked from ‘package:matrixStats’:

    anyMissing, rowMedians

Loading required package: scuttle
Loading required package: ggplot2
here() starts at /dcs04/lieber/marmaypag/ls_molecular-profiling_LIBD1070/ls_molecular-profiling
Loading objects:
  sce_human_sub
Running 1vALL Testing for up-regulated genes
2024-09-08 00:13:41.113158 - Find markers for: other
2024-09-08 00:13:45.152338 - Find markers for: random
2024-09-08 00:13:49.189626 - Building Table
** Done! **

                           gene       logFC log.p.value    log.FDR std.logFC
ENSG00000131050 ENSG00000131050 0.002933837  -10.427928 -0.7628234 0.1129358
ENSG00000107159 ENSG00000107159 0.006238301   -9.173422 -0.7628234 0.1043143
ENSG00000130270 ENSG00000130270 0.010987927   -8.945351 -0.7628234 0.1026780
ENSG00000124107 ENSG00000124107 0.005640500   -8.915933 -0.7628234 0.1024652
ENSG00000113504 ENSG00000113504 0.044523159   -8.778681 -0.7628234 0.1014674
ENSG00000155592 ENSG00000155592 0.037715093   -8.686654 -0.7628234 0.1007935
                cellType.target std.logFC.rank     std.logFC.anno
ENSG00000131050          random              1  std logFC = 0.113
ENSG00000107159          random              2  std logFC = 0.104
ENSG00000130270          random              3  std logFC = 0.103
ENSG00000124107          random              4  std logFC = 0.102
ENSG00000113504          random              5  std logFC = 0.101
ENSG00000155592          random              6  std logFC = 0.101
[1] 1
Running 1vALL Testing for up-regulated genes
2024-09-08 00:13:49.424078 - Find markers for: other
2024-09-08 00:13:53.332757 - Find markers for: random
2024-09-08 00:13:57.378556 - Building Table
** Done! **

                           gene       logFC log.p.value    log.FDR  std.logFC
ENSG00000170099 ENSG00000170099 0.001034830   -9.442713 -0.1335373 0.10539576
ENSG00000080031 ENSG00000080031 0.022860272   -8.582504 -0.1335373 0.09925210
ENSG00000182631 ENSG00000182631 0.003622094   -8.365633 -0.1335373 0.09764955
ENSG00000016490 ENSG00000016490 0.003478328   -8.303513 -0.1335373 0.09718625
ENSG00000063322 ENSG00000063322 0.050608088   -8.119658 -0.1335373 0.09580355
ENSG00000172519 ENSG00000172519 0.003288087   -7.688473 -0.1335373 0.09249032
                cellType.target std.logFC.rank     std.logFC.anno
ENSG00000170099          random              1  std logFC = 0.105
ENSG00000080031          random              2  std logFC = 0.099
ENSG00000182631          random              3  std logFC = 0.098
ENSG00000016490          random              4  std logFC = 0.097
ENSG00000063322          random              5  std logFC = 0.096
ENSG00000172519          random              6  std logFC = 0.092
[1] 2
Running 1vALL Testing for up-regulated genes
2024-09-08 00:13:57.578898 - Find markers for: other
2024-09-08 00:14:01.546855 - Find markers for: random
2024-09-08 00:14:05.584779 - Building Table
** Done! **

                           gene       logFC log.p.value    log.FDR std.logFC
ENSG00000165192 ENSG00000165192 0.005675273  -11.332237 -1.6166464 0.1179846
ENSG00000125409 ENSG00000125409 0.035621567  -10.166981 -1.1445373 0.1104283
ENSG00000100335 ENSG00000100335 0.044683349   -9.217218 -0.8482574 0.1039075
ENSG00000138468 ENSG00000138468 0.117227539   -8.991330 -0.8482574 0.1023024
ENSG00000183134 ENSG00000183134 0.005479551   -8.738211 -0.8482574 0.1004768
ENSG00000135249 ENSG00000135249 0.061726211   -8.687881 -0.8482574 0.1001103
                cellType.target std.logFC.rank     std.logFC.anno
ENSG00000165192          random              1  std logFC = 0.118
ENSG00000125409          random              2   std logFC = 0.11
ENSG00000100335          random              3  std logFC = 0.104
ENSG00000138468          random              4  std logFC = 0.102
ENSG00000183134          random              5    std logFC = 0.1
ENSG00000135249          random              6    std logFC = 0.1
[1] 3
Running 1vALL Testing for up-regulated genes
2024-09-08 00:14:05.775131 - Find markers for: other
2024-09-08 00:14:09.788105 - Find markers for: random
2024-09-08 00:14:13.809658 - Building Table
** Done! **

                           gene       logFC log.p.value    log.FDR  std.logFC
ENSG00000205126 ENSG00000205126 0.005567430  -10.269961 -1.3856824 0.11116510
ENSG00000203907 ENSG00000203907 0.013358917  -10.044289 -1.3856824 0.10965518
ENSG00000197641 ENSG00000197641 0.004356968  -10.002661 -1.3856824 0.10937461
ENSG00000196866 ENSG00000196866 0.006088834   -9.362198 -1.0329019 0.10497383
ENSG00000110987 ENSG00000110987 0.072025363   -8.190449 -0.2640542 0.09646624
ENSG00000189430 ENSG00000189430 0.005516438   -8.053424 -0.2640542 0.09542801
                cellType.target std.logFC.rank     std.logFC.anno
ENSG00000205126          random              1  std logFC = 0.111
ENSG00000203907          random              2   std logFC = 0.11
ENSG00000197641          random              3  std logFC = 0.109
ENSG00000196866          random              4  std logFC = 0.105
ENSG00000110987          random              5  std logFC = 0.096
ENSG00000189430          random              6  std logFC = 0.095
[1] 4
Running 1vALL Testing for up-regulated genes
2024-09-08 00:14:14.022721 - Find markers for: random
2024-09-08 00:14:18.064994 - Find markers for: other
2024-09-08 00:14:22.919158 - Building Table
** Done! **

                           gene       logFC log.p.value    log.FDR  std.logFC
ENSG00000112041 ENSG00000112041 0.003989529  -11.309605 -1.5940148 0.11862717
ENSG00000110887 ENSG00000110887 0.015996319  -10.189582 -1.1671382 0.11131603
ENSG00000066583 ENSG00000066583 0.042411067   -8.980271 -0.3922812 0.10290431
ENSG00000143303 ENSG00000143303 0.045584692   -8.476684 -0.3922812 0.09921607
ENSG00000205213 ENSG00000205213 0.106423210   -8.140168 -0.3922812 0.09668275
ENSG00000163795 ENSG00000163795 0.027199463   -8.027962 -0.3922812 0.09582505
                cellType.target std.logFC.rank     std.logFC.anno
ENSG00000112041          random              1  std logFC = 0.119
ENSG00000110887          random              2  std logFC = 0.111
ENSG00000066583          random              3  std logFC = 0.103
ENSG00000143303          random              4  std logFC = 0.099
ENSG00000205213          random              5  std logFC = 0.097
ENSG00000163795          random              6  std logFC = 0.096
[1] 5
Running 1vALL Testing for up-regulated genes
2024-09-08 00:14:23.104225 - Find markers for: other
2024-09-08 00:14:27.162229 - Find markers for: random
2024-09-08 00:14:31.198228 - Building Table
** Done! **

                           gene       logFC log.p.value   log.FDR std.logFC
ENSG00000180061 ENSG00000180061 0.010933216  -11.200562 -1.484971 0.1172211
ENSG00000165392 ENSG00000165392 0.119753037  -10.118732 -1.391120 0.1101695
ENSG00000170953 ENSG00000170953 0.002344623   -9.963979 -1.391120 0.1091274
ENSG00000260325 ENSG00000260325 0.003267791   -9.720416 -1.391120 0.1074689
ENSG00000049249 ENSG00000049249 0.009019531   -9.463127 -1.356974 0.1056918
ENSG00000135378 ENSG00000135378 0.020254785   -9.204328 -1.301069 0.1038770
                cellType.target std.logFC.rank     std.logFC.anno
ENSG00000180061          random              1  std logFC = 0.117
ENSG00000165392          random              2   std logFC = 0.11
ENSG00000170953          random              3  std logFC = 0.109
ENSG00000260325          random              4  std logFC = 0.107
ENSG00000049249          random              5  std logFC = 0.106
ENSG00000135378          random              6  std logFC = 0.104
[1] 6
Running 1vALL Testing for up-regulated genes
2024-09-08 00:14:31.384176 - Find markers for: random
2024-09-08 00:14:35.307168 - Find markers for: other
2024-09-08 00:14:39.424559 - Building Table
** Done! **

                           gene       logFC log.p.value   log.FDR  std.logFC
ENSG00000112414 ENSG00000112414 0.039057875  -13.748968 -4.033378 0.13277289
ENSG00000180044 ENSG00000180044 0.019639289  -10.243158 -1.220715 0.11124776
ENSG00000109610 ENSG00000109610 0.026299265   -9.639224 -1.034969 0.10714860
ENSG00000175489 ENSG00000175489 0.007653343   -9.162500 -1.034969 0.10381126
ENSG00000186335 ENSG00000186335 0.003246471   -9.071139 -1.034969 0.10316074
ENSG00000076067 ENSG00000076067 0.073260733   -8.626559 -1.034969 0.09994191
                cellType.target std.logFC.rank     std.logFC.anno
ENSG00000112414          random              1  std logFC = 0.133
ENSG00000180044          random              2  std logFC = 0.111
ENSG00000109610          random              3  std logFC = 0.107
ENSG00000175489          random              4  std logFC = 0.104
ENSG00000186335          random              5  std logFC = 0.103
ENSG00000076067          random              6    std logFC = 0.1
[1] 7
Running 1vALL Testing for up-regulated genes
2024-09-08 00:14:39.630728 - Find markers for: other
2024-09-08 00:14:43.654763 - Find markers for: random
2024-09-08 00:14:47.608608 - Building Table
** Done! **

                           gene       logFC log.p.value    log.FDR  std.logFC
ENSG00000128886 ENSG00000128886 0.010022191  -12.508850 -2.7932596 0.12485579
ENSG00000198746 ENSG00000198746 0.034090178  -10.430172 -1.4077289 0.11187264
ENSG00000147697 ENSG00000147697 0.003123657   -9.696741 -1.0797628 0.10695488
ENSG00000164764 ENSG00000164764 0.012680333   -9.305706 -0.9764100 0.10424851
ENSG00000163563 ENSG00000163563 0.022993761   -8.239751 -0.1646483 0.09653255
ENSG00000123349 ENSG00000123349 0.063537127   -7.914677 -0.1646483 0.09406948
                cellType.target std.logFC.rank     std.logFC.anno
ENSG00000128886          random              1  std logFC = 0.125
ENSG00000198746          random              2  std logFC = 0.112
ENSG00000147697          random              3  std logFC = 0.107
ENSG00000164764          random              4  std logFC = 0.104
ENSG00000163563          random              5  std logFC = 0.097
ENSG00000123349          random              6  std logFC = 0.094
[1] 8
Running 1vALL Testing for up-regulated genes
2024-09-08 00:14:47.809659 - Find markers for: other
2024-09-08 00:14:51.924307 - Find markers for: random
2024-09-08 00:14:55.941019 - Building Table
** Done! **

                           gene       logFC log.p.value    log.FDR  std.logFC
ENSG00000167625 ENSG00000167625 0.033281775  -11.471843 -1.7562530 0.11879299
ENSG00000122679 ENSG00000122679 0.021419828   -9.272016 -0.7340298 0.10423420
ENSG00000134470 ENSG00000134470 0.021902557   -9.116808 -0.7340298 0.10313796
ENSG00000170509 ENSG00000170509 0.017544149   -9.063326 -0.7340298 0.10275782
ENSG00000213347 ENSG00000213347 0.026613646   -8.005558 -0.2878954 0.09496577
ENSG00000187116 ENSG00000187116 0.003502276   -7.750751 -0.2878954 0.09300375
                cellType.target std.logFC.rank     std.logFC.anno
ENSG00000167625          random              1  std logFC = 0.119
ENSG00000122679          random              2  std logFC = 0.104
ENSG00000134470          random              3  std logFC = 0.103
ENSG00000170509          random              4  std logFC = 0.103
ENSG00000213347          random              5  std logFC = 0.095
ENSG00000187116          random              6  std logFC = 0.093
[1] 9
Running 1vALL Testing for up-regulated genes
2024-09-08 00:14:56.123082 - Find markers for: other
2024-09-08 00:15:00.198386 - Find markers for: random
2024-09-08 00:15:04.151378 - Building Table
** Done! **

                           gene       logFC log.p.value   log.FDR std.logFC
ENSG00000154328 ENSG00000154328 0.045461623  -10.596112 -1.008219 0.1132550
ENSG00000181847 ENSG00000181847 0.010113547   -9.640670 -1.008219 0.1068503
ENSG00000043355 ENSG00000043355 0.062899690   -9.413901 -1.008219 0.1052791
ENSG00000219073 ENSG00000219073 0.003324441   -9.152552 -1.008219 0.1034421
ENSG00000185231 ENSG00000185231 0.001251090   -9.066335 -1.008219 0.1028297
ENSG00000009954 ENSG00000009954 0.101712612   -8.881584 -1.008219 0.1015064
                cellType.target std.logFC.rank     std.logFC.anno
ENSG00000154328          random              1  std logFC = 0.113
ENSG00000181847          random              2  std logFC = 0.107
ENSG00000043355          random              3  std logFC = 0.105
ENSG00000219073          random              4  std logFC = 0.103
ENSG00000185231          random              5  std logFC = 0.103
ENSG00000009954          random              6  std logFC = 0.102
[1] 10
Running 1vALL Testing for up-regulated genes
2024-09-08 00:15:04.333465 - Find markers for: other
2024-09-08 00:15:08.416459 - Find markers for: random
2024-09-08 00:15:12.369767 - Building Table
** Done! **

                           gene       logFC log.p.value    log.FDR  std.logFC
ENSG00000141642 ENSG00000141642 0.049162785   -9.897205 -1.0384659 0.10862780
ENSG00000178804 ENSG00000178804 0.002251714   -9.700677 -1.0384659 0.10728692
ENSG00000164893 ENSG00000164893 0.008791378   -9.655444 -1.0384659 0.10697618
ENSG00000231852 ENSG00000231852 0.013210921   -9.312739 -0.9834427 0.10459520
ENSG00000174007 ENSG00000174007 0.036403666   -8.684941 -0.6842372 0.10010373
ENSG00000158553 ENSG00000158553 0.004284961   -8.418211 -0.6842372 0.09814072
                cellType.target std.logFC.rank     std.logFC.anno
ENSG00000141642          random              1  std logFC = 0.109
ENSG00000178804          random              2  std logFC = 0.107
ENSG00000164893          random              3  std logFC = 0.107
ENSG00000231852          random              4  std logFC = 0.105
ENSG00000174007          random              5    std logFC = 0.1
ENSG00000158553          random              6  std logFC = 0.098
[1] 11
Running 1vALL Testing for up-regulated genes
2024-09-08 00:15:12.588923 - Find markers for: other
2024-09-08 00:15:16.749362 - Find markers for: random
2024-09-08 00:15:20.880538 - Building Table
** Done! **

                           gene       logFC log.p.value   log.FDR std.logFC
ENSG00000182264 ENSG00000182264 0.011560819  -11.682143 -2.028781 0.1203856
ENSG00000205755 ENSG00000205755 0.009862460  -11.051224 -2.028781 0.1164120
ENSG00000104804 ENSG00000104804 0.011771990   -9.582458 -1.520106 0.1066488
ENSG00000140986 ENSG00000140986 0.005421260   -9.289147 -1.520106 0.1046019
ENSG00000164743 ENSG00000164743 0.009373965   -9.202091 -1.520106 0.1039874
ENSG00000130234 ENSG00000130234 0.012257373   -9.194282 -1.520106 0.1039322
                cellType.target std.logFC.rank     std.logFC.anno
ENSG00000182264          random              1   std logFC = 0.12
ENSG00000205755          random              2  std logFC = 0.116
ENSG00000104804          random              3  std logFC = 0.107
ENSG00000140986          random              4  std logFC = 0.105
ENSG00000164743          random              5  std logFC = 0.104
ENSG00000130234          random              6  std logFC = 0.104
[1] 12
Running 1vALL Testing for up-regulated genes
2024-09-08 00:15:21.081555 - Find markers for: other
2024-09-08 00:15:25.268912 - Find markers for: random
2024-09-08 00:15:29.369585 - Building Table
** Done! **

                           gene       logFC log.p.value   log.FDR std.logFC
ENSG00000163754 ENSG00000163754 0.053266730  -10.350363 -1.605964 0.1115701
ENSG00000174917 ENSG00000174917 0.054921440  -10.307637 -1.605964 0.1112872
ENSG00000146223 ENSG00000146223 0.079092209  -10.023900 -1.605964 0.1093919
ENSG00000180613 ENSG00000180613 0.005368163   -9.935260 -1.605964 0.1087937
ENSG00000213413 ENSG00000213413 0.001730278   -9.099275 -1.168529 0.1030003
ENSG00000182687 ENSG00000182687 0.001402717   -9.092360 -1.168529 0.1029512
                cellType.target std.logFC.rank     std.logFC.anno
ENSG00000163754          random              1  std logFC = 0.112
ENSG00000174917          random              2  std logFC = 0.111
ENSG00000146223          random              3  std logFC = 0.109
ENSG00000180613          random              4  std logFC = 0.109
ENSG00000213413          random              5  std logFC = 0.103
ENSG00000182687          random              6  std logFC = 0.103
[1] 13
Running 1vALL Testing for up-regulated genes
2024-09-08 00:15:29.578439 - Find markers for: other
2024-09-08 00:15:33.773175 - Find markers for: random
2024-09-08 00:15:37.793362 - Building Table
** Done! **

                           gene       logFC log.p.value   log.FDR std.logFC
ENSG00000090554 ENSG00000090554 0.026178137  -12.358733 -2.643143 0.1242944
ENSG00000131686 ENSG00000131686 0.007076690  -11.073740 -2.051296 0.1163462
ENSG00000276231 ENSG00000276231 0.023381866  -10.391993 -1.775015 0.1119228
ENSG00000189001 ENSG00000189001 0.008686347  -10.084476 -1.764600 0.1098752
ENSG00000198759 ENSG00000198759 0.020911873   -9.870753 -1.764600 0.1084317
ENSG00000099721 ENSG00000099721 0.003719542   -9.431329 -1.507498 0.1054085
                cellType.target std.logFC.rank     std.logFC.anno
ENSG00000090554          random              1  std logFC = 0.124
ENSG00000131686          random              2  std logFC = 0.116
ENSG00000276231          random              3  std logFC = 0.112
ENSG00000189001          random              4   std logFC = 0.11
ENSG00000198759          random              5  std logFC = 0.108
ENSG00000099721          random              6  std logFC = 0.105
[1] 14
Running 1vALL Testing for up-regulated genes
2024-09-08 00:15:37.986054 - Find markers for: other
2024-09-08 00:15:41.97976 - Find markers for: random
2024-09-08 00:15:45.92259 - Building Table
** Done! **

                           gene       logFC log.p.value    log.FDR  std.logFC
ENSG00000153574 ENSG00000153574 0.064016594   -9.353709 -0.0195186 0.10508257
ENSG00000077984 ENSG00000077984 0.005653563   -8.439182 -0.0195186 0.09848393
ENSG00000128510 ENSG00000128510 0.012640755   -7.769686 -0.0195186 0.09339562
ENSG00000119681 ENSG00000119681 0.026461062   -7.756170 -0.0195186 0.09329041
ENSG00000203740 ENSG00000203740 0.005043374   -7.655341 -0.0195186 0.09250227
ENSG00000196711 ENSG00000196711 0.007007281   -7.615897 -0.0195186 0.09219236
                cellType.target std.logFC.rank     std.logFC.anno
ENSG00000153574          random              1  std logFC = 0.105
ENSG00000077984          random              2  std logFC = 0.098
ENSG00000128510          random              3  std logFC = 0.093
ENSG00000119681          random              4  std logFC = 0.093
ENSG00000203740          random              5  std logFC = 0.093
ENSG00000196711          random              6  std logFC = 0.092
[1] 15
Running 1vALL Testing for up-regulated genes
2024-09-08 00:15:46.103344 - Find markers for: other
2024-09-08 00:15:49.978379 - Find markers for: random
2024-09-08 00:15:53.886129 - Building Table
** Done! **

                           gene       logFC log.p.value    log.FDR  std.logFC
ENSG00000132297 ENSG00000132297 0.017652035  -14.098194 -4.3826037 0.13439121
ENSG00000019995 ENSG00000019995 0.088671536   -9.320680 -0.7432967 0.10465442
ENSG00000137745 ENSG00000137745 0.001396826   -9.063190 -0.7432967 0.10283409
ENSG00000107485 ENSG00000107485 0.007948093   -8.985869 -0.7432967 0.10228187
ENSG00000127328 ENSG00000127328 0.105270855   -8.849449 -0.7432967 0.10130108
ENSG00000134443 ENSG00000134443 0.005629726   -8.578118 -0.6542869 0.09932498
                cellType.target std.logFC.rank     std.logFC.anno
ENSG00000132297          random              1  std logFC = 0.134
ENSG00000019995          random              2  std logFC = 0.105
ENSG00000137745          random              3  std logFC = 0.103
ENSG00000107485          random              4  std logFC = 0.102
ENSG00000127328          random              5  std logFC = 0.101
ENSG00000134443          random              6  std logFC = 0.099
[1] 16
Running 1vALL Testing for up-regulated genes
2024-09-08 00:15:54.086023 - Find markers for: random
2024-09-08 00:15:58.183698 - Find markers for: other
2024-09-08 00:16:02.088449 - Building Table
** Done! **

                           gene       logFC log.p.value    log.FDR  std.logFC
ENSG00000125861 ENSG00000125861 0.004966505  -11.198456 -1.4828657 0.11740048
ENSG00000186765 ENSG00000186765 0.005276299  -10.001041 -1.3719166 0.10955766
ENSG00000139645 ENSG00000139645 0.074407798   -9.988895 -1.3719166 0.10947552
ENSG00000004939 ENSG00000004939 0.007483778   -8.767369 -0.8686114 0.10091295
ENSG00000203910 ENSG00000203910 0.016176470   -8.681799 -0.8686114 0.10028892
ENSG00000171346 ENSG00000171346 0.004351907   -8.628003 -0.8686114 0.09989485
                cellType.target std.logFC.rank     std.logFC.anno
ENSG00000125861          random              1  std logFC = 0.117
ENSG00000186765          random              2   std logFC = 0.11
ENSG00000139645          random              3  std logFC = 0.109
ENSG00000004939          random              4  std logFC = 0.101
ENSG00000203910          random              5    std logFC = 0.1
ENSG00000171346          random              6    std logFC = 0.1
[1] 17
Running 1vALL Testing for up-regulated genes
2024-09-08 00:16:02.28715 - Find markers for: random
2024-09-08 00:16:06.418258 - Find markers for: other
2024-09-08 00:16:10.377979 - Building Table
** Done! **

                           gene      logFC log.p.value   log.FDR std.logFC
ENSG00000116852 ENSG00000116852 0.08963084   -12.82329 -3.107699 0.1271466
ENSG00000119242 ENSG00000119242 0.13597289   -11.55538 -2.813619 0.1194669
ENSG00000173065 ENSG00000173065 0.13887169   -11.43060 -2.813619 0.1186866
ENSG00000198586 ENSG00000198586 0.13286422   -10.54523 -2.360169 0.1130112
ENSG00000103222 ENSG00000103222 0.10110415   -10.40324 -2.360169 0.1120769
ENSG00000184613 ENSG00000184613 0.15981875   -10.08516 -2.360169 0.1099582
                cellType.target std.logFC.rank     std.logFC.anno
ENSG00000116852          random              1  std logFC = 0.127
ENSG00000119242          random              2  std logFC = 0.119
ENSG00000173065          random              3  std logFC = 0.119
ENSG00000198586          random              4  std logFC = 0.113
ENSG00000103222          random              5  std logFC = 0.112
ENSG00000184613          random              6   std logFC = 0.11
[1] 18
Running 1vALL Testing for up-regulated genes
2024-09-08 00:16:10.570942 - Find markers for: other
2024-09-08 00:16:14.671425 - Find markers for: random
2024-09-08 00:16:18.568699 - Building Table
** Done! **

                           gene       logFC log.p.value   log.FDR std.logFC
ENSG00000175894 ENSG00000175894 0.032653593  -12.290603 -2.575012 0.1242968
ENSG00000127588 ENSG00000127588 0.002984598  -10.775405 -2.095852 0.1148101
ENSG00000185294 ENSG00000185294 0.002221158  -10.712831 -2.095852 0.1144031
ENSG00000146070 ENSG00000146070 0.036789849  -10.192962 -2.062705 0.1109693
ENSG00000138347 ENSG00000138347 0.010334392  -10.168857 -2.062705 0.1108078
ENSG00000122711 ENSG00000122711 0.002615775   -9.846987 -1.923156 0.1086303
                cellType.target std.logFC.rank     std.logFC.anno
ENSG00000175894          random              1  std logFC = 0.124
ENSG00000127588          random              2  std logFC = 0.115
ENSG00000185294          random              3  std logFC = 0.114
ENSG00000146070          random              4  std logFC = 0.111
ENSG00000138347          random              5  std logFC = 0.111
ENSG00000122711          random              6  std logFC = 0.109
[1] 19
Running 1vALL Testing for up-regulated genes
2024-09-08 00:16:18.757488 - Find markers for: other
2024-09-08 00:16:22.719076 - Find markers for: random
2024-09-08 00:16:26.771273 - Building Table
** Done! **

                           gene       logFC log.p.value    log.FDR  std.logFC
ENSG00000175097 ENSG00000175097 0.006291820  -12.070625 -2.3550350 0.12256056
ENSG00000167332 ENSG00000167332 0.004086861   -9.678829 -0.6563855 0.10712709
ENSG00000112818 ENSG00000112818 0.007417408   -8.590125 -0.1968637 0.09940070
ENSG00000131747 ENSG00000131747 0.005601077   -8.058618 -0.1968637 0.09542964
ENSG00000141298 ENSG00000141298 0.132299314   -7.943478 -0.1968637 0.09455020
ENSG00000172410 ENSG00000172410 0.008581718   -7.711609 -0.1968637 0.09275722
                cellType.target std.logFC.rank     std.logFC.anno
ENSG00000175097          random              1  std logFC = 0.123
ENSG00000167332          random              2  std logFC = 0.107
ENSG00000112818          random              3  std logFC = 0.099
ENSG00000131747          random              4  std logFC = 0.095
ENSG00000141298          random              5  std logFC = 0.095
ENSG00000172410          random              6  std logFC = 0.093
[1] 20
Running 1vALL Testing for up-regulated genes
2024-09-08 00:16:26.954665 - Find markers for: other
2024-09-08 00:16:30.962693 - Find markers for: random
2024-09-08 00:16:34.910527 - Building Table
** Done! **

                           gene       logFC log.p.value    log.FDR  std.logFC
ENSG00000276747 ENSG00000276747 0.004255675  -12.560141 -2.8445510 0.12587824
ENSG00000179774 ENSG00000179774 0.007763008   -9.768214 -1.0461651 0.10805901
ENSG00000158406 ENSG00000158406 0.018680530   -9.391488 -1.0461651 0.10544870
ENSG00000109272 ENSG00000109272 0.001449778   -9.175151 -1.0461651 0.10392339
ENSG00000113108 ENSG00000113108 0.046789607   -9.152318 -1.0461651 0.10376124
ENSG00000124562 ENSG00000124562 0.044684539   -8.629123 -0.8111968 0.09998223
                cellType.target std.logFC.rank     std.logFC.anno
ENSG00000276747          random              1  std logFC = 0.126
ENSG00000179774          random              2  std logFC = 0.108
ENSG00000158406          random              3  std logFC = 0.105
ENSG00000109272          random              4  std logFC = 0.104
ENSG00000113108          random              5  std logFC = 0.104
ENSG00000124562          random              6    std logFC = 0.1
[1] 21
Running 1vALL Testing for up-regulated genes
2024-09-08 00:16:35.124058 - Find markers for: other
2024-09-08 00:16:39.296283 - Find markers for: random
2024-09-08 00:16:43.369983 - Building Table
** Done! **

                           gene       logFC log.p.value   log.FDR std.logFC
ENSG00000162391 ENSG00000162391 0.015771665  -10.430618 -1.911128 0.1122817
ENSG00000152253 ENSG00000152253 0.028295976  -10.278904 -1.911128 0.1112769
ENSG00000144644 ENSG00000144644 0.007669186  -10.245596 -1.911128 0.1110552
ENSG00000236699 ENSG00000236699 0.014550327  -10.138582 -1.911128 0.1103403
ENSG00000153132 ENSG00000153132 0.040243737  -10.017280 -1.911128 0.1095248
ENSG00000144655 ENSG00000144655 0.031964474   -9.489214 -1.744376 0.1059094
                cellType.target std.logFC.rank     std.logFC.anno
ENSG00000162391          random              1  std logFC = 0.112
ENSG00000152253          random              2  std logFC = 0.111
ENSG00000144644          random              3  std logFC = 0.111
ENSG00000236699          random              4   std logFC = 0.11
ENSG00000153132          random              5   std logFC = 0.11
ENSG00000144655          random              6  std logFC = 0.106
[1] 22
Running 1vALL Testing for up-regulated genes
2024-09-08 00:16:43.579647 - Find markers for: other
2024-09-08 00:16:48.460112 - Find markers for: random
2024-09-08 00:16:52.4199 - Building Table
** Done! **

                           gene       logFC log.p.value   log.FDR  std.logFC
ENSG00000119913 ENSG00000119913 0.001266901  -11.002055 -1.286464 0.11594451
ENSG00000187918 ENSG00000187918 0.005628859  -10.006898 -1.273658 0.10940628
ENSG00000092929 ENSG00000092929 0.043412847   -9.890637 -1.273658 0.10861942
ENSG00000197705 ENSG00000197705 0.017761688   -8.648003 -1.132996 0.09986720
ENSG00000145700 ENSG00000145700 0.045635053   -8.556810 -1.132996 0.09919808
ENSG00000174032 ENSG00000174032 0.031769062   -8.511176 -1.132996 0.09886174
                cellType.target std.logFC.rank     std.logFC.anno
ENSG00000119913          random              1  std logFC = 0.116
ENSG00000187918          random              2  std logFC = 0.109
ENSG00000092929          random              3  std logFC = 0.109
ENSG00000197705          random              4    std logFC = 0.1
ENSG00000145700          random              5  std logFC = 0.099
ENSG00000174032          random              6  std logFC = 0.099
[1] 23
Running 1vALL Testing for up-regulated genes
2024-09-08 00:16:52.613159 - Find markers for: other
2024-09-08 00:16:56.483491 - Find markers for: random
2024-09-08 00:17:00.550829 - Building Table
** Done! **

                           gene       logFC log.p.value    log.FDR  std.logFC
ENSG00000185264 ENSG00000185264 0.003984874  -11.480664 -1.7650731 0.11914297
ENSG00000147246 ENSG00000147246 0.248474987  -10.706066 -1.6836231 0.11419796
ENSG00000165370 ENSG00000165370 0.027716303   -9.640164 -1.0231854 0.10705928
ENSG00000104899 ENSG00000104899 0.025100852   -8.952264 -0.6229683 0.10221737
ENSG00000086288 ENSG00000086288 0.010146812   -8.702866 -0.5967136 0.10041100
ENSG00000033050 ENSG00000033050 0.045297854   -7.949762 -0.3226481 0.09477372
                cellType.target std.logFC.rank     std.logFC.anno
ENSG00000185264          random              1  std logFC = 0.119
ENSG00000147246          random              2  std logFC = 0.114
ENSG00000165370          random              3  std logFC = 0.107
ENSG00000104899          random              4  std logFC = 0.102
ENSG00000086288          random              5    std logFC = 0.1
ENSG00000033050          random              6  std logFC = 0.095
[1] 24
Running 1vALL Testing for up-regulated genes
2024-09-08 00:17:00.743598 - Find markers for: other
2024-09-08 00:17:04.658852 - Find markers for: random
2024-09-08 00:17:08.643722 - Building Table
** Done! **

                           gene       logFC log.p.value   log.FDR std.logFC
ENSG00000187796 ENSG00000187796 0.023178516  -11.775812 -2.740609 0.1206812
ENSG00000185811 ENSG00000185811 0.067896567  -11.763052 -2.740609 0.1206026
ENSG00000058673 ENSG00000058673 0.020026110  -10.790124 -2.370890 0.1144616
ENSG00000238243 ENSG00000238243 0.002018034  -10.700186 -2.370890 0.1138788
ENSG00000196655 ENSG00000196655 0.042267173   -9.469536 -1.363383 0.1056162
ENSG00000196126 ENSG00000196126 0.038377779   -9.282552 -1.358721 0.1043097
                cellType.target std.logFC.rank     std.logFC.anno
ENSG00000187796          random              1  std logFC = 0.121
ENSG00000185811          random              2  std logFC = 0.121
ENSG00000058673          random              3  std logFC = 0.114
ENSG00000238243          random              4  std logFC = 0.114
ENSG00000196655          random              5  std logFC = 0.106
ENSG00000196126          random              6  std logFC = 0.104
[1] 25
Running 1vALL Testing for up-regulated genes
2024-09-08 00:17:08.814977 - Find markers for: other
2024-09-08 00:17:12.70575 - Find markers for: random
2024-09-08 00:17:16.735673 - Building Table
** Done! **

                           gene       logFC log.p.value   log.FDR std.logFC
ENSG00000167757 ENSG00000167757 0.002847943  -11.967161 -2.251570 0.1217541
ENSG00000126790 ENSG00000126790 0.066940294  -11.086016 -2.097501 0.1162638
ENSG00000160392 ENSG00000160392 0.040887722  -10.620131 -2.097501 0.1132638
ENSG00000111145 ENSG00000111145 0.048603958  -10.426797 -2.097501 0.1119977
ENSG00000179023 ENSG00000179023 0.001924277  -10.090550 -2.011760 0.1097643
ENSG00000138379 ENSG00000138379 0.013251837   -9.935591 -2.011760 0.1087212
                cellType.target std.logFC.rank     std.logFC.anno
ENSG00000167757          random              1  std logFC = 0.122
ENSG00000126790          random              2  std logFC = 0.116
ENSG00000160392          random              3  std logFC = 0.113
ENSG00000111145          random              4  std logFC = 0.112
ENSG00000179023          random              5   std logFC = 0.11
ENSG00000138379          random              6  std logFC = 0.109
[1] 26
Running 1vALL Testing for up-regulated genes
2024-09-08 00:17:16.928853 - Find markers for: random
2024-09-08 00:17:20.873628 - Find markers for: other
2024-09-08 00:17:24.865085 - Building Table
** Done! **

                           gene       logFC log.p.value      log.FDR  std.logFC
ENSG00000283980 ENSG00000283980 0.002336890   -9.313993 -0.008287738 0.10483314
ENSG00000168887 ENSG00000168887 0.055737935   -8.645572 -0.008287738 0.10003479
ENSG00000129824 ENSG00000129824 0.069780769   -7.902337 -0.008287738 0.09444934
ENSG00000196664 ENSG00000196664 0.014322969   -7.681451 -0.008287738 0.09273300
ENSG00000172742 ENSG00000172742 0.007654035   -7.490765 -0.008287738 0.09122884
ENSG00000160868 ENSG00000160868 0.003495355   -7.460448 -0.008287738 0.09098771
                cellType.target std.logFC.rank     std.logFC.anno
ENSG00000283980          random              1  std logFC = 0.105
ENSG00000168887          random              2    std logFC = 0.1
ENSG00000129824          random              3  std logFC = 0.094
ENSG00000196664          random              4  std logFC = 0.093
ENSG00000172742          random              5  std logFC = 0.091
ENSG00000160868          random              6  std logFC = 0.091
[1] 27
Running 1vALL Testing for up-regulated genes
2024-09-08 00:17:25.061324 - Find markers for: other
2024-09-08 00:17:29.102935 - Find markers for: random
2024-09-08 00:17:33.159935 - Building Table
** Done! **

                           gene      logFC log.p.value   log.FDR std.logFC
ENSG00000108826 ENSG00000108826 0.05400766  -11.287012 -1.577144 0.1179937
ENSG00000120458 ENSG00000120458 0.08705513  -10.476365 -1.577144 0.1127603
ENSG00000143194 ENSG00000143194 0.04160244   -9.600720 -1.577144 0.1068498
ENSG00000114757 ENSG00000114757 0.22313148   -9.475825 -1.577144 0.1059828
ENSG00000153066 ENSG00000153066 0.08286267   -9.319341 -1.577144 0.1048875
ENSG00000145416 ENSG00000145416 0.21107965   -9.196031 -1.577144 0.1040172
                cellType.target std.logFC.rank     std.logFC.anno
ENSG00000108826          random              1  std logFC = 0.118
ENSG00000120458          random              2  std logFC = 0.113
ENSG00000143194          random              3  std logFC = 0.107
ENSG00000114757          random              4  std logFC = 0.106
ENSG00000153066          random              5  std logFC = 0.105
ENSG00000145416          random              6  std logFC = 0.104
[1] 28
Running 1vALL Testing for up-regulated genes
2024-09-08 00:17:33.359865 - Find markers for: other
2024-09-08 00:17:37.335191 - Find markers for: random
2024-09-08 00:17:41.35334 - Building Table
** Done! **

                           gene      logFC log.p.value    log.FDR std.logFC
ENSG00000165120 ENSG00000165120 0.00817783  -12.561171 -2.8455802 0.1259605
ENSG00000152766 ENSG00000152766 0.01138687  -10.497840 -1.4753970 0.1130289
ENSG00000101464 ENSG00000101464 0.11344524  -10.078844 -1.4618662 0.1102363
ENSG00000012822 ENSG00000012822 0.08438594   -9.280453 -0.9511566 0.1047316
ENSG00000101412 ENSG00000101412 0.02186897   -8.867931 -0.8719726 0.1017840
ENSG00000188177 ENSG00000188177 0.10738875   -8.785605 -0.8719726 0.1011867
                cellType.target std.logFC.rank     std.logFC.anno
ENSG00000165120          random              1  std logFC = 0.126
ENSG00000152766          random              2  std logFC = 0.113
ENSG00000101464          random              3   std logFC = 0.11
ENSG00000012822          random              4  std logFC = 0.105
ENSG00000101412          random              5  std logFC = 0.102
ENSG00000188177          random              6  std logFC = 0.101
[1] 29
Running 1vALL Testing for up-regulated genes
2024-09-08 00:17:41.544991 - Find markers for: other
2024-09-08 00:17:45.457571 - Find markers for: random
2024-09-08 00:17:49.564951 - Building Table
** Done! **

                           gene       logFC log.p.value    log.FDR  std.logFC
ENSG00000144837 ENSG00000144837 0.013937310  -15.251281 -5.5356906 0.14030966
ENSG00000270379 ENSG00000270379 0.009067180   -9.639264 -0.6168212 0.10657077
ENSG00000179855 ENSG00000179855 0.006798224   -8.739928 -0.1830960 0.10022764
ENSG00000170448 ENSG00000170448 0.076987087   -8.512392 -0.1830960 0.09856578
ENSG00000171530 ENSG00000171530 0.101741284   -7.935958 -0.1485946 0.09424115
ENSG00000130726 ENSG00000130726 0.046221100   -7.652675 -0.1485946 0.09205115
                cellType.target std.logFC.rank     std.logFC.anno
ENSG00000144837          random              1   std logFC = 0.14
ENSG00000270379          random              2  std logFC = 0.107
ENSG00000179855          random              3    std logFC = 0.1
ENSG00000170448          random              4  std logFC = 0.099
ENSG00000171530          random              5  std logFC = 0.094
ENSG00000130726          random              6  std logFC = 0.092
[1] 30
Running 1vALL Testing for up-regulated genes
2024-09-08 00:17:49.756691 - Find markers for: other
2024-09-08 00:17:53.729355 - Find markers for: random
2024-09-08 00:17:57.727939 - Building Table
** Done! **

                           gene       logFC log.p.value   log.FDR std.logFC
ENSG00000165661 ENSG00000165661 0.064632198  -10.186575 -1.344767 0.1107599
ENSG00000175279 ENSG00000175279 0.039457447   -9.752559 -1.344767 0.1078218
ENSG00000182752 ENSG00000182752 0.038766126   -9.723507 -1.344767 0.1076225
ENSG00000141753 ENSG00000141753 0.033015751   -9.524512 -1.344767 0.1062489
ENSG00000250374 ENSG00000250374 0.001726247   -9.198063 -1.344767 0.1039606
ENSG00000283992 ENSG00000283992 0.008551521   -9.097676 -1.344767 0.1032479
                cellType.target std.logFC.rank     std.logFC.anno
ENSG00000165661          random              1  std logFC = 0.111
ENSG00000175279          random              2  std logFC = 0.108
ENSG00000182752          random              3  std logFC = 0.108
ENSG00000141753          random              4  std logFC = 0.106
ENSG00000250374          random              5  std logFC = 0.104
ENSG00000283992          random              6  std logFC = 0.103
[1] 31
Running 1vALL Testing for up-regulated genes
2024-09-08 00:17:57.910856 - Find markers for: other
2024-09-08 00:18:01.9507 - Find markers for: random
2024-09-08 00:18:05.800257 - Building Table
** Done! **

                           gene       logFC log.p.value   log.FDR std.logFC
ENSG00000162520 ENSG00000162520 0.062719658  -13.932750 -4.217160 0.1339545
ENSG00000123545 ENSG00000123545 0.053409405  -11.897744 -2.875301 0.1219672
ENSG00000049283 ENSG00000049283 0.010041807  -11.151278 -2.534300 0.1172915
ENSG00000270170 ENSG00000270170 0.032163751   -9.693117 -1.576051 0.1076333
ENSG00000269437 ENSG00000269437 0.008491495   -9.682204 -1.576051 0.1075581
ENSG00000131019 ENSG00000131019 0.020258106   -9.218160 -1.399829 0.1043156
                cellType.target std.logFC.rank     std.logFC.anno
ENSG00000162520          random              1  std logFC = 0.134
ENSG00000123545          random              2  std logFC = 0.122
ENSG00000049283          random              3  std logFC = 0.117
ENSG00000270170          random              4  std logFC = 0.108
ENSG00000269437          random              5  std logFC = 0.108
ENSG00000131019          random              6  std logFC = 0.104
[1] 32
Running 1vALL Testing for up-regulated genes
2024-09-08 00:18:05.986145 - Find markers for: other
2024-09-08 00:18:09.94277 - Find markers for: random
2024-09-08 00:18:14.061152 - Building Table
** Done! **

                           gene       logFC log.p.value   log.FDR std.logFC
ENSG00000161249 ENSG00000161249 0.067974088  -11.551256 -1.835665 0.1189141
ENSG00000254901 ENSG00000254901 0.048990128  -10.782182 -1.759738 0.1140495
ENSG00000187242 ENSG00000187242 0.001622564   -9.676208 -1.059230 0.1067061
ENSG00000156398 ENSG00000156398 0.057692845   -9.309201 -1.013328 0.1041674
ENSG00000166484 ENSG00000166484 0.020334430   -8.962164 -1.013328 0.1017151
ENSG00000125900 ENSG00000125900 0.012748183   -8.782004 -1.013328 0.1004212
                cellType.target std.logFC.rank     std.logFC.anno
ENSG00000161249          random              1  std logFC = 0.119
ENSG00000254901          random              2  std logFC = 0.114
ENSG00000187242          random              3  std logFC = 0.107
ENSG00000156398          random              4  std logFC = 0.104
ENSG00000166484          random              5  std logFC = 0.102
ENSG00000125900          random              6    std logFC = 0.1
[1] 33
Running 1vALL Testing for up-regulated genes
2024-09-08 00:18:14.241979 - Find markers for: other
2024-09-08 00:18:18.193525 - Find markers for: random
2024-09-08 00:18:22.389067 - Building Table
** Done! **

                           gene       logFC log.p.value   log.FDR std.logFC
ENSG00000110436 ENSG00000110436 0.178958388  -10.460440 -1.766397 0.1124459
ENSG00000136160 ENSG00000136160 0.062352028  -10.295582 -1.766397 0.1113557
ENSG00000090581 ENSG00000090581 0.089802972  -10.224021 -1.766397 0.1108794
ENSG00000136932 ENSG00000136932 0.039676610  -10.095693 -1.766397 0.1100208
ENSG00000105894 ENSG00000105894 0.134297677   -9.638798 -1.740031 0.1069137
ENSG00000169154 ENSG00000169154 0.004028231   -9.492371 -1.740031 0.1059008
                cellType.target std.logFC.rank     std.logFC.anno
ENSG00000110436          random              1  std logFC = 0.112
ENSG00000136160          random              2  std logFC = 0.111
ENSG00000090581          random              3  std logFC = 0.111
ENSG00000136932          random              4   std logFC = 0.11
ENSG00000105894          random              5  std logFC = 0.107
ENSG00000169154          random              6  std logFC = 0.106
[1] 34
Running 1vALL Testing for up-regulated genes
2024-09-08 00:18:22.587289 - Find markers for: other
2024-09-08 00:18:26.805857 - Find markers for: random
2024-09-08 00:18:30.743993 - Building Table
** Done! **

                           gene       logFC log.p.value   log.FDR std.logFC
ENSG00000075336 ENSG00000075336 0.051500983  -10.316837 -1.457539 0.1116381
ENSG00000117691 ENSG00000117691 0.083618935   -9.258846 -1.457539 0.1043993
ENSG00000198610 ENSG00000198610 0.003644857   -9.230596 -1.457539 0.1041999
ENSG00000163701 ENSG00000163701 0.036504108   -9.158437 -1.457539 0.1036890
ENSG00000120549 ENSG00000120549 0.177871074   -9.062107 -1.457539 0.1030035
ENSG00000089723 ENSG00000089723 0.021602161   -8.982578 -1.457539 0.1024344
                cellType.target std.logFC.rank     std.logFC.anno
ENSG00000075336          random              1  std logFC = 0.112
ENSG00000117691          random              2  std logFC = 0.104
ENSG00000198610          random              3  std logFC = 0.104
ENSG00000163701          random              4  std logFC = 0.104
ENSG00000120549          random              5  std logFC = 0.103
ENSG00000089723          random              6  std logFC = 0.102
[1] 35
Running 1vALL Testing for up-regulated genes
2024-09-08 00:18:30.941365 - Find markers for: other
2024-09-08 00:18:35.197766 - Find markers for: random
2024-09-08 00:18:39.369604 - Building Table
** Done! **

                           gene      logFC log.p.value   log.FDR std.logFC
ENSG00000100902 ENSG00000100902 0.08663041  -10.205697 -1.635808 0.1110127
ENSG00000106615 ENSG00000106615 0.10520740   -9.737067 -1.635808 0.1078370
ENSG00000204922 ENSG00000204922 0.02858182   -9.722841 -1.635808 0.1077393
ENSG00000109586 ENSG00000109586 0.12945490   -9.632897 -1.635808 0.1071196
ENSG00000168913 ENSG00000168913 0.04709775   -9.398010 -1.635808 0.1054862
ENSG00000205795 ENSG00000205795 0.03460415   -9.308089 -1.635808 0.1048549
                cellType.target std.logFC.rank     std.logFC.anno
ENSG00000100902          random              1  std logFC = 0.111
ENSG00000106615          random              2  std logFC = 0.108
ENSG00000204922          random              3  std logFC = 0.108
ENSG00000109586          random              4  std logFC = 0.107
ENSG00000168913          random              5  std logFC = 0.105
ENSG00000205795          random              6  std logFC = 0.105
[1] 36
Running 1vALL Testing for up-regulated genes
2024-09-08 00:18:39.568885 - Find markers for: other
2024-09-08 00:18:43.886255 - Find markers for: random
2024-09-08 00:18:48.211632 - Building Table
** Done! **

                           gene       logFC log.p.value  log.FDR std.logFC
ENSG00000012232 ENSG00000012232 0.093811299   -9.967225 -1.40938 0.1092173
ENSG00000176920 ENSG00000176920 0.016351243   -9.637046 -1.40938 0.1069626
ENSG00000070540 ENSG00000070540 0.053377696   -9.297428 -1.40938 0.1045982
ENSG00000120370 ENSG00000120370 0.044634604   -9.199983 -1.40938 0.1039110
ENSG00000107485 ENSG00000107485 0.008029323   -9.117849 -1.40938 0.1033286
ENSG00000204843 ENSG00000204843 0.078978316   -9.088362 -1.40938 0.1031188
                cellType.target std.logFC.rank     std.logFC.anno
ENSG00000012232          random              1  std logFC = 0.109
ENSG00000176920          random              2  std logFC = 0.107
ENSG00000070540          random              3  std logFC = 0.105
ENSG00000120370          random              4  std logFC = 0.104
ENSG00000107485          random              5  std logFC = 0.103
ENSG00000204843          random              6  std logFC = 0.103
[1] 37
Running 1vALL Testing for up-regulated genes
2024-09-08 00:18:48.413292 - Find markers for: other
2024-09-08 00:18:52.507572 - Find markers for: random
2024-09-08 00:18:56.439801 - Building Table
** Done! **

                           gene       logFC log.p.value   log.FDR  std.logFC
ENSG00000188163 ENSG00000188163 0.004526612   -9.331806 -0.147019 0.10534172
ENSG00000083454 ENSG00000083454 0.038854611   -8.627200 -0.147019 0.10026492
ENSG00000239857 ENSG00000239857 0.018411791   -8.329401 -0.147019 0.09804980
ENSG00000203730 ENSG00000203730 0.001502686   -8.171255 -0.147019 0.09685542
ENSG00000168398 ENSG00000168398 0.023777984   -8.096342 -0.147019 0.09628513
ENSG00000054938 ENSG00000054938 0.008697755   -7.968221 -0.147019 0.09530288
                cellType.target std.logFC.rank     std.logFC.anno
ENSG00000188163          random              1  std logFC = 0.105
ENSG00000083454          random              2    std logFC = 0.1
ENSG00000239857          random              3  std logFC = 0.098
ENSG00000203730          random              4  std logFC = 0.097
ENSG00000168398          random              5  std logFC = 0.096
ENSG00000054938          random              6  std logFC = 0.095
[1] 38
Running 1vALL Testing for up-regulated genes
2024-09-08 00:18:56.62592 - Find markers for: other
2024-09-08 00:19:00.550947 - Find markers for: random
2024-09-08 00:19:04.609293 - Building Table
** Done! **

                           gene       logFC log.p.value   log.FDR std.logFC
ENSG00000205022 ENSG00000205022 0.007174554  -12.851954 -3.136363 0.1273896
ENSG00000196954 ENSG00000196954 0.022174432  -10.506851 -1.484408 0.1128252
ENSG00000070610 ENSG00000070610 0.068796874   -9.429834 -1.080408 0.1055348
ENSG00000272333 ENSG00000272333 0.067095126   -9.398933 -1.080408 0.1053190
ENSG00000149925 ENSG00000149925 0.020539818   -9.116436 -1.080408 0.1033276
ENSG00000125872 ENSG00000125872 0.013104471   -9.004239 -1.080408 0.1025272
                cellType.target std.logFC.rank     std.logFC.anno
ENSG00000205022          random              1  std logFC = 0.127
ENSG00000196954          random              2  std logFC = 0.113
ENSG00000070610          random              3  std logFC = 0.106
ENSG00000272333          random              4  std logFC = 0.105
ENSG00000149925          random              5  std logFC = 0.103
ENSG00000125872          random              6  std logFC = 0.103
[1] 39
Running 1vALL Testing for up-regulated genes
2024-09-08 00:19:04.817797 - Find markers for: other
2024-09-08 00:19:08.741649 - Find markers for: random
2024-09-08 00:19:12.904842 - Building Table
** Done! **

                           gene       logFC log.p.value    log.FDR std.logFC
ENSG00000198753 ENSG00000198753 0.032474521  -11.181853 -1.4662623 0.1175414
ENSG00000128284 ENSG00000128284 0.019665932   -9.822784 -0.9433787 0.1085743
ENSG00000196754 ENSG00000196754 0.009640220   -9.560357 -0.9433787 0.1067653
ENSG00000215045 ENSG00000215045 0.030056919   -9.103262 -0.8541646 0.1035474
ENSG00000017483 ENSG00000017483 0.017902347   -8.960317 -0.8541646 0.1025227
ENSG00000183598 ENSG00000183598 0.004884544   -8.653247 -0.7341162 0.1002902
                cellType.target std.logFC.rank     std.logFC.anno
ENSG00000198753          random              1  std logFC = 0.118
ENSG00000128284          random              2  std logFC = 0.109
ENSG00000196754          random              3  std logFC = 0.107
ENSG00000215045          random              4  std logFC = 0.104
ENSG00000017483          random              5  std logFC = 0.103
ENSG00000183598          random              6    std logFC = 0.1
[1] 40
Running 1vALL Testing for up-regulated genes
2024-09-08 00:19:13.110426 - Find markers for: other
2024-09-08 00:19:17.135741 - Find markers for: random
2024-09-08 00:19:21.127347 - Building Table
** Done! **

                           gene       logFC log.p.value  log.FDR  std.logFC
ENSG00000099817 ENSG00000099817 0.054641999   -9.241179 -0.58847 0.10406696
ENSG00000104823 ENSG00000104823 0.050081060   -8.673287 -0.58847 0.09999469
ENSG00000100014 ENSG00000100014 0.113888000   -8.596694 -0.58847 0.09943419
ENSG00000145949 ENSG00000145949 0.036445817   -8.570535 -0.58847 0.09924214
ENSG00000171540 ENSG00000171540 0.004106092   -8.559247 -0.58847 0.09915915
ENSG00000148019 ENSG00000148019 0.084175549   -8.469921 -0.58847 0.09850035
                cellType.target std.logFC.rank     std.logFC.anno
ENSG00000099817          random              1  std logFC = 0.104
ENSG00000104823          random              2    std logFC = 0.1
ENSG00000100014          random              3  std logFC = 0.099
ENSG00000145949          random              4  std logFC = 0.099
ENSG00000171540          random              5  std logFC = 0.099
ENSG00000148019          random              6  std logFC = 0.099
[1] 41
Running 1vALL Testing for up-regulated genes
2024-09-08 00:19:21.309175 - Find markers for: other
2024-09-08 00:19:25.355548 - Find markers for: random
2024-09-08 00:19:29.410816 - Building Table
** Done! **

                           gene       logFC log.p.value    log.FDR  std.logFC
ENSG00000196704 ENSG00000196704 0.054327392   -9.330380 -0.8655137 0.10485438
ENSG00000137745 ENSG00000137745 0.001403872   -9.117914 -0.8655137 0.10335340
ENSG00000176294 ENSG00000176294 0.008052384   -8.800364 -0.8655137 0.10107331
ENSG00000105171 ENSG00000105171 0.030752469   -8.642377 -0.8655137 0.09992183
ENSG00000206043 ENSG00000206043 0.005313764   -8.544715 -0.8655137 0.09920414
ENSG00000179889 ENSG00000179889 0.091379424   -8.337408 -0.8655137 0.09766536
                cellType.target std.logFC.rank     std.logFC.anno
ENSG00000196704          random              1  std logFC = 0.105
ENSG00000137745          random              2  std logFC = 0.103
ENSG00000176294          random              3  std logFC = 0.101
ENSG00000105171          random              4    std logFC = 0.1
ENSG00000206043          random              5  std logFC = 0.099
ENSG00000179889          random              6  std logFC = 0.098
[1] 42
Running 1vALL Testing for up-regulated genes
2024-09-08 00:19:29.597801 - Find markers for: other
2024-09-08 00:19:33.544799 - Find markers for: random
2024-09-08 00:19:37.56094 - Building Table
** Done! **

                           gene        logFC log.p.value    log.FDR std.logFC
ENSG00000214814 ENSG00000214814 0.0205867606  -10.068155 -0.7178956 0.1100427
ENSG00000168060 ENSG00000168060 0.0113127279   -9.186577 -0.7178956 0.1039525
ENSG00000175097 ENSG00000175097 0.0052932356   -9.063506 -0.7178956 0.1030769
ENSG00000100867 ENSG00000100867 0.0070942268   -9.047192 -0.7178956 0.1029604
ENSG00000186652 ENSG00000186652 0.0009237711   -8.811862 -0.7057098 0.1012657
ENSG00000121152 ENSG00000121152 0.0114049188   -8.598644 -0.6748134 0.0997084
                cellType.target std.logFC.rank     std.logFC.anno
ENSG00000214814          random              1   std logFC = 0.11
ENSG00000168060          random              2  std logFC = 0.104
ENSG00000175097          random              3  std logFC = 0.103
ENSG00000100867          random              4  std logFC = 0.103
ENSG00000186652          random              5  std logFC = 0.101
ENSG00000121152          random              6    std logFC = 0.1
[1] 43
Running 1vALL Testing for up-regulated genes
2024-09-08 00:19:37.73969 - Find markers for: random
2024-09-08 00:19:41.668695 - Find markers for: other
2024-09-08 00:19:45.812206 - Building Table
** Done! **

                           gene       logFC log.p.value    log.FDR  std.logFC
ENSG00000117215 ENSG00000117215 0.002704351  -11.038390 -1.8114909 0.11682467
ENSG00000112378 ENSG00000112378 0.029946329  -10.833934 -1.8114909 0.11550393
ENSG00000001036 ENSG00000001036 0.048980704   -9.843646 -1.2266679 0.10890375
ENSG00000148110 ENSG00000148110 0.080590766   -9.545129 -1.2158325 0.10684274
ENSG00000099910 ENSG00000099910 0.103032419   -8.535601 -0.5672378 0.09959408
ENSG00000103353 ENSG00000103353 0.054680949   -8.385277 -0.5672378 0.09847457
                cellType.target std.logFC.rank     std.logFC.anno
ENSG00000117215          random              1  std logFC = 0.117
ENSG00000112378          random              2  std logFC = 0.116
ENSG00000001036          random              3  std logFC = 0.109
ENSG00000148110          random              4  std logFC = 0.107
ENSG00000099910          random              5    std logFC = 0.1
ENSG00000103353          random              6  std logFC = 0.098
[1] 44
Running 1vALL Testing for up-regulated genes
2024-09-08 00:19:45.988452 - Find markers for: other
2024-09-08 00:19:50.071802 - Find markers for: random
2024-09-08 00:19:54.127666 - Building Table
** Done! **

                           gene       logFC log.p.value    log.FDR  std.logFC
ENSG00000188782 ENSG00000188782 0.003881508   -9.360031 -0.1980663 0.10464582
ENSG00000188986 ENSG00000188986 0.055330471   -8.501268 -0.1980663 0.09849136
ENSG00000069011 ENSG00000069011 0.002781158   -8.372542 -0.1980663 0.09753941
ENSG00000160867 ENSG00000160867 0.013180874   -7.872346 -0.1980663 0.09376036
ENSG00000148156 ENSG00000148156 0.001113063   -7.655120 -0.1980663 0.09207723
ENSG00000116251 ENSG00000116251 0.072080692   -7.484864 -0.1980663 0.09073916
                cellType.target std.logFC.rank     std.logFC.anno
ENSG00000188782          random              1  std logFC = 0.105
ENSG00000188986          random              2  std logFC = 0.098
ENSG00000069011          random              3  std logFC = 0.098
ENSG00000160867          random              4  std logFC = 0.094
ENSG00000148156          random              5  std logFC = 0.092
ENSG00000116251          random              6  std logFC = 0.091
[1] 45
Running 1vALL Testing for up-regulated genes
2024-09-08 00:19:54.311509 - Find markers for: other
2024-09-08 00:19:58.342399 - Find markers for: random
2024-09-08 00:20:02.248125 - Building Table
** Done! **

                           gene       logFC log.p.value   log.FDR std.logFC
ENSG00000204310 ENSG00000204310 0.059465197  -10.107491 -1.175118 0.1098822
ENSG00000197622 ENSG00000197622 0.066365999   -9.126324 -1.175118 0.1031256
ENSG00000185231 ENSG00000185231 0.001251059   -9.084299 -1.175118 0.1028274
ENSG00000126785 ENSG00000126785 0.059057356   -8.936004 -1.175118 0.1017689
ENSG00000126895 ENSG00000126895 0.004329767   -8.854097 -1.175118 0.1011801
ENSG00000168267 ENSG00000168267 0.004354353   -8.839095 -1.175118 0.1010719
                cellType.target std.logFC.rank     std.logFC.anno
ENSG00000204310          random              1   std logFC = 0.11
ENSG00000197622          random              2  std logFC = 0.103
ENSG00000185231          random              3  std logFC = 0.103
ENSG00000126785          random              4  std logFC = 0.102
ENSG00000126895          random              5  std logFC = 0.101
ENSG00000168267          random              6  std logFC = 0.101
[1] 46
Running 1vALL Testing for up-regulated genes
2024-09-08 00:20:02.442676 - Find markers for: other
2024-09-08 00:20:06.519721 - Find markers for: random
2024-09-08 00:20:10.43657 - Building Table
** Done! **

                           gene       logFC log.p.value    log.FDR  std.logFC
ENSG00000267467 ENSG00000267467 0.007773043  -10.789273 -1.0736826 0.11466315
ENSG00000135966 ENSG00000135966 0.067713449   -9.548574 -0.8653867 0.10635615
ENSG00000116981 ENSG00000116981 0.018499988   -9.482365 -0.8653867 0.10589651
ENSG00000083544 ENSG00000083544 0.118504861   -8.627640 -0.6023002 0.09979501
ENSG00000116833 ENSG00000116833 0.012589380   -8.131794 -0.6023002 0.09609974
ENSG00000196388 ENSG00000196388 0.012425965   -8.128987 -0.6023002 0.09607846
                cellType.target std.logFC.rank     std.logFC.anno
ENSG00000267467          random              1  std logFC = 0.115
ENSG00000135966          random              2  std logFC = 0.106
ENSG00000116981          random              3  std logFC = 0.106
ENSG00000083544          random              4    std logFC = 0.1
ENSG00000116833          random              5  std logFC = 0.096
ENSG00000196388          random              6  std logFC = 0.096
[1] 47
Running 1vALL Testing for up-regulated genes
2024-09-08 00:20:10.62926 - Find markers for: random
2024-09-08 00:20:14.52462 - Find markers for: other
2024-09-08 00:20:18.624164 - Building Table
** Done! **

                           gene       logFC log.p.value    log.FDR std.logFC
ENSG00000100558 ENSG00000100558 0.005909867  -15.053722 -5.3381313 0.1406711
ENSG00000125845 ENSG00000125845 0.026151550  -11.635032 -2.6125885 0.1207852
ENSG00000280094 ENSG00000280094 0.003341229   -9.679231 -1.0622526 0.1079351
ENSG00000082126 ENSG00000082126 0.026856192   -8.971701 -0.9093647 0.1029355
ENSG00000237353 ENSG00000237353 0.004082602   -8.821018 -0.9093647 0.1018427
ENSG00000102858 ENSG00000102858 0.096157891   -8.639747 -0.9093647 0.1005142
                cellType.target std.logFC.rank     std.logFC.anno
ENSG00000100558          random              1  std logFC = 0.141
ENSG00000125845          random              2  std logFC = 0.121
ENSG00000280094          random              3  std logFC = 0.108
ENSG00000082126          random              4  std logFC = 0.103
ENSG00000237353          random              5  std logFC = 0.102
ENSG00000102858          random              6  std logFC = 0.101
[1] 48
Running 1vALL Testing for up-regulated genes
2024-09-08 00:20:18.822336 - Find markers for: other
2024-09-08 00:20:22.834881 - Find markers for: random
2024-09-08 00:20:26.73981 - Building Table
** Done! **

                           gene       logFC log.p.value   log.FDR std.logFC
ENSG00000178773 ENSG00000178773 0.057877677  -13.183603 -3.468012 0.1292196
ENSG00000166448 ENSG00000166448 0.138068878  -12.180743 -3.158299 0.1232777
ENSG00000145649 ENSG00000145649 0.004807078  -11.742345 -3.125367 0.1205964
ENSG00000198840 ENSG00000198840 0.168698455  -11.311495 -2.982199 0.1179074
ENSG00000198712 ENSG00000198712 0.167808589   -9.716250 -1.610097 0.1074265
ENSG00000118690 ENSG00000118690 0.130723137   -9.052768 -1.234737 0.1027877
                cellType.target std.logFC.rank     std.logFC.anno
ENSG00000178773          random              1  std logFC = 0.129
ENSG00000166448          random              2  std logFC = 0.123
ENSG00000145649          random              3  std logFC = 0.121
ENSG00000198840          random              4  std logFC = 0.118
ENSG00000198712          random              5  std logFC = 0.107
ENSG00000118690          random              6  std logFC = 0.103
[1] 49
Running 1vALL Testing for up-regulated genes
2024-09-08 00:20:26.913555 - Find markers for: other
2024-09-08 00:20:30.94472 - Find markers for: random
2024-09-08 00:20:34.865219 - Building Table
** Done! **

                           gene       logFC log.p.value    log.FDR  std.logFC
ENSG00000171812 ENSG00000171812 0.022433261  -10.925245 -1.5691332 0.11554737
ENSG00000102048 ENSG00000102048 0.004017761  -10.591576 -1.5691332 0.11338264
ENSG00000128342 ENSG00000128342 0.004611863   -9.592002 -0.9750241 0.10666276
ENSG00000157106 ENSG00000157106 0.112796417   -9.284218 -0.9549218 0.10451614
ENSG00000203942 ENSG00000203942 0.003455157   -8.940962 -0.8348096 0.10207497
ENSG00000164485 ENSG00000164485 0.002425937   -8.463744 -0.6744224 0.09859266
                cellType.target std.logFC.rank     std.logFC.anno
ENSG00000171812          random              1  std logFC = 0.116
ENSG00000102048          random              2  std logFC = 0.113
ENSG00000128342          random              3  std logFC = 0.107
ENSG00000157106          random              4  std logFC = 0.105
ENSG00000203942          random              5  std logFC = 0.102
ENSG00000164485          random              6  std logFC = 0.099
[1] 50
Running 1vALL Testing for up-regulated genes
2024-09-08 00:20:35.064655 - Find markers for: other
2024-09-08 00:20:39.246057 - Find markers for: random
2024-09-08 00:20:43.300354 - Building Table
** Done! **

                           gene       logFC log.p.value   log.FDR std.logFC
ENSG00000185924 ENSG00000185924 0.083260708  -11.818964 -2.103374 0.1212562
ENSG00000225805 ENSG00000225805 0.006126006  -10.380325 -1.704566 0.1120699
ENSG00000132388 ENSG00000132388 0.112894629   -9.914940 -1.704566 0.1089495
ENSG00000158887 ENSG00000158887 0.021520015   -9.784833 -1.704566 0.1080627
ENSG00000188691 ENSG00000188691 0.001963735   -9.595689 -1.704566 0.1067618
ENSG00000187959 ENSG00000187959 0.011407382   -9.581674 -1.704566 0.1066649
                cellType.target std.logFC.rank     std.logFC.anno
ENSG00000185924          random              1  std logFC = 0.121
ENSG00000225805          random              2  std logFC = 0.112
ENSG00000132388          random              3  std logFC = 0.109
ENSG00000158887          random              4  std logFC = 0.108
ENSG00000188691          random              5  std logFC = 0.107
ENSG00000187959          random              6  std logFC = 0.107
[1] 51
Running 1vALL Testing for up-regulated genes
2024-09-08 00:20:43.512025 - Find markers for: other
2024-09-08 00:20:47.611657 - Find markers for: random
2024-09-08 00:20:51.675845 - Building Table
** Done! **

                           gene       logFC log.p.value   log.FDR std.logFC
ENSG00000125977 ENSG00000125977 0.084964718  -10.018121 -1.232385 0.1100829
ENSG00000197540 ENSG00000197540 0.010131930   -9.518488 -1.232385 0.1066479
ENSG00000186318 ENSG00000186318 0.109323364   -9.503283 -1.232385 0.1065418
ENSG00000137975 ENSG00000137975 0.008616584   -9.370424 -1.232385 0.1056108
ENSG00000083642 ENSG00000083642 0.130761167   -9.338538 -1.232385 0.1053863
ENSG00000126217 ENSG00000126217 0.111588236   -8.822992 -1.045906 0.1016953
                cellType.target std.logFC.rank     std.logFC.anno
ENSG00000125977          random              1   std logFC = 0.11
ENSG00000197540          random              2  std logFC = 0.107
ENSG00000186318          random              3  std logFC = 0.107
ENSG00000137975          random              4  std logFC = 0.106
ENSG00000083642          random              5  std logFC = 0.105
ENSG00000126217          random              6  std logFC = 0.102
[1] 52
Running 1vALL Testing for up-regulated genes
2024-09-08 00:20:51.879863 - Find markers for: other
2024-09-08 00:20:55.99347 - Find markers for: random
2024-09-08 00:21:00.026033 - Building Table
** Done! **

                           gene       logFC log.p.value    log.FDR  std.logFC
ENSG00000282164 ENSG00000282164 0.020472582   -8.919707 -0.5234289 0.10227341
ENSG00000130675 ENSG00000130675 0.004861822   -8.476476 -0.5234289 0.09902711
ENSG00000126353 ENSG00000126353 0.006202537   -8.430828 -0.5234289 0.09868746
ENSG00000105640 ENSG00000105640 0.065702133   -8.414455 -0.5234289 0.09856537
ENSG00000011143 ENSG00000011143 0.044883635   -8.327814 -0.5234289 0.09791713
ENSG00000148735 ENSG00000148735 0.003185680   -8.310339 -0.5234289 0.09778593
                cellType.target std.logFC.rank     std.logFC.anno
ENSG00000282164          random              1  std logFC = 0.102
ENSG00000130675          random              2  std logFC = 0.099
ENSG00000126353          random              3  std logFC = 0.099
ENSG00000105640          random              4  std logFC = 0.099
ENSG00000011143          random              5  std logFC = 0.098
ENSG00000148735          random              6  std logFC = 0.098
[1] 53
Running 1vALL Testing for up-regulated genes
2024-09-08 00:21:00.220377 - Find markers for: other
2024-09-08 00:21:04.167213 - Find markers for: random
2024-09-08 00:21:08.184411 - Building Table
** Done! **

                           gene       logFC log.p.value    log.FDR std.logFC
ENSG00000152591 ENSG00000152591 0.002643840  -12.072589 -2.3569980 0.1223529
ENSG00000154451 ENSG00000154451 0.009401155  -11.179984 -2.1575408 0.1168193
ENSG00000241644 ENSG00000241644 0.020445319  -10.051819 -1.4348410 0.1094658
ENSG00000128340 ENSG00000128340 0.011409734   -9.724985 -1.3956893 0.1072512
ENSG00000198104 ENSG00000198104 0.009190116   -9.086019 -0.9798665 0.1027992
ENSG00000244355 ENSG00000244355 0.002846468   -8.697314 -0.9198415 0.1000052
                cellType.target std.logFC.rank     std.logFC.anno
ENSG00000152591          random              1  std logFC = 0.122
ENSG00000154451          random              2  std logFC = 0.117
ENSG00000241644          random              3  std logFC = 0.109
ENSG00000128340          random              4  std logFC = 0.107
ENSG00000198104          random              5  std logFC = 0.103
ENSG00000244355          random              6    std logFC = 0.1
[1] 54
Running 1vALL Testing for up-regulated genes
2024-09-08 00:21:08.370401 - Find markers for: other
2024-09-08 00:21:12.375744 - Find markers for: random
2024-09-08 00:21:16.324392 - Building Table
** Done! **

                           gene       logFC log.p.value    log.FDR  std.logFC
ENSG00000178033 ENSG00000178033 0.006162206  -10.882420 -1.1668295 0.11511146
ENSG00000171169 ENSG00000171169 0.020522484   -9.443584 -0.5174009 0.10548574
ENSG00000166069 ENSG00000166069 0.004569503   -8.925609 -0.5174009 0.10182292
ENSG00000171540 ENSG00000171540 0.004140916   -8.674045 -0.5174009 0.10000129
ENSG00000125388 ENSG00000125388 0.097321752   -8.359587 -0.5174009 0.09768225
ENSG00000181240 ENSG00000181240 0.034397509   -8.321363 -0.5174009 0.09739706
                cellType.target std.logFC.rank     std.logFC.anno
ENSG00000178033          random              1  std logFC = 0.115
ENSG00000171169          random              2  std logFC = 0.105
ENSG00000166069          random              3  std logFC = 0.102
ENSG00000171540          random              4    std logFC = 0.1
ENSG00000125388          random              5  std logFC = 0.098
ENSG00000181240          random              6  std logFC = 0.097
[1] 55
Running 1vALL Testing for up-regulated genes
2024-09-08 00:21:16.523265 - Find markers for: other
2024-09-08 00:21:20.494161 - Find markers for: random
2024-09-08 00:21:24.53402 - Building Table
** Done! **

                           gene       logFC log.p.value    log.FDR  std.logFC
ENSG00000183035 ENSG00000183035 0.005181461  -12.824250 -3.1086598 0.12728078
ENSG00000116748 ENSG00000116748 0.002822108  -11.184653 -2.1622101 0.11725344
ENSG00000171501 ENSG00000171501 0.001295344   -9.317914 -0.7113274 0.10479606
ENSG00000138755 ENSG00000138755 0.003915228   -8.847952 -0.7113274 0.10144618
ENSG00000123908 ENSG00000123908 0.113290866   -8.817480 -0.7113274 0.10122559
ENSG00000126353 ENSG00000126353 0.005806847   -7.644271 -0.2917825 0.09238438
                cellType.target std.logFC.rank     std.logFC.anno
ENSG00000183035          random              1  std logFC = 0.127
ENSG00000116748          random              2  std logFC = 0.117
ENSG00000171501          random              3  std logFC = 0.105
ENSG00000138755          random              4  std logFC = 0.101
ENSG00000123908          random              5  std logFC = 0.101
ENSG00000126353          random              6  std logFC = 0.092
[1] 56
Running 1vALL Testing for up-regulated genes
2024-09-08 00:21:24.709509 - Find markers for: other
2024-09-08 00:21:28.593783 - Find markers for: random
2024-09-08 00:21:32.649071 - Building Table
** Done! **

                           gene       logFC log.p.value   log.FDR std.logFC
ENSG00000164049 ENSG00000164049 0.032470353  -11.049843 -1.385029 0.1166166
ENSG00000162040 ENSG00000162040 0.002874783   -9.975614 -1.385029 0.1095393
ENSG00000117472 ENSG00000117472 0.008095941   -9.868677 -1.385029 0.1088122
ENSG00000140030 ENSG00000140030 0.013499649   -9.714325 -1.385029 0.1077550
ENSG00000176142 ENSG00000176142 0.059959293   -9.308943 -1.304153 0.1049332
ENSG00000079393 ENSG00000079393 0.004277662   -8.953939 -1.304153 0.1024055
                cellType.target std.logFC.rank     std.logFC.anno
ENSG00000164049          random              1  std logFC = 0.117
ENSG00000162040          random              2   std logFC = 0.11
ENSG00000117472          random              3  std logFC = 0.109
ENSG00000140030          random              4  std logFC = 0.108
ENSG00000176142          random              5  std logFC = 0.105
ENSG00000079393          random              6  std logFC = 0.102
[1] 57
Running 1vALL Testing for up-regulated genes
2024-09-08 00:21:32.866503 - Find markers for: other
2024-09-08 00:21:36.901107 - Find markers for: random
2024-09-08 00:21:40.963472 - Building Table
** Done! **

                           gene       logFC log.p.value    log.FDR  std.logFC
ENSG00000149499 ENSG00000149499 0.044390720  -12.970320 -3.2547294 0.12791181
ENSG00000175920 ENSG00000175920 0.033638989  -10.970031 -1.9475875 0.11567701
ENSG00000110492 ENSG00000110492 0.024027713   -9.109571 -0.7529603 0.10313949
ENSG00000256394 ENSG00000256394 0.002072617   -8.963087 -0.7529603 0.10209431
ENSG00000077044 ENSG00000077044 0.114496636   -8.859113 -0.7529603 0.10134666
ENSG00000124222 ENSG00000124222 0.108268165   -8.620159 -0.7428901 0.09960966
                cellType.target std.logFC.rank     std.logFC.anno
ENSG00000149499          random              1  std logFC = 0.128
ENSG00000175920          random              2  std logFC = 0.116
ENSG00000110492          random              3  std logFC = 0.103
ENSG00000256394          random              4  std logFC = 0.102
ENSG00000077044          random              5  std logFC = 0.101
ENSG00000124222          random              6    std logFC = 0.1
[1] 58
Running 1vALL Testing for up-regulated genes
2024-09-08 00:21:41.164863 - Find markers for: other
2024-09-08 00:21:45.243651 - Find markers for: random
2024-09-08 00:21:49.367586 - Building Table
** Done! **

                           gene       logFC log.p.value   log.FDR  std.logFC
ENSG00000164485 ENSG00000164485 0.002762846  -10.379437 -0.948306 0.11230695
ENSG00000182223 ENSG00000182223 0.011378556   -9.911738 -0.948306 0.10916388
ENSG00000239306 ENSG00000239306 0.077866376   -8.999522 -0.948306 0.10278812
ENSG00000173557 ENSG00000173557 0.023243297   -8.779382 -0.948306 0.10119628
ENSG00000180628 ENSG00000180628 0.123701100   -8.592015 -0.948306 0.09982380
ENSG00000167644 ENSG00000167644 0.005583982   -8.572740 -0.948306 0.09968167
                cellType.target std.logFC.rank     std.logFC.anno
ENSG00000164485          random              1  std logFC = 0.112
ENSG00000182223          random              2  std logFC = 0.109
ENSG00000239306          random              3  std logFC = 0.103
ENSG00000173557          random              4  std logFC = 0.101
ENSG00000180628          random              5    std logFC = 0.1
ENSG00000167644          random              6    std logFC = 0.1
[1] 59
Running 1vALL Testing for up-regulated genes
2024-09-08 00:21:49.548725 - Find markers for: other
2024-09-08 00:21:53.450134 - Find markers for: random
2024-09-08 00:21:57.310613 - Building Table
** Done! **

                           gene       logFC log.p.value    log.FDR  std.logFC
ENSG00000180083 ENSG00000180083 0.004771813  -12.351123 -2.6355329 0.12411082
ENSG00000275835 ENSG00000275835 0.090050288   -9.821418 -0.7989751 0.10797611
ENSG00000101115 ENSG00000101115 0.012561763   -9.354651 -0.7376725 0.10475666
ENSG00000237036 ENSG00000237036 0.072970182   -9.013205 -0.6839087 0.10234472
ENSG00000175592 ENSG00000175592 0.011749935   -8.711517 -0.6544686 0.10017095
ENSG00000126561 ENSG00000126561 0.032368662   -8.405013 -0.6544686 0.09791903
                cellType.target std.logFC.rank     std.logFC.anno
ENSG00000180083          random              1  std logFC = 0.124
ENSG00000275835          random              2  std logFC = 0.108
ENSG00000101115          random              3  std logFC = 0.105
ENSG00000237036          random              4  std logFC = 0.102
ENSG00000175592          random              5    std logFC = 0.1
ENSG00000126561          random              6  std logFC = 0.098
[1] 60
Running 1vALL Testing for up-regulated genes
2024-09-08 00:21:57.520431 - Find markers for: other
2024-09-08 00:22:01.539311 - Find markers for: random
2024-09-08 00:22:05.601075 - Building Table
** Done! **

                           gene       logFC log.p.value    log.FDR  std.logFC
ENSG00000162618 ENSG00000162618 0.038234669   -9.334438 -0.4004670 0.10496522
ENSG00000089248 ENSG00000089248 0.053689509   -9.240505 -0.4004670 0.10430364
ENSG00000168925 ENSG00000168925 0.005202592   -8.634204 -0.4004670 0.09994036
ENSG00000175707 ENSG00000175707 0.002920281   -8.522575 -0.4004670 0.09911858
ENSG00000157343 ENSG00000157343 0.013478467   -8.506620 -0.4004670 0.09900063
ENSG00000111679 ENSG00000111679 0.019119816   -8.307791 -0.3981529 0.09752031
                cellType.target std.logFC.rank     std.logFC.anno
ENSG00000162618          random              1  std logFC = 0.105
ENSG00000089248          random              2  std logFC = 0.104
ENSG00000168925          random              3    std logFC = 0.1
ENSG00000175707          random              4  std logFC = 0.099
ENSG00000157343          random              5  std logFC = 0.099
ENSG00000111679          random              6  std logFC = 0.098
[1] 61
Running 1vALL Testing for up-regulated genes
2024-09-08 00:22:05.788399 - Find markers for: random
2024-09-08 00:22:09.906072 - Find markers for: other
2024-09-08 00:22:13.909163 - Building Table
** Done! **

                           gene       logFC log.p.value    log.FDR  std.logFC
ENSG00000089472 ENSG00000089472 0.059499250  -10.246149 -0.5305589 0.11074482
ENSG00000136542 ENSG00000136542 0.008066486   -9.491362 -0.4689185 0.10562474
ENSG00000100968 ENSG00000100968 0.028394586   -8.737983 -0.3785333 0.10028365
ENSG00000016490 ENSG00000016490 0.003535331   -8.532303 -0.3785333 0.09878125
ENSG00000162493 ENSG00000162493 0.026910319   -8.484686 -0.3785333 0.09843055
ENSG00000100312 ENSG00000100312 0.006458029   -8.142711 -0.3383032 0.09587896
                cellType.target std.logFC.rank     std.logFC.anno
ENSG00000089472          random              1  std logFC = 0.111
ENSG00000136542          random              2  std logFC = 0.106
ENSG00000100968          random              3    std logFC = 0.1
ENSG00000016490          random              4  std logFC = 0.099
ENSG00000162493          random              5  std logFC = 0.098
ENSG00000100312          random              6  std logFC = 0.096
[1] 62
Running 1vALL Testing for up-regulated genes
2024-09-08 00:22:14.149998 - Find markers for: random
2024-09-08 00:22:18.261975 - Find markers for: other
2024-09-08 00:22:22.236701 - Building Table
** Done! **

                           gene      logFC log.p.value   log.FDR std.logFC
ENSG00000100567 ENSG00000100567 0.08319328  -13.336158 -3.620567 0.1300361
ENSG00000108107 ENSG00000108107 0.11212117  -11.022522 -2.283892 0.1160137
ENSG00000106268 ENSG00000106268 0.02147498  -10.823937 -2.283892 0.1147379
ENSG00000108509 ENSG00000108509 0.07386071  -10.613188 -2.283892 0.1133697
ENSG00000163462 ENSG00000163462 0.06103471   -9.265804 -1.311468 0.1042446
ENSG00000112874 ENSG00000112874 0.04351269   -9.080999 -1.311468 0.1029370
                cellType.target std.logFC.rank     std.logFC.anno
ENSG00000100567          random              1   std logFC = 0.13
ENSG00000108107          random              2  std logFC = 0.116
ENSG00000106268          random              3  std logFC = 0.115
ENSG00000108509          random              4  std logFC = 0.113
ENSG00000163462          random              5  std logFC = 0.104
ENSG00000112874          random              6  std logFC = 0.103
[1] 63
Running 1vALL Testing for up-regulated genes
2024-09-08 00:22:22.430632 - Find markers for: other
2024-09-08 00:22:26.440667 - Find markers for: random
2024-09-08 00:22:30.414513 - Building Table
** Done! **

                           gene       logFC log.p.value   log.FDR std.logFC
ENSG00000031003 ENSG00000031003 0.128075083  -10.104901 -1.127097 0.1099768
ENSG00000197471 ENSG00000197471 0.013985402   -9.755693 -1.127097 0.1076128
ENSG00000154734 ENSG00000154734 0.045309007   -9.277780 -1.127097 0.1043002
ENSG00000106070 ENSG00000106070 0.134761117   -9.240354 -1.127097 0.1040368
ENSG00000167244 ENSG00000167244 0.003269988   -9.127282 -1.127097 0.1032375
ENSG00000167588 ENSG00000167588 0.033332853   -8.935851 -1.127097 0.1018716
                cellType.target std.logFC.rank     std.logFC.anno
ENSG00000031003          random              1   std logFC = 0.11
ENSG00000197471          random              2  std logFC = 0.108
ENSG00000154734          random              3  std logFC = 0.104
ENSG00000106070          random              4  std logFC = 0.104
ENSG00000167244          random              5  std logFC = 0.103
ENSG00000167588          random              6  std logFC = 0.102
[1] 64
Running 1vALL Testing for up-regulated genes
2024-09-08 00:22:30.607493 - Find markers for: other
2024-09-08 00:22:34.682882 - Find markers for: random
2024-09-08 00:22:38.546061 - Building Table
** Done! **

                           gene       logFC log.p.value      log.FDR  std.logFC
ENSG00000163263 ENSG00000163263 0.014736499  -10.538250 -0.822659164 0.11318237
ENSG00000184140 ENSG00000184140 0.004836310   -9.530810 -0.613278331 0.10637924
ENSG00000179580 ENSG00000179580 0.001617038   -9.230257 -0.613278331 0.10427315
ENSG00000082175 ENSG00000082175 0.032040598   -8.101421 -0.009202892 0.09600131
ENSG00000187116 ENSG00000187116 0.003524647   -7.788849 -0.009202892 0.09359820
ENSG00000105135 ENSG00000105135 0.038023249   -7.611336 -0.009202892 0.09220927
                cellType.target std.logFC.rank     std.logFC.anno
ENSG00000163263          random              1  std logFC = 0.113
ENSG00000184140          random              2  std logFC = 0.106
ENSG00000179580          random              3  std logFC = 0.104
ENSG00000082175          random              4  std logFC = 0.096
ENSG00000187116          random              5  std logFC = 0.094
ENSG00000105135          random              6  std logFC = 0.092
[1] 65
Running 1vALL Testing for up-regulated genes
2024-09-08 00:22:38.72411 - Find markers for: other
2024-09-08 00:22:42.759166 - Find markers for: random
2024-09-08 00:22:46.639428 - Building Table
** Done! **

                           gene       logFC log.p.value    log.FDR  std.logFC
ENSG00000010319 ENSG00000010319 0.015533527  -11.723737 -2.0081470 0.12047779
ENSG00000185246 ENSG00000185246 0.091548237   -9.805598 -1.2993760 0.10803435
ENSG00000270882 ENSG00000270882 0.004994494   -9.659950 -1.2993760 0.10703663
ENSG00000132952 ENSG00000132952 0.074014738   -9.628672 -1.2993760 0.10682128
ENSG00000164307 ENSG00000164307 0.054339602   -8.671167 -0.5650144 0.10003071
ENSG00000147601 ENSG00000147601 0.086527554   -8.137050 -0.2365570 0.09605991
                cellType.target std.logFC.rank     std.logFC.anno
ENSG00000010319          random              1   std logFC = 0.12
ENSG00000185246          random              2  std logFC = 0.108
ENSG00000270882          random              3  std logFC = 0.107
ENSG00000132952          random              4  std logFC = 0.107
ENSG00000164307          random              5    std logFC = 0.1
ENSG00000147601          random              6  std logFC = 0.096
[1] 66
Running 1vALL Testing for up-regulated genes
2024-09-08 00:22:46.824971 - Find markers for: random
2024-09-08 00:22:50.693688 - Find markers for: other
2024-09-08 00:22:54.742249 - Building Table
** Done! **

                           gene       logFC log.p.value   log.FDR std.logFC
ENSG00000139899 ENSG00000139899 0.013170351  -13.247919 -4.279591 0.1299276
ENSG00000214413 ENSG00000214413 0.102634971  -13.031475 -4.279591 0.1286666
ENSG00000090932 ENSG00000090932 0.029817081  -12.896569 -4.279591 0.1278750
ENSG00000171824 ENSG00000171824 0.088895452   -9.575642 -1.443439 0.1067340
ENSG00000197249 ENSG00000197249 0.009327407   -9.360351 -1.443439 0.1052326
ENSG00000167244 ENSG00000167244 0.003316877   -9.287411 -1.443439 0.1047195
                cellType.target std.logFC.rank     std.logFC.anno
ENSG00000139899          random              1   std logFC = 0.13
ENSG00000214413          random              2  std logFC = 0.129
ENSG00000090932          random              3  std logFC = 0.128
ENSG00000171824          random              4  std logFC = 0.107
ENSG00000197249          random              5  std logFC = 0.105
ENSG00000167244          random              6  std logFC = 0.105
[1] 67
Running 1vALL Testing for up-regulated genes
2024-09-08 00:22:54.95806 - Find markers for: other
2024-09-08 00:22:58.923998 - Find markers for: random
2024-09-08 00:23:02.922822 - Building Table
** Done! **

                           gene       logFC log.p.value    log.FDR std.logFC
ENSG00000168124 ENSG00000168124 0.003057267  -12.064421 -2.3488303 0.1230532
ENSG00000089050 ENSG00000089050 0.033675635   -9.924815 -0.9023715 0.1092760
ENSG00000143303 ENSG00000143303 0.048704988   -9.452312 -0.8353343 0.1060180
ENSG00000141434 ENSG00000141434 0.013263321   -9.066006 -0.7367094 0.1032865
ENSG00000156509 ENSG00000156509 0.016650210   -8.669921 -0.5637689 0.1004178
ENSG00000038002 ENSG00000038002 0.040897862   -8.449193 -0.5253620 0.0987873
                cellType.target std.logFC.rank     std.logFC.anno
ENSG00000168124          random              1  std logFC = 0.123
ENSG00000089050          random              2  std logFC = 0.109
ENSG00000143303          random              3  std logFC = 0.106
ENSG00000141434          random              4  std logFC = 0.103
ENSG00000156509          random              5    std logFC = 0.1
ENSG00000038002          random              6  std logFC = 0.099
[1] 68
Running 1vALL Testing for up-regulated genes
2024-09-08 00:23:03.11423 - Find markers for: other
2024-09-08 00:23:07.196114 - Find markers for: random
2024-09-08 00:23:11.216444 - Building Table
** Done! **

                           gene       logFC log.p.value   log.FDR std.logFC
ENSG00000073578 ENSG00000073578 0.116557163  -16.134810 -6.419219 0.1459794
ENSG00000204616 ENSG00000204616 0.002237116  -14.692132 -5.669688 0.1382575
ENSG00000139163 ENSG00000139163 0.121247198  -10.084911 -1.467933 0.1103634
ENSG00000005381 ENSG00000005381 0.006011241   -9.755906 -1.465518 0.1081244
ENSG00000196337 ENSG00000196337 0.001248615   -9.377237 -1.465518 0.1054949
ENSG00000095209 ENSG00000095209 0.078141961   -9.307739 -1.465518 0.1050060
                cellType.target std.logFC.rank     std.logFC.anno
ENSG00000073578          random              1  std logFC = 0.146
ENSG00000204616          random              2  std logFC = 0.138
ENSG00000139163          random              3   std logFC = 0.11
ENSG00000005381          random              4  std logFC = 0.108
ENSG00000196337          random              5  std logFC = 0.105
ENSG00000095209          random              6  std logFC = 0.105
[1] 69
Running 1vALL Testing for up-regulated genes
2024-09-08 00:23:11.412141 - Find markers for: random
2024-09-08 00:23:15.349527 - Find markers for: other
2024-09-08 00:23:19.30969 - Building Table
** Done! **

                           gene       logFC log.p.value   log.FDR std.logFC
ENSG00000150201 ENSG00000150201 0.007325777  -11.096183 -1.380593 0.1166327
ENSG00000161921 ENSG00000161921 0.021964041   -9.592148 -1.281602 0.1066550
ENSG00000240184 ENSG00000240184 0.028984857   -9.540648 -1.281602 0.1062986
ENSG00000103111 ENSG00000103111 0.060983970   -9.521214 -1.281602 0.1061638
ENSG00000135932 ENSG00000135932 0.111453298   -9.387755 -1.281602 0.1052340
ENSG00000139644 ENSG00000139644 0.102603674   -9.013469 -1.215032 0.1025865
                cellType.target std.logFC.rank     std.logFC.anno
ENSG00000150201          random              1  std logFC = 0.117
ENSG00000161921          random              2  std logFC = 0.107
ENSG00000240184          random              3  std logFC = 0.106
ENSG00000103111          random              4  std logFC = 0.106
ENSG00000135932          random              5  std logFC = 0.105
ENSG00000139644          random              6  std logFC = 0.103
[1] 70
Running 1vALL Testing for up-regulated genes
2024-09-08 00:23:19.491188 - Find markers for: other
2024-09-08 00:23:23.528809 - Find markers for: random
2024-09-08 00:23:27.456607 - Building Table
** Done! **

                           gene       logFC log.p.value    log.FDR  std.logFC
ENSG00000169676 ENSG00000169676 0.013816127  -13.296769 -3.5811787 0.12930669
ENSG00000130595 ENSG00000130595 0.002502527  -11.218146 -2.1957030 0.11680453
ENSG00000012211 ENSG00000012211 0.015977289   -9.389351 -0.8591169 0.10470399
ENSG00000105058 ENSG00000105058 0.034134625   -9.188413 -0.8591169 0.10329753
ENSG00000100124 ENSG00000100124 0.057619909   -8.767240 -0.6610870 0.10029297
ENSG00000186603 ENSG00000186603 0.006457257   -7.747706 -0.2048373 0.09266839
                cellType.target std.logFC.rank     std.logFC.anno
ENSG00000169676          random              1  std logFC = 0.129
ENSG00000130595          random              2  std logFC = 0.117
ENSG00000012211          random              3  std logFC = 0.105
ENSG00000105058          random              4  std logFC = 0.103
ENSG00000100124          random              5    std logFC = 0.1
ENSG00000186603          random              6  std logFC = 0.093
[1] 71
Running 1vALL Testing for up-regulated genes
2024-09-08 00:23:27.642687 - Find markers for: other
2024-09-08 00:23:31.618722 - Find markers for: random
2024-09-08 00:23:35.600971 - Building Table
** Done! **

                           gene       logFC log.p.value   log.FDR  std.logFC
ENSG00000173250 ENSG00000173250 0.003050977  -11.165227 -1.449636 0.11707530
ENSG00000143032 ENSG00000143032 0.003897157   -8.412819 -0.177767 0.09820911
ENSG00000054938 ENSG00000054938 0.008829458   -8.217640 -0.177767 0.09674841
ENSG00000087116 ENSG00000087116 0.055612255   -7.923582 -0.177767 0.09451053
ENSG00000162227 ENSG00000162227 0.040867679   -7.838432 -0.177767 0.09385383
ENSG00000273841 ENSG00000273841 0.034972571   -7.802246 -0.177767 0.09357354
                cellType.target std.logFC.rank     std.logFC.anno
ENSG00000173250          random              1  std logFC = 0.117
ENSG00000143032          random              2  std logFC = 0.098
ENSG00000054938          random              3  std logFC = 0.097
ENSG00000087116          random              4  std logFC = 0.095
ENSG00000162227          random              5  std logFC = 0.094
ENSG00000273841          random              6  std logFC = 0.094
[1] 72
Running 1vALL Testing for up-regulated genes
2024-09-08 00:23:35.788055 - Find markers for: other
2024-09-08 00:23:39.823766 - Find markers for: random
2024-09-08 00:23:43.726694 - Building Table
** Done! **

                           gene       logFC log.p.value   log.FDR std.logFC
ENSG00000164691 ENSG00000164691 0.019979343  -10.834405 -1.759535 0.1148635
ENSG00000172320 ENSG00000172320 0.003353452  -10.781978 -1.759535 0.1145246
ENSG00000136231 ENSG00000136231 0.040120438   -9.281257 -1.410073 0.1044061
ENSG00000103066 ENSG00000103066 0.044017062   -9.148964 -1.410073 0.1034719
ENSG00000176769 ENSG00000176769 0.096243541   -9.082708 -1.410073 0.1030013
ENSG00000128253 ENSG00000128253 0.056165461   -9.020048 -1.410073 0.1025544
                cellType.target std.logFC.rank     std.logFC.anno
ENSG00000164691          random              1  std logFC = 0.115
ENSG00000172320          random              2  std logFC = 0.115
ENSG00000136231          random              3  std logFC = 0.104
ENSG00000103066          random              4  std logFC = 0.103
ENSG00000176769          random              5  std logFC = 0.103
ENSG00000128253          random              6  std logFC = 0.103
[1] 73
Running 1vALL Testing for up-regulated genes
2024-09-08 00:23:43.903131 - Find markers for: other
2024-09-08 00:23:47.917305 - Find markers for: random
2024-09-08 00:23:51.869275 - Building Table
** Done! **

                           gene      logFC log.p.value  log.FDR std.logFC
ENSG00000173465 ENSG00000173465 0.02186291  -10.552668 -1.43016 0.1132455
ENSG00000164615 ENSG00000164615 0.07517244   -9.952405 -1.43016 0.1092419
ENSG00000196570 ENSG00000196570 0.00414292   -9.011870 -1.43016 0.1026902
ENSG00000099995 ENSG00000099995 0.04736067   -8.966440 -1.43016 0.1023643
ENSG00000086232 ENSG00000086232 0.07527349   -8.951706 -1.43016 0.1022584
ENSG00000173991 ENSG00000173991 0.02270226   -8.903993 -1.43016 0.1019149
                cellType.target std.logFC.rank     std.logFC.anno
ENSG00000173465          random              1  std logFC = 0.113
ENSG00000164615          random              2  std logFC = 0.109
ENSG00000196570          random              3  std logFC = 0.103
ENSG00000099995          random              4  std logFC = 0.102
ENSG00000086232          random              5  std logFC = 0.102
ENSG00000173991          random              6  std logFC = 0.102
[1] 74
Running 1vALL Testing for up-regulated genes
2024-09-08 00:23:52.067027 - Find markers for: random
2024-09-08 00:23:56.288438 - Find markers for: other
2024-09-08 00:24:00.367854 - Building Table
** Done! **

                           gene       logFC log.p.value   log.FDR std.logFC
ENSG00000170608 ENSG00000170608 0.005717265  -13.048144 -3.332554 0.1284601
ENSG00000187037 ENSG00000187037 0.002992736  -11.969348 -2.946905 0.1220184
ENSG00000164695 ENSG00000164695 0.006607360  -10.224604 -1.607626 0.1108876
ENSG00000105392 ENSG00000105392 0.008841810   -9.304155 -1.000732 0.1045899
ENSG00000100239 ENSG00000100239 0.119332663   -9.075883 -1.000732 0.1029752
ENSG00000145192 ENSG00000145192 0.006142851   -8.785586 -1.000732 0.1008887
                cellType.target std.logFC.rank     std.logFC.anno
ENSG00000170608          random              1  std logFC = 0.128
ENSG00000187037          random              2  std logFC = 0.122
ENSG00000164695          random              3  std logFC = 0.111
ENSG00000105392          random              4  std logFC = 0.105
ENSG00000100239          random              5  std logFC = 0.103
ENSG00000145192          random              6  std logFC = 0.101
[1] 75
Running 1vALL Testing for up-regulated genes
2024-09-08 00:24:00.556392 - Find markers for: other
2024-09-08 00:24:04.491565 - Find markers for: random
2024-09-08 00:24:08.474297 - Building Table
** Done! **

                           gene       logFC log.p.value   log.FDR std.logFC
ENSG00000169583 ENSG00000169583 0.005094910   -9.690091 -0.965272 0.1078930
ENSG00000188917 ENSG00000188917 0.053756986   -9.608516 -0.965272 0.1073281
ENSG00000007314 ENSG00000007314 0.005603830   -9.181649 -0.965272 0.1043279
ENSG00000163530 ENSG00000163530 0.004939744   -9.014089 -0.965272 0.1031290
ENSG00000139405 ENSG00000139405 0.034720387   -8.860495 -0.965272 0.1020192
ENSG00000102103 ENSG00000102103 0.039366614   -8.761449 -0.965272 0.1012978
                cellType.target std.logFC.rank     std.logFC.anno
ENSG00000169583          random              1  std logFC = 0.108
ENSG00000188917          random              2  std logFC = 0.107
ENSG00000007314          random              3  std logFC = 0.104
ENSG00000163530          random              4  std logFC = 0.103
ENSG00000139405          random              5  std logFC = 0.102
ENSG00000102103          random              6  std logFC = 0.101
[1] 76
Running 1vALL Testing for up-regulated genes
2024-09-08 00:24:08.667016 - Find markers for: other
2024-09-08 00:24:12.589148 - Find markers for: random
2024-09-08 00:24:16.621694 - Building Table
** Done! **

                           gene       logFC log.p.value   log.FDR std.logFC
ENSG00000174667 ENSG00000174667 0.003387693  -13.154828 -3.439237 0.1291820
ENSG00000174697 ENSG00000174697 0.007244363  -11.585190 -2.562746 0.1197418
ENSG00000072080 ENSG00000072080 0.005009036  -10.868997 -2.252019 0.1152018
ENSG00000183153 ENSG00000183153 0.006896874  -10.506897 -2.177601 0.1128438
ENSG00000108406 ENSG00000108406 0.069953582   -9.907714 -1.801561 0.1088412
ENSG00000104549 ENSG00000104549 0.082894840   -9.399275 -1.475444 0.1053385
                cellType.target std.logFC.rank     std.logFC.anno
ENSG00000174667          random              1  std logFC = 0.129
ENSG00000174697          random              2   std logFC = 0.12
ENSG00000072080          random              3  std logFC = 0.115
ENSG00000183153          random              4  std logFC = 0.113
ENSG00000108406          random              5  std logFC = 0.109
ENSG00000104549          random              6  std logFC = 0.105
[1] 77
Running 1vALL Testing for up-regulated genes
2024-09-08 00:24:16.792608 - Find markers for: random
2024-09-08 00:24:20.797298 - Find markers for: other
2024-09-08 00:24:24.839139 - Building Table
** Done! **

                           gene       logFC log.p.value    log.FDR  std.logFC
ENSG00000109758 ENSG00000109758 0.016529500  -10.428442 -0.7128514 0.11233760
ENSG00000215029 ENSG00000215029 0.002586742   -9.247907 -0.6914600 0.10428536
ENSG00000164855 ENSG00000164855 0.009218626   -8.953084 -0.6914600 0.10218661
ENSG00000003249 ENSG00000003249 0.025092732   -8.915067 -0.6914600 0.10191319
ENSG00000196878 ENSG00000196878 0.017176209   -8.765931 -0.6914600 0.10083429
ENSG00000274997 ENSG00000274997 0.003395331   -8.502266 -0.6914600 0.09890152
                cellType.target std.logFC.rank     std.logFC.anno
ENSG00000109758          random              1  std logFC = 0.112
ENSG00000215029          random              2  std logFC = 0.104
ENSG00000164855          random              3  std logFC = 0.102
ENSG00000003249          random              4  std logFC = 0.102
ENSG00000196878          random              5  std logFC = 0.101
ENSG00000274997          random              6  std logFC = 0.099
[1] 78
Running 1vALL Testing for up-regulated genes
2024-09-08 00:24:25.034006 - Find markers for: other
2024-09-08 00:24:28.974066 - Find markers for: random
2024-09-08 00:24:32.925929 - Building Table
** Done! **

                           gene       logFC log.p.value    log.FDR std.logFC
ENSG00000151725 ENSG00000151725 0.019542457  -10.497379 -1.4147827 0.1127012
ENSG00000167972 ENSG00000167972 0.111118038  -10.437226 -1.4147827 0.1123053
ENSG00000113209 ENSG00000113209 0.029330753   -9.876283 -1.2593051 0.1085506
ENSG00000102854 ENSG00000102854 0.004444722   -9.463317 -1.1340205 0.1057104
ENSG00000174939 ENSG00000174939 0.072374701   -8.827671 -0.9378229 0.1012008
ENSG00000143171 ENSG00000143171 0.046803053   -8.622497 -0.9378229 0.0997068
                cellType.target std.logFC.rank     std.logFC.anno
ENSG00000151725          random              1  std logFC = 0.113
ENSG00000167972          random              2  std logFC = 0.112
ENSG00000113209          random              3  std logFC = 0.109
ENSG00000102854          random              4  std logFC = 0.106
ENSG00000174939          random              5  std logFC = 0.101
ENSG00000143171          random              6    std logFC = 0.1
[1] 79
Running 1vALL Testing for up-regulated genes
2024-09-08 00:24:33.120883 - Find markers for: other
2024-09-08 00:24:37.032316 - Find markers for: random
2024-09-08 00:24:40.903413 - Building Table
** Done! **

                           gene       logFC log.p.value    log.FDR  std.logFC
ENSG00000161980 ENSG00000161980 0.032528297  -12.421381 -2.7057907 0.12476692
ENSG00000149196 ENSG00000149196 0.078614107   -9.849667 -1.2225020 0.10837249
ENSG00000198650 ENSG00000198650 0.004439125   -9.626581 -1.2225020 0.10684420
ENSG00000088836 ENSG00000088836 0.012417427   -9.551798 -1.2225020 0.10632750
ENSG00000166529 ENSG00000166529 0.044229483   -8.593003 -0.5685468 0.09949308
ENSG00000137501 ENSG00000137501 0.087224943   -8.388538 -0.5685468 0.09798139
                cellType.target std.logFC.rank     std.logFC.anno
ENSG00000161980          random              1  std logFC = 0.125
ENSG00000149196          random              2  std logFC = 0.108
ENSG00000198650          random              3  std logFC = 0.107
ENSG00000088836          random              4  std logFC = 0.106
ENSG00000166529          random              5  std logFC = 0.099
ENSG00000137501          random              6  std logFC = 0.098
[1] 80
Running 1vALL Testing for up-regulated genes
2024-09-08 00:24:41.098365 - Find markers for: other
2024-09-08 00:24:45.223042 - Find markers for: random
2024-09-08 00:24:49.144959 - Building Table
** Done! **

                           gene       logFC log.p.value   log.FDR std.logFC
ENSG00000198937 ENSG00000198937 0.033765118   -9.906638 -1.202037 0.1087663
ENSG00000111704 ENSG00000111704 0.028929445   -9.869295 -1.202037 0.1085126
ENSG00000184361 ENSG00000184361 0.010489660   -9.472462 -1.202037 0.1057833
ENSG00000099985 ENSG00000099985 0.005176244   -9.343145 -1.202037 0.1048802
ENSG00000165457 ENSG00000165457 0.008961732   -9.308190 -1.202037 0.1046350
ENSG00000213901 ENSG00000213901 0.008964801   -9.004425 -1.080594 0.1024814
                cellType.target std.logFC.rank     std.logFC.anno
ENSG00000198937          random              1  std logFC = 0.109
ENSG00000111704          random              2  std logFC = 0.109
ENSG00000184361          random              3  std logFC = 0.106
ENSG00000099985          random              4  std logFC = 0.105
ENSG00000165457          random              5  std logFC = 0.105
ENSG00000213901          random              6  std logFC = 0.102
[1] 81
Running 1vALL Testing for up-regulated genes
2024-09-08 00:24:49.33193 - Find markers for: random
2024-09-08 00:24:53.430741 - Find markers for: other
2024-09-08 00:24:57.467172 - Building Table
** Done! **

                           gene       logFC log.p.value    log.FDR std.logFC
ENSG00000111331 ENSG00000111331 0.027681958  -11.597489 -1.8818990 0.1200376
ENSG00000100121 ENSG00000100121 0.007371800  -10.748286 -1.7258422 0.1146299
ENSG00000283267 ENSG00000283267 0.002919716  -10.215095 -1.5981172 0.1111136
ENSG00000181541 ENSG00000181541 0.005029188   -9.627209 -1.2979129 0.1071170
ENSG00000187855 ENSG00000187855 0.002782352   -8.857912 -0.9251759 0.1016770
ENSG00000186867 ENSG00000186867 0.032984514   -8.837234 -0.9251759 0.1015272
                cellType.target std.logFC.rank     std.logFC.anno
ENSG00000111331          random              1   std logFC = 0.12
ENSG00000100121          random              2  std logFC = 0.115
ENSG00000283267          random              3  std logFC = 0.111
ENSG00000181541          random              4  std logFC = 0.107
ENSG00000187855          random              5  std logFC = 0.102
ENSG00000186867          random              6  std logFC = 0.102
[1] 82
Running 1vALL Testing for up-regulated genes
2024-09-08 00:24:57.64978 - Find markers for: other
2024-09-08 00:25:01.583301 - Find markers for: random
2024-09-08 00:25:05.728081 - Building Table
** Done! **

                           gene      logFC log.p.value    log.FDR  std.logFC
ENSG00000124074 ENSG00000124074 0.04049873  -11.455016 -1.7394260 0.11838752
ENSG00000152234 ENSG00000152234 0.08298976  -10.381985 -1.3595420 0.11151058
ENSG00000160678 ENSG00000160678 0.03135362   -9.133477 -0.7129905 0.10299499
ENSG00000164463 ENSG00000164463 0.09522393   -8.851093 -0.7129905 0.10098076
ENSG00000124209 ENSG00000124209 0.08253886   -8.688093 -0.7129905 0.09980176
ENSG00000204922 ENSG00000204922 0.02635812   -8.625525 -0.7129905 0.09934592
                cellType.target std.logFC.rank     std.logFC.anno
ENSG00000124074          random              1  std logFC = 0.118
ENSG00000152234          random              2  std logFC = 0.112
ENSG00000160678          random              3  std logFC = 0.103
ENSG00000164463          random              4  std logFC = 0.101
ENSG00000124209          random              5    std logFC = 0.1
ENSG00000204922          random              6  std logFC = 0.099
[1] 83
Running 1vALL Testing for up-regulated genes
2024-09-08 00:25:05.92621 - Find markers for: other
2024-09-08 00:25:09.866044 - Find markers for: random
2024-09-08 00:25:13.952894 - Building Table
** Done! **

                           gene       logFC log.p.value    log.FDR std.logFC
ENSG00000158457 ENSG00000158457 0.043651985  -10.685533 -1.1938728 0.1139914
ENSG00000126778 ENSG00000126778 0.007099780  -10.184394 -1.1938728 0.1106851
ENSG00000151014 ENSG00000151014 0.051392447   -9.810851 -1.1938728 0.1081617
ENSG00000164893 ENSG00000164893 0.008327135   -8.836633 -0.7289698 0.1013187
ENSG00000009724 ENSG00000009724 0.007465053   -8.791529 -0.7289698 0.1009919
ENSG00000084734 ENSG00000084734 0.016702773   -8.601318 -0.7289698 0.0996036
                cellType.target std.logFC.rank     std.logFC.anno
ENSG00000158457          random              1  std logFC = 0.114
ENSG00000126778          random              2  std logFC = 0.111
ENSG00000151014          random              3  std logFC = 0.108
ENSG00000164893          random              4  std logFC = 0.101
ENSG00000009724          random              5  std logFC = 0.101
ENSG00000084734          random              6    std logFC = 0.1
[1] 84
Running 1vALL Testing for up-regulated genes
2024-09-08 00:25:14.148327 - Find markers for: other
2024-09-08 00:25:18.119165 - Find markers for: random
2024-09-08 00:25:22.099907 - Building Table
** Done! **

                           gene       logFC log.p.value   log.FDR std.logFC
ENSG00000102349 ENSG00000102349 0.065915392  -12.974074 -3.258483 0.1284012
ENSG00000185264 ENSG00000185264 0.004016749  -11.601169 -2.913840 0.1200975
ENSG00000168237 ENSG00000168237 0.029696393  -11.530818 -2.913840 0.1196579
ENSG00000270882 ENSG00000270882 0.005389372  -10.879147 -2.549851 0.1155137
ENSG00000116754 ENSG00000116754 0.117572909   -9.156436 -1.274721 0.1038500
ENSG00000015676 ENSG00000015676 0.106051882   -9.076026 -1.274721 0.1032770
                cellType.target std.logFC.rank     std.logFC.anno
ENSG00000102349          random              1  std logFC = 0.128
ENSG00000185264          random              2   std logFC = 0.12
ENSG00000168237          random              3   std logFC = 0.12
ENSG00000270882          random              4  std logFC = 0.116
ENSG00000116754          random              5  std logFC = 0.104
ENSG00000015676          random              6  std logFC = 0.103
[1] 85
Running 1vALL Testing for up-regulated genes
2024-09-08 00:25:22.291805 - Find markers for: other
2024-09-08 00:25:26.210487 - Find markers for: random
2024-09-08 00:25:30.187057 - Building Table
** Done! **

                           gene       logFC log.p.value   log.FDR std.logFC
ENSG00000079393 ENSG00000079393 0.005248484  -12.538126 -2.822536 0.1256929
ENSG00000101307 ENSG00000101307 0.014387199  -10.616042 -2.236633 0.1136881
ENSG00000124226 ENSG00000124226 0.082677643  -10.592262 -2.236633 0.1135324
ENSG00000121898 ENSG00000121898 0.072769851  -10.565929 -2.236633 0.1133597
ENSG00000035862 ENSG00000035862 0.124525165   -9.797076 -1.835100 0.1082103
ENSG00000144535 ENSG00000144535 0.124750409   -9.659889 -1.835100 0.1072683
                cellType.target std.logFC.rank     std.logFC.anno
ENSG00000079393          random              1  std logFC = 0.126
ENSG00000101307          random              2  std logFC = 0.114
ENSG00000124226          random              3  std logFC = 0.114
ENSG00000121898          random              4  std logFC = 0.113
ENSG00000035862          random              5  std logFC = 0.108
ENSG00000144535          random              6  std logFC = 0.107
[1] 86
Running 1vALL Testing for up-regulated genes
2024-09-08 00:25:30.373498 - Find markers for: other
2024-09-08 00:25:34.255865 - Find markers for: random
2024-09-08 00:25:38.304841 - Building Table
** Done! **

                           gene       logFC log.p.value   log.FDR std.logFC
ENSG00000232237 ENSG00000232237 0.012256957  -11.639089 -2.524603 0.1202951
ENSG00000122122 ENSG00000122122 0.018670756  -11.440179 -2.524603 0.1190510
ENSG00000154734 ENSG00000154734 0.050886075  -11.141581 -2.524603 0.1171608
ENSG00000188386 ENSG00000188386 0.015955982   -9.921185 -1.630657 0.1091304
ENSG00000102125 ENSG00000102125 0.088713561   -9.736809 -1.630657 0.1078706
ENSG00000198848 ENSG00000198848 0.005267737   -9.077730 -1.162226 0.1032559
                cellType.target std.logFC.rank     std.logFC.anno
ENSG00000232237          random              1   std logFC = 0.12
ENSG00000122122          random              2  std logFC = 0.119
ENSG00000154734          random              3  std logFC = 0.117
ENSG00000188386          random              4  std logFC = 0.109
ENSG00000102125          random              5  std logFC = 0.108
ENSG00000198848          random              6  std logFC = 0.103
[1] 87
Running 1vALL Testing for up-regulated genes
2024-09-08 00:25:38.489044 - Find markers for: other
2024-09-08 00:25:42.660573 - Find markers for: random
2024-09-08 00:25:46.683033 - Building Table
** Done! **

                           gene       logFC log.p.value    log.FDR  std.logFC
ENSG00000189334 ENSG00000189334 0.006872746  -11.845755 -2.1301642 0.12091465
ENSG00000234776 ENSG00000234776 0.002123035  -10.370067 -1.3476239 0.11153468
ENSG00000182035 ENSG00000182035 0.008578296   -9.539530 -0.9898998 0.10592905
ENSG00000168615 ENSG00000168615 0.092626019   -9.172930 -0.9898998 0.10336875
ENSG00000179046 ENSG00000179046 0.009258753   -9.096052 -0.9898998 0.10282467
ENSG00000172139 ENSG00000172139 0.024313712   -8.554111 -0.6302798 0.09891439
                cellType.target std.logFC.rank     std.logFC.anno
ENSG00000189334          random              1  std logFC = 0.121
ENSG00000234776          random              2  std logFC = 0.112
ENSG00000182035          random              3  std logFC = 0.106
ENSG00000168615          random              4  std logFC = 0.103
ENSG00000179046          random              5  std logFC = 0.103
ENSG00000172139          random              6  std logFC = 0.099
[1] 88
Running 1vALL Testing for up-regulated genes
2024-09-08 00:25:46.874296 - Find markers for: other
2024-09-08 00:25:50.963444 - Find markers for: random
2024-09-08 00:25:54.949486 - Building Table
** Done! **

                           gene       logFC log.p.value    log.FDR  std.logFC
ENSG00000115194 ENSG00000115194 0.013411653  -11.820464 -2.1048731 0.12101948
ENSG00000171873 ENSG00000171873 0.015322930   -8.910707 -0.9304505 0.10172087
ENSG00000168079 ENSG00000168079 0.011222596   -8.839489 -0.9304505 0.10120760
ENSG00000144230 ENSG00000144230 0.029523288   -8.776984 -0.9304505 0.10075521
ENSG00000157510 ENSG00000157510 0.020954805   -8.536970 -0.9304505 0.09900119
ENSG00000162592 ENSG00000162592 0.006570412   -8.366991 -0.9304505 0.09774226
                cellType.target std.logFC.rank     std.logFC.anno
ENSG00000115194          random              1  std logFC = 0.121
ENSG00000171873          random              2  std logFC = 0.102
ENSG00000168079          random              3  std logFC = 0.101
ENSG00000144230          random              4  std logFC = 0.101
ENSG00000157510          random              5  std logFC = 0.099
ENSG00000162592          random              6  std logFC = 0.098
[1] 89
Running 1vALL Testing for up-regulated genes
2024-09-08 00:25:55.14977 - Find markers for: other
2024-09-08 00:25:59.131857 - Find markers for: random
2024-09-08 00:26:03.030895 - Building Table
** Done! **

                           gene       logFC log.p.value   log.FDR std.logFC
ENSG00000130528 ENSG00000130528 0.009516262   -15.34991 -5.634319 0.1414450
ENSG00000254772 ENSG00000254772 0.076399332   -10.83559 -2.200870 0.1150153
ENSG00000170929 ENSG00000170929 0.000887856   -10.75979 -2.200870 0.1145243
ENSG00000120498 ENSG00000120498 0.016119011   -10.53017 -2.200870 0.1130253
ENSG00000159261 ENSG00000159261 0.012653869   -10.14016 -2.111935 0.1104374
ENSG00000197406 ENSG00000197406 0.004125231   -10.03577 -2.111935 0.1097355
                cellType.target std.logFC.rank     std.logFC.anno
ENSG00000130528          random              1  std logFC = 0.141
ENSG00000254772          random              2  std logFC = 0.115
ENSG00000170929          random              3  std logFC = 0.115
ENSG00000120498          random              4  std logFC = 0.113
ENSG00000159261          random              5   std logFC = 0.11
ENSG00000197406          random              6   std logFC = 0.11
[1] 90
Running 1vALL Testing for up-regulated genes
2024-09-08 00:26:03.209013 - Find markers for: other
2024-09-08 00:26:07.268933 - Find markers for: random
2024-09-08 00:26:11.418852 - Building Table
** Done! **

                           gene       logFC log.p.value   log.FDR std.logFC
ENSG00000188958 ENSG00000188958 0.020627878  -14.493124 -4.777533 0.1365702
ENSG00000204257 ENSG00000204257 0.039391019  -11.117075 -2.094632 0.1166331
ENSG00000160307 ENSG00000160307 0.111359973  -10.112742 -1.506710 0.1100750
ENSG00000159263 ENSG00000159263 0.020463503   -9.836006 -1.506710 0.1082054
ENSG00000155890 ENSG00000155890 0.001603713   -9.322482 -1.216330 0.1046574
ENSG00000087510 ENSG00000087510 0.004921191   -8.638079 -0.873690 0.0997554
                cellType.target std.logFC.rank     std.logFC.anno
ENSG00000188958          random              1  std logFC = 0.137
ENSG00000204257          random              2  std logFC = 0.117
ENSG00000160307          random              3   std logFC = 0.11
ENSG00000159263          random              4  std logFC = 0.108
ENSG00000155890          random              5  std logFC = 0.105
ENSG00000087510          random              6    std logFC = 0.1
[1] 91
Running 1vALL Testing for up-regulated genes
2024-09-08 00:26:11.619775 - Find markers for: other
2024-09-08 00:26:15.639763 - Find markers for: random
2024-09-08 00:26:19.690428 - Building Table
** Done! **

                           gene       logFC log.p.value    log.FDR  std.logFC
ENSG00000187556 ENSG00000187556 0.035674495  -10.984212 -1.7476895 0.11580548
ENSG00000148965 ENSG00000148965 0.005840065  -10.539611 -1.7476895 0.11292451
ENSG00000172680 ENSG00000172680 0.002003994  -10.364668 -1.7476895 0.11177257
ENSG00000179104 ENSG00000179104 0.222941917   -9.155113 -0.8258166 0.10349613
ENSG00000248771 ENSG00000248771 0.008740530   -8.339872 -0.6679410 0.09756929
ENSG00000105135 ENSG00000105135 0.040215679   -8.335037 -0.6679410 0.09753319
                cellType.target std.logFC.rank     std.logFC.anno
ENSG00000187556          random              1  std logFC = 0.116
ENSG00000148965          random              2  std logFC = 0.113
ENSG00000172680          random              3  std logFC = 0.112
ENSG00000179104          random              4  std logFC = 0.103
ENSG00000248771          random              5  std logFC = 0.098
ENSG00000105135          random              6  std logFC = 0.098
[1] 92
Running 1vALL Testing for up-regulated genes
2024-09-08 00:26:19.859332 - Find markers for: other
2024-09-08 00:26:23.961287 - Find markers for: random
2024-09-08 00:26:27.870734 - Building Table
** Done! **

                           gene       logFC log.p.value    log.FDR  std.logFC
ENSG00000235718 ENSG00000235718 0.004132171   -9.650249 -0.2071294 0.10727246
ENSG00000196337 ENSG00000196337 0.001234881   -9.229573 -0.2071294 0.10433301
ENSG00000105427 ENSG00000105427 0.005255043   -8.674700 -0.1489520 0.10033955
ENSG00000182676 ENSG00000182676 0.004031270   -8.179727 -0.1489520 0.09665508
ENSG00000203730 ENSG00000203730 0.001486985   -8.072747 -0.1489520 0.09584248
ENSG00000153044 ENSG00000153044 0.016930533   -7.837717 -0.1489520 0.09403573
                cellType.target std.logFC.rank     std.logFC.anno
ENSG00000235718          random              1  std logFC = 0.107
ENSG00000196337          random              2  std logFC = 0.104
ENSG00000105427          random              3    std logFC = 0.1
ENSG00000182676          random              4  std logFC = 0.097
ENSG00000203730          random              5  std logFC = 0.096
ENSG00000153044          random              6  std logFC = 0.094
[1] 93
Running 1vALL Testing for up-regulated genes
2024-09-08 00:26:28.054973 - Find markers for: random
2024-09-08 00:26:32.075677 - Find markers for: other
2024-09-08 00:26:35.979469 - Building Table
** Done! **

                           gene      logFC log.p.value    log.FDR  std.logFC
ENSG00000182489 ENSG00000182489 0.02025674   -9.489425 -0.6372736 0.10605909
ENSG00000175820 ENSG00000175820 0.01207826   -9.330033 -0.6372736 0.10494447
ENSG00000128294 ENSG00000128294 0.05727188   -9.248012 -0.6372736 0.10436678
ENSG00000138756 ENSG00000138756 0.12401466   -8.518842 -0.6372736 0.09910061
ENSG00000179583 ENSG00000179583 0.03974404   -8.361898 -0.6372736 0.09793460
ENSG00000164125 ENSG00000164125 0.05616684   -8.179485 -0.6372736 0.09656387
                cellType.target std.logFC.rank     std.logFC.anno
ENSG00000182489          random              1  std logFC = 0.106
ENSG00000175820          random              2  std logFC = 0.105
ENSG00000128294          random              3  std logFC = 0.104
ENSG00000138756          random              4  std logFC = 0.099
ENSG00000179583          random              5  std logFC = 0.098
ENSG00000164125          random              6  std logFC = 0.097
[1] 94
Running 1vALL Testing for up-regulated genes
2024-09-08 00:26:36.182112 - Find markers for: other
2024-09-08 00:26:40.25594 - Find markers for: random
2024-09-08 00:26:44.310292 - Building Table
** Done! **

                           gene       logFC log.p.value    log.FDR  std.logFC
ENSG00000121900 ENSG00000121900 0.032707692  -14.457233 -4.7416423 0.13623585
ENSG00000176076 ENSG00000176076 0.008457978  -11.510495 -2.4880518 0.11899356
ENSG00000093009 ENSG00000093009 0.009011357   -9.428754 -0.8117762 0.10529483
ENSG00000134256 ENSG00000134256 0.018235002   -8.635329 -0.4010420 0.09963543
ENSG00000156150 ENSG00000156150 0.010287327   -8.507195 -0.4010420 0.09869465
ENSG00000129460 ENSG00000129460 0.043604881   -8.113778 -0.2545358 0.09575561
                cellType.target std.logFC.rank     std.logFC.anno
ENSG00000121900          random              1  std logFC = 0.136
ENSG00000176076          random              2  std logFC = 0.119
ENSG00000093009          random              3  std logFC = 0.105
ENSG00000134256          random              4    std logFC = 0.1
ENSG00000156150          random              5  std logFC = 0.099
ENSG00000129460          random              6  std logFC = 0.096
[1] 95
Running 1vALL Testing for up-regulated genes
2024-09-08 00:26:44.525367 - Find markers for: other
2024-09-08 00:26:48.656351 - Find markers for: random
2024-09-08 00:26:52.619408 - Building Table
** Done! **

                           gene       logFC log.p.value    log.FDR  std.logFC
ENSG00000144837 ENSG00000144837 0.012974895  -13.450220 -3.7346297 0.13059630
ENSG00000204673 ENSG00000204673 0.039533597   -9.741800 -0.7193565 0.10746885
ENSG00000066923 ENSG00000066923 0.042182558   -8.855800 -0.6150070 0.10124944
ENSG00000163815 ENSG00000163815 0.009134437   -8.657945 -0.6150070 0.09981383
ENSG00000147003 ENSG00000147003 0.020645728   -8.385655 -0.6150070 0.09780786
ENSG00000160183 ENSG00000160183 0.011800944   -8.317917 -0.6150070 0.09730319
                cellType.target std.logFC.rank     std.logFC.anno
ENSG00000144837          random              1  std logFC = 0.131
ENSG00000204673          random              2  std logFC = 0.107
ENSG00000066923          random              3  std logFC = 0.101
ENSG00000163815          random              4    std logFC = 0.1
ENSG00000147003          random              5  std logFC = 0.098
ENSG00000160183          random              6  std logFC = 0.097
[1] 96
Running 1vALL Testing for up-regulated genes
2024-09-08 00:26:52.801463 - Find markers for: other
2024-09-08 00:26:56.681941 - Find markers for: random
2024-09-08 00:27:00.766661 - Building Table
** Done! **

                           gene       logFC log.p.value    log.FDR  std.logFC
ENSG00000160233 ENSG00000160233 0.009346629  -10.143395 -0.8020389 0.11029602
ENSG00000186298 ENSG00000186298 0.070990318   -9.467619 -0.8020389 0.10568592
ENSG00000170099 ENSG00000170099 0.001034358   -9.419017 -0.8020389 0.10534743
ENSG00000253309 ENSG00000253309 0.015092356   -9.112172 -0.7828756 0.10318766
ENSG00000121764 ENSG00000121764 0.012337863   -8.807814 -0.7599206 0.10100506
ENSG00000135823 ENSG00000135823 0.085573752   -8.498883 -0.7599206 0.09874623
                cellType.target std.logFC.rank     std.logFC.anno
ENSG00000160233          random              1   std logFC = 0.11
ENSG00000186298          random              2  std logFC = 0.106
ENSG00000170099          random              3  std logFC = 0.105
ENSG00000253309          random              4  std logFC = 0.103
ENSG00000121764          random              5  std logFC = 0.101
ENSG00000135823          random              6  std logFC = 0.099
[1] 97
Running 1vALL Testing for up-regulated genes
2024-09-08 00:27:00.945212 - Find markers for: random
2024-09-08 00:27:04.900048 - Find markers for: other
2024-09-08 00:27:08.962075 - Building Table
** Done! **

                           gene       logFC log.p.value    log.FDR  std.logFC
ENSG00000183066 ENSG00000183066 0.085613707  -10.339874 -1.2543397 0.11145390
ENSG00000182240 ENSG00000182240 0.070990807  -10.276783 -1.2543397 0.11103587
ENSG00000100121 ENSG00000100121 0.006309268   -8.427379 -0.4282202 0.09808452
ENSG00000087269 ENSG00000087269 0.051482776   -8.186207 -0.4282202 0.09628285
ENSG00000141522 ENSG00000141522 0.059686234   -8.119292 -0.4282202 0.09577771
ENSG00000089902 ENSG00000089902 0.086399707   -8.060595 -0.4282202 0.09533268
                cellType.target std.logFC.rank     std.logFC.anno
ENSG00000183066          random              1  std logFC = 0.111
ENSG00000182240          random              2  std logFC = 0.111
ENSG00000100121          random              3  std logFC = 0.098
ENSG00000087269          random              4  std logFC = 0.096
ENSG00000141522          random              5  std logFC = 0.096
ENSG00000089902          random              6  std logFC = 0.095
[1] 98
Running 1vALL Testing for up-regulated genes
2024-09-08 00:27:09.154941 - Find markers for: other
2024-09-08 00:27:13.055523 - Find markers for: random
2024-09-08 00:27:17.093635 - Building Table
** Done! **

                           gene       logFC log.p.value    log.FDR  std.logFC
ENSG00000099769 ENSG00000099769 0.009860640  -11.351354 -2.2539440 0.11850593
ENSG00000119457 ENSG00000119457 0.011880309  -11.276387 -2.2539440 0.11803187
ENSG00000124006 ENSG00000124006 0.063964775   -9.619420 -1.0024418 0.10707465
ENSG00000187546 ENSG00000187546 0.064140960   -8.894229 -0.6355176 0.10195049
ENSG00000104976 ENSG00000104976 0.021576435   -8.662255 -0.6355176 0.10026257
ENSG00000174500 ENSG00000174500 0.002168197   -8.559349 -0.6355176 0.09950571
                cellType.target std.logFC.rank     std.logFC.anno
ENSG00000099769          random              1  std logFC = 0.119
ENSG00000119457          random              2  std logFC = 0.118
ENSG00000124006          random              3  std logFC = 0.107
ENSG00000187546          random              4  std logFC = 0.102
ENSG00000104976          random              5    std logFC = 0.1
ENSG00000174500          random              6    std logFC = 0.1
[1] 99
Running 1vALL Testing for up-regulated genes
2024-09-08 00:27:17.275572 - Find markers for: other
2024-09-08 00:27:21.340314 - Find markers for: random
2024-09-08 00:27:25.241324 - Building Table
** Done! **

                           gene       logFC log.p.value    log.FDR  std.logFC
ENSG00000221858 ENSG00000221858 0.002450377   -9.473002 -0.6391029 0.10563889
ENSG00000002549 ENSG00000002549 0.055804700   -8.740597 -0.6391029 0.10043710
ENSG00000163833 ENSG00000163833 0.009096013   -8.678689 -0.6391029 0.09998645
ENSG00000083123 ENSG00000083123 0.118293995   -8.385368 -0.6391029 0.09782653
ENSG00000124587 ENSG00000124587 0.065535885   -8.329674 -0.6391029 0.09741166
ENSG00000075073 ENSG00000075073 0.006246217   -8.179903 -0.6391029 0.09628826
                cellType.target std.logFC.rank     std.logFC.anno
ENSG00000221858          random              1  std logFC = 0.106
ENSG00000002549          random              2    std logFC = 0.1
ENSG00000163833          random              3    std logFC = 0.1
ENSG00000083123          random              4  std logFC = 0.098
ENSG00000124587          random              5  std logFC = 0.097
ENSG00000075073          random              6  std logFC = 0.096
[1] 100
Running 1vALL Testing for up-regulated genes
2024-09-08 00:27:25.434841 - Find markers for: other
2024-09-08 00:27:29.318322 - Find markers for: random
2024-09-08 00:27:33.290493 - Building Table
** Done! **

                           gene      logFC log.p.value    log.FDR  std.logFC
ENSG00000154415 ENSG00000154415 0.01469681  -15.244821 -5.5292302 0.14059349
ENSG00000172382 ENSG00000172382 0.01909184  -10.819206 -1.7967631 0.11467409
ENSG00000106341 ENSG00000106341 0.01335660   -9.069667 -0.7848199 0.10282653
ENSG00000116717 ENSG00000116717 0.03414714   -8.849420 -0.7848199 0.10124800
ENSG00000136436 ENSG00000136436 0.07371688   -8.761710 -0.7848199 0.10061328
ENSG00000148356 ENSG00000148356 0.08792083   -8.603475 -0.7848199 0.09945918
                cellType.target std.logFC.rank     std.logFC.anno
ENSG00000154415          random              1  std logFC = 0.141
ENSG00000172382          random              2  std logFC = 0.115
ENSG00000106341          random              3  std logFC = 0.103
ENSG00000116717          random              4  std logFC = 0.101
ENSG00000136436          random              5  std logFC = 0.101
ENSG00000148356          random              6  std logFC = 0.099
[1] 101
Running 1vALL Testing for up-regulated genes
2024-09-08 00:27:33.497711 - Find markers for: other
2024-09-08 00:27:37.44348 - Find markers for: random
2024-09-08 00:27:41.349443 - Building Table
** Done! **

                           gene       logFC log.p.value   log.FDR std.logFC
ENSG00000166508 ENSG00000166508 0.037486252  -12.217619 -2.502028 0.1236373
ENSG00000089685 ENSG00000089685 0.011040669  -10.965558 -1.943115 0.1158353
ENSG00000143032 ENSG00000143032 0.004288973   -9.796982 -1.664569 0.1080982
ENSG00000197696 ENSG00000197696 0.019431056   -9.755318 -1.664569 0.1078131
ENSG00000140675 ENSG00000140675 0.006362201   -9.707167 -1.664569 0.1074829
ENSG00000187123 ENSG00000187123 0.060609669   -9.588400 -1.664569 0.1066644
                cellType.target std.logFC.rank     std.logFC.anno
ENSG00000166508          random              1  std logFC = 0.124
ENSG00000089685          random              2  std logFC = 0.116
ENSG00000143032          random              3  std logFC = 0.108
ENSG00000197696          random              4  std logFC = 0.108
ENSG00000140675          random              5  std logFC = 0.107
ENSG00000187123          random              6  std logFC = 0.107
[1] 102
Running 1vALL Testing for up-regulated genes
2024-09-08 00:27:41.543437 - Find markers for: random
2024-09-08 00:27:45.574696 - Find markers for: other
2024-09-08 00:27:49.574579 - Building Table
** Done! **

                           gene       logFC log.p.value    log.FDR std.logFC
ENSG00000186912 ENSG00000186912 0.003084935  -12.255929 -2.5403388 0.1240655
ENSG00000138435 ENSG00000138435 0.011024513  -11.057587 -2.0351440 0.1166096
ENSG00000111245 ENSG00000111245 0.001223855   -9.642300 -1.1453463 0.1072064
ENSG00000187823 ENSG00000187823 0.002620548   -9.451314 -1.1453463 0.1058804
ENSG00000176170 ENSG00000176170 0.010600476   -9.251499 -1.1453463 0.1044771
ENSG00000138755 ENSG00000138755 0.003937891   -8.909278 -0.9854468 0.1020340
                cellType.target std.logFC.rank     std.logFC.anno
ENSG00000186912          random              1  std logFC = 0.124
ENSG00000138435          random              2  std logFC = 0.117
ENSG00000111245          random              3  std logFC = 0.107
ENSG00000187823          random              4  std logFC = 0.106
ENSG00000176170          random              5  std logFC = 0.104
ENSG00000138755          random              6  std logFC = 0.102
[1] 103
Running 1vALL Testing for up-regulated genes
2024-09-08 00:27:49.757252 - Find markers for: other
2024-09-08 00:27:53.644401 - Find markers for: random
2024-09-08 00:27:57.699521 - Building Table
** Done! **

                           gene       logFC log.p.value   log.FDR std.logFC
ENSG00000185633 ENSG00000185633 0.031854758  -10.543792 -1.663191 0.1133532
ENSG00000020181 ENSG00000020181 0.035232827  -10.100767 -1.663191 0.1104053
ENSG00000177174 ENSG00000177174 0.001598064   -9.978876 -1.663191 0.1095817
ENSG00000127920 ENSG00000127920 0.023856698   -9.860882 -1.663191 0.1087792
ENSG00000184047 ENSG00000184047 0.024144918   -9.729858 -1.663191 0.1078818
ENSG00000158473 ENSG00000158473 0.004362610   -9.587022 -1.663191 0.1068958
                cellType.target std.logFC.rank     std.logFC.anno
ENSG00000185633          random              1  std logFC = 0.113
ENSG00000020181          random              2   std logFC = 0.11
ENSG00000177174          random              3   std logFC = 0.11
ENSG00000127920          random              4  std logFC = 0.109
ENSG00000184047          random              5  std logFC = 0.108
ENSG00000158473          random              6  std logFC = 0.107
[1] 104
Running 1vALL Testing for up-regulated genes
2024-09-08 00:27:57.902864 - Find markers for: other
2024-09-08 00:28:01.965781 - Find markers for: random
2024-09-08 00:28:05.937208 - Building Table
** Done! **

                           gene       logFC log.p.value    log.FDR  std.logFC
ENSG00000185013 ENSG00000185013 0.003374403  -10.536838 -0.9469393 0.11257309
ENSG00000146678 ENSG00000146678 0.002883046   -9.969383 -0.9469393 0.10880752
ENSG00000095002 ENSG00000095002 0.105332764   -8.683551 -0.8467760 0.09981011
ENSG00000160785 ENSG00000160785 0.052251454   -8.679903 -0.8467760 0.09978357
ENSG00000213996 ENSG00000213996 0.015779472   -8.597171 -0.8467760 0.09917987
ENSG00000145416 ENSG00000145416 0.199709281   -8.491908 -0.8467760 0.09840704
                cellType.target std.logFC.rank     std.logFC.anno
ENSG00000185013          random              1  std logFC = 0.113
ENSG00000146678          random              2  std logFC = 0.109
ENSG00000095002          random              3    std logFC = 0.1
ENSG00000160785          random              4    std logFC = 0.1
ENSG00000213996          random              5  std logFC = 0.099
ENSG00000145416          random              6  std logFC = 0.098
[1] 105
Running 1vALL Testing for up-regulated genes
2024-09-08 00:28:06.133362 - Find markers for: other
2024-09-08 00:28:10.130791 - Find markers for: random
2024-09-08 00:28:14.208879 - Building Table
** Done! **

                           gene       logFC log.p.value   log.FDR std.logFC
ENSG00000068971 ENSG00000068971 0.073010490  -11.047957 -1.337957 0.1165043
ENSG00000166509 ENSG00000166509 0.010722714  -10.360400 -1.337957 0.1120242
ENSG00000183785 ENSG00000183785 0.036064176   -9.422837 -1.173390 0.1056418
ENSG00000143493 ENSG00000143493 0.083677235   -9.181462 -1.173390 0.1039423
ENSG00000176136 ENSG00000176136 0.001739231   -8.818459 -1.173390 0.1013390
ENSG00000160256 ENSG00000160256 0.042845123   -8.805658 -1.173390 0.1012461
                cellType.target std.logFC.rank     std.logFC.anno
ENSG00000068971          random              1  std logFC = 0.117
ENSG00000166509          random              2  std logFC = 0.112
ENSG00000183785          random              3  std logFC = 0.106
ENSG00000143493          random              4  std logFC = 0.104
ENSG00000176136          random              5  std logFC = 0.101
ENSG00000160256          random              6  std logFC = 0.101
[1] 106
Running 1vALL Testing for up-regulated genes
2024-09-08 00:28:14.414593 - Find markers for: other
2024-09-08 00:28:18.469395 - Find markers for: random
2024-09-08 00:28:22.535983 - Building Table
** Done! **

                           gene       logFC log.p.value    log.FDR std.logFC
ENSG00000179918 ENSG00000179918 0.033134037  -10.411744 -0.9769348 0.1123649
ENSG00000196371 ENSG00000196371 0.026714330   -9.771519 -0.9769348 0.1080554
ENSG00000143318 ENSG00000143318 0.008574407   -8.949953 -0.9769348 0.1022894
ENSG00000168476 ENSG00000168476 0.017438632   -8.765194 -0.9769348 0.1009526
ENSG00000172239 ENSG00000172239 0.067768014   -8.746510 -0.9769348 0.1008165
ENSG00000137154 ENSG00000137154 0.077132186   -8.674597 -0.9769348 0.1002913
                cellType.target std.logFC.rank     std.logFC.anno
ENSG00000179918          random              1  std logFC = 0.112
ENSG00000196371          random              2  std logFC = 0.108
ENSG00000143318          random              3  std logFC = 0.102
ENSG00000168476          random              4  std logFC = 0.101
ENSG00000172239          random              5  std logFC = 0.101
ENSG00000137154          random              6    std logFC = 0.1
[1] 107
Running 1vALL Testing for up-regulated genes
2024-09-08 00:28:22.712098 - Find markers for: other
2024-09-08 00:28:26.658071 - Find markers for: random
2024-09-08 00:28:30.710388 - Building Table
** Done! **

                           gene       logFC log.p.value    log.FDR  std.logFC
ENSG00000186350 ENSG00000186350 0.076597043   -9.517584 -0.5726651 0.10635988
ENSG00000109272 ENSG00000109272 0.001454954   -9.223281 -0.5726651 0.10429496
ENSG00000232070 ENSG00000232070 0.008455452   -9.119259 -0.5726651 0.10355636
ENSG00000184454 ENSG00000184454 0.019357038   -8.788734 -0.5726651 0.10117791
ENSG00000244414 ENSG00000244414 0.002382495   -8.667304 -0.5726651 0.10029159
ENSG00000184058 ENSG00000184058 0.009198950   -8.357273 -0.5726651 0.09799676
                cellType.target std.logFC.rank     std.logFC.anno
ENSG00000186350          random              1  std logFC = 0.106
ENSG00000109272          random              2  std logFC = 0.104
ENSG00000232070          random              3  std logFC = 0.104
ENSG00000184454          random              4  std logFC = 0.101
ENSG00000244414          random              5    std logFC = 0.1
ENSG00000184058          random              6  std logFC = 0.098
[1] 108
Running 1vALL Testing for up-regulated genes
2024-09-08 00:28:30.886908 - Find markers for: other
2024-09-08 00:28:34.746578 - Find markers for: random
2024-09-08 00:28:38.778887 - Building Table
** Done! **

                           gene      logFC log.p.value   log.FDR std.logFC
ENSG00000054793 ENSG00000054793 0.14015186   -10.83599 -2.213855 0.1148699
ENSG00000138759 ENSG00000138759 0.18540213   -10.55033 -2.213855 0.1130121
ENSG00000125851 ENSG00000125851 0.18662947   -10.45328 -2.213855 0.1123746
ENSG00000091136 ENSG00000091136 0.10267915   -10.24440 -2.213855 0.1109914
ENSG00000110888 ENSG00000110888 0.10326968   -10.23221 -2.213855 0.1109102
ENSG00000173264 ENSG00000173264 0.05183231   -10.01544 -2.213855 0.1094573
                cellType.target std.logFC.rank     std.logFC.anno
ENSG00000054793          random              1  std logFC = 0.115
ENSG00000138759          random              2  std logFC = 0.113
ENSG00000125851          random              3  std logFC = 0.112
ENSG00000091136          random              4  std logFC = 0.111
ENSG00000110888          random              5  std logFC = 0.111
ENSG00000173264          random              6  std logFC = 0.109
[1] 109
Running 1vALL Testing for up-regulated genes
2024-09-08 00:28:38.975619 - Find markers for: other
2024-09-08 00:28:42.888677 - Find markers for: random
2024-09-08 00:28:46.976743 - Building Table
** Done! **

                           gene       logFC log.p.value    log.FDR  std.logFC
ENSG00000106993 ENSG00000106993 0.086017265  -12.232491 -2.5169005 0.12406949
ENSG00000182544 ENSG00000182544 0.027048951  -10.979239 -2.1914732 0.11624370
ENSG00000273777 ENSG00000273777 0.003095875  -10.808451 -2.1914732 0.11513999
ENSG00000197487 ENSG00000197487 0.005461037   -9.856778 -1.5274815 0.10880616
ENSG00000163687 ENSG00000163687 0.005349495   -8.659671 -0.5535186 0.10033693
ENSG00000172466 ENSG00000172466 0.078135776   -8.307515 -0.5261653 0.09772269
                cellType.target std.logFC.rank     std.logFC.anno
ENSG00000106993          random              1  std logFC = 0.124
ENSG00000182544          random              2  std logFC = 0.116
ENSG00000273777          random              3  std logFC = 0.115
ENSG00000197487          random              4  std logFC = 0.109
ENSG00000163687          random              5    std logFC = 0.1
ENSG00000172466          random              6  std logFC = 0.098
[1] 110
Running 1vALL Testing for up-regulated genes
2024-09-08 00:28:47.172864 - Find markers for: other
2024-09-08 00:28:51.121115 - Find markers for: random
2024-09-08 00:28:55.204899 - Building Table
** Done! **

                           gene       logFC log.p.value       log.FDR
ENSG00000272674 ENSG00000272674 0.032532176   -8.809181 -1.289214e-05
ENSG00000145777 ENSG00000145777 0.003574770   -8.377600 -1.289214e-05
ENSG00000139988 ENSG00000139988 0.008525208   -8.125713 -1.289214e-05
ENSG00000181092 ENSG00000181092 0.002378937   -7.717078 -1.289214e-05
ENSG00000176076 ENSG00000176076 0.006566024   -7.627673 -1.289214e-05
ENSG00000155111 ENSG00000155111 0.138181206   -7.615461 -1.289214e-05
                 std.logFC cellType.target std.logFC.rank     std.logFC.anno
ENSG00000272674 0.10125912          random              1  std logFC = 0.101
ENSG00000145777 0.09808343          random              2  std logFC = 0.098
ENSG00000139988 0.09618755          random              3  std logFC = 0.096
ENSG00000181092 0.09304042          random              4  std logFC = 0.093
ENSG00000176076 0.09233946          random              5  std logFC = 0.092
ENSG00000155111 0.09224335          random              6  std logFC = 0.092
[1] 111
Running 1vALL Testing for up-regulated genes
2024-09-08 00:28:55.392727 - Find markers for: random
2024-09-08 00:28:59.353595 - Find markers for: other
2024-09-08 00:29:03.416604 - Building Table
** Done! **

                           gene       logFC log.p.value   log.FDR std.logFC
ENSG00000083845 ENSG00000083845 0.081938081  -13.730366 -4.014776 0.1326015
ENSG00000095596 ENSG00000095596 0.005070656  -11.118878 -2.096435 0.1169036
ENSG00000168925 ENSG00000168925 0.005913384  -10.610132 -1.993154 0.1136174
ENSG00000066230 ENSG00000066230 0.009956428   -9.815651 -1.673578 0.1083068
ENSG00000163519 ENSG00000163519 0.005054474   -9.606008 -1.673578 0.1068662
ENSG00000187848 ENSG00000187848 0.004666195   -9.597409 -1.673578 0.1068067
                cellType.target std.logFC.rank     std.logFC.anno
ENSG00000083845          random              1  std logFC = 0.133
ENSG00000095596          random              2  std logFC = 0.117
ENSG00000168925          random              3  std logFC = 0.114
ENSG00000066230          random              4  std logFC = 0.108
ENSG00000163519          random              5  std logFC = 0.107
ENSG00000187848          random              6  std logFC = 0.107
[1] 112
Running 1vALL Testing for up-regulated genes
2024-09-08 00:29:03.605303 - Find markers for: other
2024-09-08 00:29:07.640984 - Find markers for: random
2024-09-08 00:29:11.628301 - Building Table
** Done! **

                           gene       logFC log.p.value  log.FDR std.logFC
ENSG00000131242 ENSG00000131242 0.125099219  -10.295497 -1.62893 0.1112564
ENSG00000113361 ENSG00000113361 0.110813529  -10.214230 -1.62893 0.1107159
ENSG00000112079 ENSG00000112079 0.095355989   -9.962800 -1.62893 0.1090285
ENSG00000108433 ENSG00000108433 0.086036737   -9.543866 -1.62893 0.1061638
ENSG00000166866 ENSG00000166866 0.007168682   -9.414805 -1.62893 0.1052673
ENSG00000112053 ENSG00000112053 0.064702585   -9.087222 -1.62893 0.1029606
                cellType.target std.logFC.rank     std.logFC.anno
ENSG00000131242          random              1  std logFC = 0.111
ENSG00000113361          random              2  std logFC = 0.111
ENSG00000112079          random              3  std logFC = 0.109
ENSG00000108433          random              4  std logFC = 0.106
ENSG00000166866          random              5  std logFC = 0.105
ENSG00000112053          random              6  std logFC = 0.103
[1] 113
Running 1vALL Testing for up-regulated genes
2024-09-08 00:29:11.823023 - Find markers for: other
2024-09-08 00:29:15.818529 - Find markers for: random
2024-09-08 00:29:19.88956 - Building Table
** Done! **

                           gene       logFC log.p.value    log.FDR std.logFC
ENSG00000137709 ENSG00000137709 0.010999594  -11.086127 -1.4509134 0.1162957
ENSG00000243678 ENSG00000243678 0.057291969  -10.473357 -1.4509134 0.1123339
ENSG00000048028 ENSG00000048028 0.074239045   -9.065559 -0.8269804 0.1027176
ENSG00000106952 ENSG00000106952 0.014688669   -8.980234 -0.8269804 0.1021089
ENSG00000138755 ENSG00000138755 0.003878757   -8.756885 -0.8269804 0.1005003
ENSG00000273542 ENSG00000273542 0.001729049   -8.750811 -0.8269804 0.1004562
                cellType.target std.logFC.rank     std.logFC.anno
ENSG00000137709          random              1  std logFC = 0.116
ENSG00000243678          random              2  std logFC = 0.112
ENSG00000048028          random              3  std logFC = 0.103
ENSG00000106952          random              4  std logFC = 0.102
ENSG00000138755          random              5  std logFC = 0.101
ENSG00000273542          random              6    std logFC = 0.1
[1] 114
Running 1vALL Testing for up-regulated genes
2024-09-08 00:29:20.116095 - Find markers for: random
2024-09-08 00:29:24.116493 - Find markers for: other
2024-09-08 00:29:28.123949 - Building Table
** Done! **

                           gene       logFC log.p.value    log.FDR  std.logFC
ENSG00000167644 ENSG00000167644 0.007407801  -13.709117 -3.9935266 0.13230929
ENSG00000121316 ENSG00000121316 0.018629261  -10.766913 -1.7444695 0.11449088
ENSG00000108588 ENSG00000108588 0.079600386  -10.207697 -1.5907189 0.11081236
ENSG00000214943 ENSG00000214943 0.001257426   -9.063894 -0.7345981 0.10292467
ENSG00000111339 ENSG00000111339 0.009567845   -8.766568 -0.6604151 0.10078486
ENSG00000142634 ENSG00000142634 0.040746436   -8.482961 -0.6466641 0.09870575
                cellType.target std.logFC.rank     std.logFC.anno
ENSG00000167644          random              1  std logFC = 0.132
ENSG00000121316          random              2  std logFC = 0.114
ENSG00000108588          random              3  std logFC = 0.111
ENSG00000214943          random              4  std logFC = 0.103
ENSG00000111339          random              5  std logFC = 0.101
ENSG00000142634          random              6  std logFC = 0.099
[1] 115
Running 1vALL Testing for up-regulated genes
2024-09-08 00:29:28.321098 - Find markers for: other
2024-09-08 00:29:32.32471 - Find markers for: random
2024-09-08 00:29:36.477881 - Building Table
** Done! **

                           gene       logFC log.p.value   log.FDR std.logFC
ENSG00000084110 ENSG00000084110 0.007017494   -13.60324 -3.887645 0.1312787
ENSG00000152785 ENSG00000152785 0.030902498   -11.65304 -2.630592 0.1197207
ENSG00000115255 ENSG00000115255 0.021798686   -10.24619 -1.909658 0.1107084
ENSG00000162551 ENSG00000162551 0.023177764   -10.23895 -1.909658 0.1106603
ENSG00000007384 ENSG00000007384 0.020920432    -9.29591 -1.361046 0.1042279
ENSG00000167244 ENSG00000167244 0.003268939    -9.15054 -1.361046 0.1032046
                cellType.target std.logFC.rank     std.logFC.anno
ENSG00000084110          random              1  std logFC = 0.131
ENSG00000152785          random              2   std logFC = 0.12
ENSG00000115255          random              3  std logFC = 0.111
ENSG00000162551          random              4  std logFC = 0.111
ENSG00000007384          random              5  std logFC = 0.104
ENSG00000167244          random              6  std logFC = 0.103
[1] 116
Running 1vALL Testing for up-regulated genes
2024-09-08 00:29:36.673224 - Find markers for: other
2024-09-08 00:29:40.659351 - Find markers for: random
2024-09-08 00:29:44.679265 - Building Table
** Done! **

                           gene       logFC log.p.value    log.FDR std.logFC
ENSG00000109736 ENSG00000109736 0.064092572  -12.270350 -2.5547594 0.1232860
ENSG00000120457 ENSG00000120457 0.021369648   -9.473639 -0.9080179 0.1052959
ENSG00000105711 ENSG00000105711 0.044245159   -9.313185 -0.9080179 0.1041797
ENSG00000070915 ENSG00000070915 0.021619844   -9.018585 -0.9080179 0.1021022
ENSG00000204116 ENSG00000204116 0.104513688   -8.977818 -0.9080179 0.1018117
ENSG00000214128 ENSG00000214128 0.008126525   -8.757638 -0.9080179 0.1002301
                cellType.target std.logFC.rank     std.logFC.anno
ENSG00000109736          random              1  std logFC = 0.123
ENSG00000120457          random              2  std logFC = 0.105
ENSG00000105711          random              3  std logFC = 0.104
ENSG00000070915          random              4  std logFC = 0.102
ENSG00000204116          random              5  std logFC = 0.102
ENSG00000214128          random              6    std logFC = 0.1
[1] 117
Running 1vALL Testing for up-regulated genes
2024-09-08 00:29:44.880229 - Find markers for: other
2024-09-08 00:29:48.947886 - Find markers for: random
2024-09-08 00:29:52.908103 - Building Table
** Done! **

                           gene       logFC log.p.value   log.FDR std.logFC
ENSG00000103187 ENSG00000103187 0.094510611  -10.364083 -1.158531 0.1120827
ENSG00000112494 ENSG00000112494 0.006975697   -9.567066 -1.158531 0.1066783
ENSG00000128342 ENSG00000128342 0.004611368   -9.563133 -1.158531 0.1066510
ENSG00000184640 ENSG00000184640 0.076363011   -9.345703 -1.158531 0.1051334
ENSG00000070413 ENSG00000070413 0.095153288   -9.264684 -1.158531 0.1045628
ENSG00000179943 ENSG00000179943 0.030679729   -8.714589 -1.129886 0.1006137
                cellType.target std.logFC.rank     std.logFC.anno
ENSG00000103187          random              1  std logFC = 0.112
ENSG00000112494          random              2  std logFC = 0.107
ENSG00000128342          random              3  std logFC = 0.107
ENSG00000184640          random              4  std logFC = 0.105
ENSG00000070413          random              5  std logFC = 0.105
ENSG00000179943          random              6  std logFC = 0.101
[1] 118
Running 1vALL Testing for up-regulated genes
2024-09-08 00:29:53.115709 - Find markers for: other
2024-09-08 00:29:57.162756 - Find markers for: random
2024-09-08 00:30:01.050698 - Building Table
** Done! **

                           gene       logFC log.p.value   log.FDR std.logFC
ENSG00000099795 ENSG00000099795 0.065633561  -10.869894 -1.517555 0.1151307
ENSG00000111237 ENSG00000111237 0.080986112  -10.539999 -1.517555 0.1129857
ENSG00000073861 ENSG00000073861 0.004761307  -10.077512 -1.460533 0.1099153
ENSG00000102886 ENSG00000102886 0.021748872   -9.671200 -1.341904 0.1071530
ENSG00000173786 ENSG00000173786 0.162580622   -9.379757 -1.273604 0.1051318
ENSG00000205126 ENSG00000205126 0.005199192   -9.190571 -1.266740 0.1038010
                cellType.target std.logFC.rank     std.logFC.anno
ENSG00000099795          random              1  std logFC = 0.115
ENSG00000111237          random              2  std logFC = 0.113
ENSG00000073861          random              3   std logFC = 0.11
ENSG00000102886          random              4  std logFC = 0.107
ENSG00000173786          random              5  std logFC = 0.105
ENSG00000205126          random              6  std logFC = 0.104
[1] 119
Running 1vALL Testing for up-regulated genes
2024-09-08 00:30:01.269557 - Find markers for: other
2024-09-08 00:30:05.295682 - Find markers for: random
2024-09-08 00:30:09.185404 - Building Table
** Done! **

                           gene       logFC log.p.value    log.FDR  std.logFC
ENSG00000175538 ENSG00000175538 0.019344641  -12.471004 -2.7554130 0.12580772
ENSG00000136286 ENSG00000136286 0.012070616  -11.646643 -2.6242001 0.12075606
ENSG00000111057 ENSG00000111057 0.009969132   -8.963638 -0.6903936 0.10279068
ENSG00000158553 ENSG00000158553 0.004315833   -8.426489 -0.6903936 0.09884788
ENSG00000164645 ENSG00000164645 0.001397482   -8.394583 -0.6903936 0.09860933
ENSG00000090534 ENSG00000090534 0.009207745   -8.253495 -0.6903936 0.09754831
                cellType.target std.logFC.rank     std.logFC.anno
ENSG00000175538          random              1  std logFC = 0.126
ENSG00000136286          random              2  std logFC = 0.121
ENSG00000111057          random              3  std logFC = 0.103
ENSG00000158553          random              4  std logFC = 0.099
ENSG00000164645          random              5  std logFC = 0.099
ENSG00000090534          random              6  std logFC = 0.098
[1] 120
Running 1vALL Testing for up-regulated genes
2024-09-08 00:30:09.377947 - Find markers for: other
2024-09-08 00:30:13.417606 - Find markers for: random
2024-09-08 00:30:17.467762 - Building Table
** Done! **

                           gene      logFC log.p.value       log.FDR  std.logFC
ENSG00000198570 ENSG00000198570 0.02113764  -11.405105 -1.689514e+00 0.11832033
ENSG00000156150 ENSG00000156150 0.01135971   -9.971069 -9.486256e-01 0.10899912
ENSG00000147654 ENSG00000147654 0.05258537   -7.809908 -8.366564e-05 0.09341918
ENSG00000167985 ENSG00000167985 0.06187364   -7.724531 -8.366564e-05 0.09275684
ENSG00000250208 ENSG00000250208 0.01164897   -7.598569 -8.366564e-05 0.09177209
ENSG00000115604 ENSG00000115604 0.01185417   -7.461246 -8.366564e-05 0.09068800
                cellType.target std.logFC.rank     std.logFC.anno
ENSG00000198570          random              1  std logFC = 0.118
ENSG00000156150          random              2  std logFC = 0.109
ENSG00000147654          random              3  std logFC = 0.093
ENSG00000167985          random              4  std logFC = 0.093
ENSG00000250208          random              5  std logFC = 0.092
ENSG00000115604          random              6  std logFC = 0.091
[1] 121
Running 1vALL Testing for up-regulated genes
2024-09-08 00:30:17.67685 - Find markers for: other
2024-09-08 00:30:21.647271 - Find markers for: random
2024-09-08 00:30:25.69459 - Building Table
** Done! **

                           gene      logFC log.p.value    log.FDR  std.logFC
ENSG00000185338 ENSG00000185338 0.01100253  -14.216509 -4.5009181 0.13466301
ENSG00000068489 ENSG00000068489 0.02894811   -9.226384 -0.6670523 0.10369213
ENSG00000103091 ENSG00000103091 0.10921430   -9.132426 -0.6670523 0.10302932
ENSG00000168591 ENSG00000168591 0.05602478   -8.996348 -0.6670523 0.10206263
ENSG00000125977 ENSG00000125977 0.07748670   -8.762377 -0.6562244 0.10038127
ENSG00000196778 ENSG00000196778 0.00712573   -8.343209 -0.5520671 0.09730524
                cellType.target std.logFC.rank     std.logFC.anno
ENSG00000185338          random              1  std logFC = 0.135
ENSG00000068489          random              2  std logFC = 0.104
ENSG00000103091          random              3  std logFC = 0.103
ENSG00000168591          random              4  std logFC = 0.102
ENSG00000125977          random              5    std logFC = 0.1
ENSG00000196778          random              6  std logFC = 0.097
[1] 122
Running 1vALL Testing for up-regulated genes
2024-09-08 00:30:25.880088 - Find markers for: other
2024-09-08 00:30:29.848914 - Find markers for: random
2024-09-08 00:30:33.900273 - Building Table
** Done! **

                           gene       logFC log.p.value    log.FDR  std.logFC
ENSG00000167759 ENSG00000167759 0.001085247  -11.023832 -1.8271488 0.11624584
ENSG00000003249 ENSG00000003249 0.028340088  -10.849592 -1.8271488 0.11512500
ENSG00000105559 ENSG00000105559 0.023730443   -9.957095 -1.3401167 0.10922201
ENSG00000141526 ENSG00000141526 0.027938742   -9.152709 -0.8234130 0.10364562
ENSG00000146469 ENSG00000146469 0.019344701   -8.921091 -0.8149382 0.10198983
ENSG00000131187 ENSG00000131187 0.017100824   -8.646581 -0.7227503 0.09999612
                cellType.target std.logFC.rank     std.logFC.anno
ENSG00000167759          random              1  std logFC = 0.116
ENSG00000003249          random              2  std logFC = 0.115
ENSG00000105559          random              3  std logFC = 0.109
ENSG00000141526          random              4  std logFC = 0.104
ENSG00000146469          random              5  std logFC = 0.102
ENSG00000131187          random              6    std logFC = 0.1
[1] 123
Running 1vALL Testing for up-regulated genes
2024-09-08 00:30:34.092878 - Find markers for: other
2024-09-08 00:30:38.257035 - Find markers for: random
2024-09-08 00:30:42.372169 - Building Table
** Done! **

                           gene       logFC log.p.value    log.FDR  std.logFC
ENSG00000189362 ENSG00000189362 0.035352701   -9.776552 -0.8401655 0.10789913
ENSG00000139151 ENSG00000139151 0.018928343   -9.745675 -0.8401655 0.10768783
ENSG00000196071 ENSG00000196071 0.018784995   -9.457144 -0.8401655 0.10569516
ENSG00000145824 ENSG00000145824 0.070492327   -9.149192 -0.8301221 0.10353079
ENSG00000132254 ENSG00000132254 0.038039936   -8.743753 -0.8301221 0.10061851
ENSG00000149573 ENSG00000149573 0.002417783   -8.541949 -0.8301221 0.09914086
                cellType.target std.logFC.rank     std.logFC.anno
ENSG00000189362          random              1  std logFC = 0.108
ENSG00000139151          random              2  std logFC = 0.108
ENSG00000196071          random              3  std logFC = 0.106
ENSG00000145824          random              4  std logFC = 0.104
ENSG00000132254          random              5  std logFC = 0.101
ENSG00000149573          random              6  std logFC = 0.099
[1] 124
Running 1vALL Testing for up-regulated genes
2024-09-08 00:30:42.575838 - Find markers for: other
2024-09-08 00:30:46.456823 - Find markers for: random
2024-09-08 00:30:50.548871 - Building Table
** Done! **

                           gene       logFC log.p.value    log.FDR  std.logFC
ENSG00000182885 ENSG00000182885 0.007575213  -12.197757 -2.4821665 0.12331238
ENSG00000239732 ENSG00000239732 0.007354773   -8.861720 -0.5688938 0.10136107
ENSG00000171951 ENSG00000171951 0.102050959   -8.696730 -0.5688938 0.10016482
ENSG00000179023 ENSG00000179023 0.001753928   -8.678634 -0.5688938 0.10003284
ENSG00000164220 ENSG00000164220 0.008000840   -8.632972 -0.5688938 0.09969915
ENSG00000054796 ENSG00000054796 0.002634685   -8.445986 -0.5688938 0.09832230
                cellType.target std.logFC.rank     std.logFC.anno
ENSG00000182885          random              1  std logFC = 0.123
ENSG00000239732          random              2  std logFC = 0.101
ENSG00000171951          random              3    std logFC = 0.1
ENSG00000179023          random              4    std logFC = 0.1
ENSG00000164220          random              5    std logFC = 0.1
ENSG00000054796          random              6  std logFC = 0.098
[1] 125
Running 1vALL Testing for up-regulated genes
2024-09-08 00:30:50.744344 - Find markers for: other
2024-09-08 00:30:54.833866 - Find markers for: random
2024-09-08 00:30:58.767619 - Building Table
** Done! **

                           gene      logFC log.p.value    log.FDR  std.logFC
ENSG00000182810 ENSG00000182810 0.01719875  -12.578403 -2.8628123 0.12524882
ENSG00000241484 ENSG00000241484 0.03253082  -10.649618 -1.8441034 0.11328849
ENSG00000142182 ENSG00000142182 0.00443571  -10.461082 -1.8441034 0.11205760
ENSG00000134830 ENSG00000134830 0.01519026   -8.933733 -0.7081763 0.10159847
ENSG00000198837 ENSG00000198837 0.06570768   -8.736137 -0.7081763 0.10017478
ENSG00000025770 ENSG00000025770 0.03990620   -8.517917 -0.7081763 0.09858146
                cellType.target std.logFC.rank     std.logFC.anno
ENSG00000182810          random              1  std logFC = 0.125
ENSG00000241484          random              2  std logFC = 0.113
ENSG00000142182          random              3  std logFC = 0.112
ENSG00000134830          random              4  std logFC = 0.102
ENSG00000198837          random              5    std logFC = 0.1
ENSG00000025770          random              6  std logFC = 0.099
[1] 126
Running 1vALL Testing for up-regulated genes
2024-09-08 00:30:58.954716 - Find markers for: other
2024-09-08 00:31:03.032506 - Find markers for: random
2024-09-08 00:31:07.156768 - Building Table
** Done! **

                           gene      logFC log.p.value   log.FDR std.logFC
ENSG00000115307 ENSG00000115307 0.05638961  -10.035681 -1.064358 0.1092304
ENSG00000137101 ENSG00000137101 0.03609632   -9.364010 -1.064358 0.1046352
ENSG00000165215 ENSG00000165215 0.01261953   -9.322779 -1.064358 0.1043472
ENSG00000004776 ENSG00000004776 0.01312483   -9.052208 -1.064358 0.1024398
ENSG00000185963 ENSG00000185963 0.06802296   -9.012341 -1.064358 0.1021561
ENSG00000157992 ENSG00000157992 0.01851737   -8.962085 -1.064358 0.1017974
                cellType.target std.logFC.rank     std.logFC.anno
ENSG00000115307          random              1  std logFC = 0.109
ENSG00000137101          random              2  std logFC = 0.105
ENSG00000165215          random              3  std logFC = 0.104
ENSG00000004776          random              4  std logFC = 0.102
ENSG00000185963          random              5  std logFC = 0.102
ENSG00000157992          random              6  std logFC = 0.102
[1] 127
Running 1vALL Testing for up-regulated genes
2024-09-08 00:31:07.348786 - Find markers for: random
2024-09-08 00:31:11.279862 - Find markers for: other
2024-09-08 00:31:15.155272 - Building Table
** Done! **

                           gene       logFC log.p.value    log.FDR  std.logFC
ENSG00000213024 ENSG00000213024 0.045176078   -9.103976 -0.4464183 0.10291369
ENSG00000204421 ENSG00000204421 0.004993343   -9.017773 -0.4464183 0.10230067
ENSG00000119457 ENSG00000119457 0.010199654   -8.879368 -0.4464183 0.10130954
ENSG00000138326 ENSG00000138326 0.087626893   -8.611471 -0.4464183 0.09936638
ENSG00000188425 ENSG00000188425 0.001678634   -8.552571 -0.4464183 0.09893464
ENSG00000188051 ENSG00000188051 0.016139489   -8.207007 -0.3656831 0.09636754
                cellType.target std.logFC.rank     std.logFC.anno
ENSG00000213024          random              1  std logFC = 0.103
ENSG00000204421          random              2  std logFC = 0.102
ENSG00000119457          random              3  std logFC = 0.101
ENSG00000138326          random              4  std logFC = 0.099
ENSG00000188425          random              5  std logFC = 0.099
ENSG00000188051          random              6  std logFC = 0.096
[1] 128
Running 1vALL Testing for up-regulated genes
2024-09-08 00:31:15.342447 - Find markers for: random
2024-09-08 00:31:19.454295 - Find markers for: other
2024-09-08 00:31:23.513832 - Building Table
** Done! **

                           gene       logFC log.p.value    log.FDR  std.logFC
ENSG00000036565 ENSG00000036565 0.009675005  -13.023806 -3.3082159 0.12912795
ENSG00000269720 ENSG00000269720 0.003745464   -9.199461 -0.4886129 0.10450760
ENSG00000108179 ENSG00000108179 0.033189841   -8.709716 -0.4886129 0.10097039
ENSG00000154646 ENSG00000154646 0.008224047   -8.495181 -0.4886129 0.09938599
ENSG00000141026 ENSG00000141026 0.056780263   -8.207667 -0.4886129 0.09722715
ENSG00000071909 ENSG00000071909 0.051855807   -8.016339 -0.4886129 0.09576696
                cellType.target std.logFC.rank     std.logFC.anno
ENSG00000036565          random              1  std logFC = 0.129
ENSG00000269720          random              2  std logFC = 0.105
ENSG00000108179          random              3  std logFC = 0.101
ENSG00000154646          random              4  std logFC = 0.099
ENSG00000141026          random              5  std logFC = 0.097
ENSG00000071909          random              6  std logFC = 0.096
[1] 129
Running 1vALL Testing for up-regulated genes
2024-09-08 00:31:23.696771 - Find markers for: other
2024-09-08 00:31:27.908308 - Find markers for: random
2024-09-08 00:31:31.855337 - Building Table
** Done! **

                           gene       logFC log.p.value    log.FDR  std.logFC
ENSG00000130518 ENSG00000130518 0.047071223   -9.823096 -0.4461831 0.10847890
ENSG00000181036 ENSG00000181036 0.006907497   -9.454340 -0.4461831 0.10593143
ENSG00000188133 ENSG00000188133 0.021710454   -9.063161 -0.4461831 0.10316806
ENSG00000148702 ENSG00000148702 0.007714257   -8.552836 -0.2908480 0.09946125
ENSG00000187840 ENSG00000187840 0.021160619   -8.397001 -0.2908480 0.09830483
ENSG00000134242 ENSG00000134242 0.024897081   -8.086498 -0.1626667 0.09596433
                cellType.target std.logFC.rank     std.logFC.anno
ENSG00000130518          random              1  std logFC = 0.108
ENSG00000181036          random              2  std logFC = 0.106
ENSG00000188133          random              3  std logFC = 0.103
ENSG00000148702          random              4  std logFC = 0.099
ENSG00000187840          random              5  std logFC = 0.098
ENSG00000134242          random              6  std logFC = 0.096
[1] 130
Running 1vALL Testing for up-regulated genes
2024-09-08 00:31:32.077098 - Find markers for: random
2024-09-08 00:31:36.185034 - Find markers for: other
2024-09-08 00:31:40.201894 - Building Table
** Done! **

                           gene       logFC log.p.value    log.FDR std.logFC
ENSG00000102100 ENSG00000102100 0.032054245  -11.648936 -1.9333456 0.1203601
ENSG00000128266 ENSG00000128266 0.067462193   -9.973682 -0.9512387 0.1094901
ENSG00000156983 ENSG00000156983 0.034068906   -8.821099 -0.7579653 0.1014119
ENSG00000160862 ENSG00000160862 0.028697575   -8.743532 -0.7579653 0.1008477
ENSG00000129514 ENSG00000129514 0.003765074   -8.709413 -0.7579653 0.1005986
ENSG00000177954 ENSG00000177954 0.087379002   -8.681796 -0.7579653 0.1003967
                cellType.target std.logFC.rank     std.logFC.anno
ENSG00000102100          random              1   std logFC = 0.12
ENSG00000128266          random              2  std logFC = 0.109
ENSG00000156983          random              3  std logFC = 0.101
ENSG00000160862          random              4  std logFC = 0.101
ENSG00000129514          random              5  std logFC = 0.101
ENSG00000177954          random              6    std logFC = 0.1
[1] 131
Running 1vALL Testing for up-regulated genes
2024-09-08 00:31:40.406327 - Find markers for: other
2024-09-08 00:31:44.411462 - Find markers for: random
2024-09-08 00:31:48.569389 - Building Table
** Done! **

                           gene       logFC log.p.value   log.FDR std.logFC
ENSG00000167272 ENSG00000167272 0.043626937  -10.098047 -1.001945 0.1097746
ENSG00000197238 ENSG00000197238 0.005330151   -9.592145 -1.001945 0.1063381
ENSG00000164113 ENSG00000164113 0.002244176   -9.229716 -1.001945 0.1038140
ENSG00000100104 ENSG00000100104 0.033174452   -8.945662 -1.001945 0.1017970
ENSG00000019169 ENSG00000019169 0.004663639   -8.943550 -1.001945 0.1017819
ENSG00000069812 ENSG00000069812 0.008392444   -8.839060 -1.001945 0.1010309
                cellType.target std.logFC.rank     std.logFC.anno
ENSG00000167272          random              1   std logFC = 0.11
ENSG00000197238          random              2  std logFC = 0.106
ENSG00000164113          random              3  std logFC = 0.104
ENSG00000100104          random              4  std logFC = 0.102
ENSG00000019169          random              5  std logFC = 0.102
ENSG00000069812          random              6  std logFC = 0.101
[1] 132
Running 1vALL Testing for up-regulated genes
2024-09-08 00:31:48.759951 - Find markers for: other
2024-09-08 00:31:52.641095 - Find markers for: random
2024-09-08 00:31:56.705561 - Building Table
** Done! **

                           gene       logFC log.p.value   log.FDR std.logFC
ENSG00000064195 ENSG00000064195 0.006632306  -11.584677 -1.869086 0.1201852
ENSG00000164778 ENSG00000164778 0.007684258  -10.605717 -1.583273 0.1139150
ENSG00000115009 ENSG00000115009 0.008305034  -10.061817 -1.477534 0.1102930
ENSG00000101115 ENSG00000101115 0.013016956   -9.806830 -1.477534 0.1085577
ENSG00000166411 ENSG00000166411 0.077956058   -9.544208 -1.452493 0.1067441
ENSG00000172428 ENSG00000172428 0.045616072   -9.376324 -1.452493 0.1055703
                cellType.target std.logFC.rank     std.logFC.anno
ENSG00000064195          random              1   std logFC = 0.12
ENSG00000164778          random              2  std logFC = 0.114
ENSG00000115009          random              3   std logFC = 0.11
ENSG00000101115          random              4  std logFC = 0.109
ENSG00000166411          random              5  std logFC = 0.107
ENSG00000172428          random              6  std logFC = 0.106
[1] 133
Running 1vALL Testing for up-regulated genes
2024-09-08 00:31:56.884525 - Find markers for: other
2024-09-08 00:32:00.883375 - Find markers for: random
2024-09-08 00:32:05.086188 - Building Table
** Done! **

                           gene      logFC log.p.value   log.FDR std.logFC
ENSG00000162746 ENSG00000162746 0.01079978  -11.290782 -2.073905 0.1179438
ENSG00000172116 ENSG00000172116 0.01519721  -11.096348 -2.073905 0.1167089
ENSG00000125931 ENSG00000125931 0.02015447   -9.363402 -1.153137 0.1051312
ENSG00000116761 ENSG00000116761 0.04302653   -9.222050 -1.153137 0.1041363
ENSG00000079332 ENSG00000079332 0.07129193   -9.086496 -1.153137 0.1031742
ENSG00000187867 ENSG00000187867 0.01117273   -9.076968 -1.153137 0.1031063
                cellType.target std.logFC.rank     std.logFC.anno
ENSG00000162746          random              1  std logFC = 0.118
ENSG00000172116          random              2  std logFC = 0.117
ENSG00000125931          random              3  std logFC = 0.105
ENSG00000116761          random              4  std logFC = 0.104
ENSG00000079332          random              5  std logFC = 0.103
ENSG00000187867          random              6  std logFC = 0.103
[1] 134
Running 1vALL Testing for up-regulated genes
2024-09-08 00:32:05.281236 - Find markers for: random
2024-09-08 00:32:09.190367 - Find markers for: other
2024-09-08 00:32:13.269637 - Building Table
** Done! **

                           gene       logFC log.p.value   log.FDR std.logFC
ENSG00000103111 ENSG00000103111 0.062382261   -9.783913 -1.235615 0.1086009
ENSG00000158427 ENSG00000158427 0.033765608   -9.324347 -1.235615 0.1053990
ENSG00000169738 ENSG00000169738 0.044917772   -9.167183 -1.235615 0.1042839
ENSG00000171489 ENSG00000171489 0.001909506   -9.068564 -1.235615 0.1035788
ENSG00000176720 ENSG00000176720 0.072589090   -9.059516 -1.235615 0.1035139
ENSG00000198786 ENSG00000198786 0.133732921   -8.737694 -1.235615 0.1011814
                cellType.target std.logFC.rank     std.logFC.anno
ENSG00000103111          random              1  std logFC = 0.109
ENSG00000158427          random              2  std logFC = 0.105
ENSG00000169738          random              3  std logFC = 0.104
ENSG00000171489          random              4  std logFC = 0.104
ENSG00000176720          random              5  std logFC = 0.104
ENSG00000198786          random              6  std logFC = 0.101
[1] 135
Running 1vALL Testing for up-regulated genes
2024-09-08 00:32:13.480393 - Find markers for: other
2024-09-08 00:32:17.463767 - Find markers for: random
2024-09-08 00:32:21.53711 - Building Table
** Done! **

                           gene       logFC log.p.value    log.FDR  std.logFC
ENSG00000035499 ENSG00000035499 0.032420362   -9.786492 -0.6336115 0.10844119
ENSG00000204385 ENSG00000204385 0.006486897   -8.747214 -0.6336115 0.10108564
ENSG00000161682 ENSG00000161682 0.039417797   -8.723158 -0.6336115 0.10090978
ENSG00000129993 ENSG00000129993 0.040521776   -8.637219 -0.6336115 0.10027928
ENSG00000116754 ENSG00000116754 0.112316478   -8.491259 -0.6336115 0.09920036
ENSG00000106648 ENSG00000106648 0.008351035   -8.292657 -0.6336115 0.09771553
                cellType.target std.logFC.rank     std.logFC.anno
ENSG00000035499          random              1  std logFC = 0.108
ENSG00000204385          random              2  std logFC = 0.101
ENSG00000161682          random              3  std logFC = 0.101
ENSG00000129993          random              4    std logFC = 0.1
ENSG00000116754          random              5  std logFC = 0.099
ENSG00000106648          random              6  std logFC = 0.098
[1] 136
Running 1vALL Testing for up-regulated genes
2024-09-08 00:32:21.73236 - Find markers for: random
2024-09-08 00:32:25.813452 - Find markers for: other
2024-09-08 00:32:29.695888 - Building Table
** Done! **

                           gene       logFC log.p.value    log.FDR  std.logFC
ENSG00000171489 ENSG00000171489 0.002301592  -12.475472 -2.7598811 0.12489078
ENSG00000111245 ENSG00000111245 0.001210441   -9.533381 -0.5402457 0.10603018
ENSG00000132825 ENSG00000132825 0.022119858   -8.639771 -0.5402457 0.09967648
ENSG00000171097 ENSG00000171097 0.085499328   -8.238259 -0.5402457 0.09670234
ENSG00000086717 ENSG00000086717 0.033524638   -8.210165 -0.5402457 0.09649123
ENSG00000148483 ENSG00000148483 0.010994124   -8.162610 -0.5402457 0.09613296
                cellType.target std.logFC.rank     std.logFC.anno
ENSG00000171489          random              1  std logFC = 0.125
ENSG00000111245          random              2  std logFC = 0.106
ENSG00000132825          random              3    std logFC = 0.1
ENSG00000171097          random              4  std logFC = 0.097
ENSG00000086717          random              5  std logFC = 0.096
ENSG00000148483          random              6  std logFC = 0.096
[1] 137
Running 1vALL Testing for up-regulated genes
2024-09-08 00:32:29.883091 - Find markers for: other
2024-09-08 00:32:33.9863 - Find markers for: random
2024-09-08 00:32:37.875236 - Building Table
** Done! **

                           gene       logFC log.p.value   log.FDR std.logFC
ENSG00000162526 ENSG00000162526 0.055394330  -13.982023 -4.266432 0.1342207
ENSG00000104976 ENSG00000104976 0.024112991  -10.350276 -1.971346 0.1120689
ENSG00000095981 ENSG00000095981 0.006221707  -10.227918 -1.971346 0.1112533
ENSG00000131408 ENSG00000131408 0.065367320  -10.214224 -1.971346 0.1111617
ENSG00000198899 ENSG00000198899 0.173249355  -10.077498 -1.971346 0.1102433
ENSG00000166813 ENSG00000166813 0.043174924   -9.870955 -1.947124 0.1088428
                cellType.target std.logFC.rank     std.logFC.anno
ENSG00000162526          random              1  std logFC = 0.134
ENSG00000104976          random              2  std logFC = 0.112
ENSG00000095981          random              3  std logFC = 0.111
ENSG00000131408          random              4  std logFC = 0.111
ENSG00000198899          random              5   std logFC = 0.11
ENSG00000166813          random              6  std logFC = 0.109
[1] 138
Running 1vALL Testing for up-regulated genes
2024-09-08 00:32:38.060233 - Find markers for: other
2024-09-08 00:32:42.048111 - Find markers for: random
2024-09-08 00:32:45.990716 - Building Table
** Done! **

                           gene       logFC log.p.value    log.FDR  std.logFC
ENSG00000127578 ENSG00000127578 0.017064388   -9.204341 -0.3554191 0.10447940
ENSG00000166165 ENSG00000166165 0.117112932   -8.904064 -0.3554191 0.10232540
ENSG00000182557 ENSG00000182557 0.018735904   -8.465277 -0.3554191 0.09910370
ENSG00000181817 ENSG00000181817 0.032096997   -8.395186 -0.3554191 0.09858051
ENSG00000170989 ENSG00000170989 0.025270924   -8.347658 -0.3554191 0.09822434
ENSG00000249751 ENSG00000249751 0.007461626   -7.893017 -0.3554191 0.09475835
                cellType.target std.logFC.rank     std.logFC.anno
ENSG00000127578          random              1  std logFC = 0.104
ENSG00000166165          random              2  std logFC = 0.102
ENSG00000182557          random              3  std logFC = 0.099
ENSG00000181817          random              4  std logFC = 0.099
ENSG00000170989          random              5  std logFC = 0.098
ENSG00000249751          random              6  std logFC = 0.095
[1] 139
Running 1vALL Testing for up-regulated genes
2024-09-08 00:32:46.162468 - Find markers for: random
2024-09-08 00:32:50.209645 - Find markers for: other
2024-09-08 00:32:54.177173 - Building Table
** Done! **

                           gene       logFC log.p.value    log.FDR  std.logFC
ENSG00000027869 ENSG00000027869 0.011700750  -13.012911 -3.2973204 0.12836407
ENSG00000114737 ENSG00000114737 0.005773335  -10.342139 -1.3196961 0.11176428
ENSG00000127415 ENSG00000127415 0.039576243   -9.163798 -0.6156342 0.10368832
ENSG00000172336 ENSG00000172336 0.029512968   -8.827866 -0.6156342 0.10128150
ENSG00000004777 ENSG00000004777 0.059190745   -8.721787 -0.6156342 0.10051091
ENSG00000137634 ENSG00000137634 0.002202298   -8.259214 -0.3353826 0.09708795
                cellType.target std.logFC.rank     std.logFC.anno
ENSG00000027869          random              1  std logFC = 0.128
ENSG00000114737          random              2  std logFC = 0.112
ENSG00000127415          random              3  std logFC = 0.104
ENSG00000172336          random              4  std logFC = 0.101
ENSG00000004777          random              5  std logFC = 0.101
ENSG00000137634          random              6  std logFC = 0.097
[1] 140
Running 1vALL Testing for up-regulated genes
2024-09-08 00:32:54.397936 - Find markers for: other
2024-09-08 00:32:58.452325 - Find markers for: random
2024-09-08 00:33:02.59797 - Building Table
** Done! **

                           gene       logFC log.p.value   log.FDR std.logFC
ENSG00000113389 ENSG00000113389 0.019815530  -12.389276 -2.673686 0.1252180
ENSG00000077274 ENSG00000077274 0.002554742   -9.829481 -1.311039 0.1087942
ENSG00000140451 ENSG00000140451 0.019777205   -9.758544 -1.311039 0.1083073
ENSG00000188691 ENSG00000188691 0.001977148   -9.640335 -1.311039 0.1074915
ENSG00000160886 ENSG00000160886 0.004192196   -9.102493 -1.148994 0.1037079
ENSG00000183597 ENSG00000183597 0.076457634   -8.949260 -1.148994 0.1026073
                cellType.target std.logFC.rank     std.logFC.anno
ENSG00000113389          random              1  std logFC = 0.125
ENSG00000077274          random              2  std logFC = 0.109
ENSG00000140451          random              3  std logFC = 0.108
ENSG00000188691          random              4  std logFC = 0.107
ENSG00000160886          random              5  std logFC = 0.104
ENSG00000183597          random              6  std logFC = 0.103
[1] 141
Running 1vALL Testing for up-regulated genes
2024-09-08 00:33:02.789713 - Find markers for: other
2024-09-08 00:33:06.775902 - Find markers for: random
2024-09-08 00:33:10.718535 - Building Table
** Done! **

                           gene       logFC log.p.value   log.FDR std.logFC
ENSG00000126107 ENSG00000126107 0.042876875  -10.795478 -1.581799 0.1140525
ENSG00000006530 ENSG00000006530 0.094920340  -10.443936 -1.581799 0.1117686
ENSG00000184361 ENSG00000184361 0.010921923  -10.198777 -1.581799 0.1101507
ENSG00000182973 ENSG00000182973 0.099312814   -9.652498 -1.323202 0.1064665
ENSG00000132698 ENSG00000132698 0.006120028   -9.362064 -1.255911 0.1044606
ENSG00000115556 ENSG00000115556 0.039887765   -8.912553 -1.199903 0.1012868
                cellType.target std.logFC.rank     std.logFC.anno
ENSG00000126107          random              1  std logFC = 0.114
ENSG00000006530          random              2  std logFC = 0.112
ENSG00000184361          random              3   std logFC = 0.11
ENSG00000182973          random              4  std logFC = 0.106
ENSG00000132698          random              5  std logFC = 0.104
ENSG00000115556          random              6  std logFC = 0.101
[1] 142
Running 1vALL Testing for up-regulated genes
2024-09-08 00:33:10.902558 - Find markers for: other
2024-09-08 00:33:14.940087 - Find markers for: random
2024-09-08 00:33:18.937109 - Building Table
** Done! **

                           gene       logFC log.p.value    log.FDR  std.logFC
ENSG00000009790 ENSG00000009790 0.032274942  -10.604653 -0.8890627 0.11319196
ENSG00000165879 ENSG00000165879 0.016687498   -9.666498 -0.6595052 0.10691566
ENSG00000104972 ENSG00000104972 0.026045881   -9.192321 -0.6595052 0.10361473
ENSG00000130066 ENSG00000130066 0.115255924   -8.988801 -0.6595052 0.10216896
ENSG00000187848 ENSG00000187848 0.004318721   -8.530155 -0.5320234 0.09884251
ENSG00000206474 ENSG00000206474 0.002917702   -8.327520 -0.5320234 0.09734106
                cellType.target std.logFC.rank     std.logFC.anno
ENSG00000009790          random              1  std logFC = 0.113
ENSG00000165879          random              2  std logFC = 0.107
ENSG00000104972          random              3  std logFC = 0.104
ENSG00000130066          random              4  std logFC = 0.102
ENSG00000187848          random              5  std logFC = 0.099
ENSG00000206474          random              6  std logFC = 0.097
[1] 143
Running 1vALL Testing for up-regulated genes
2024-09-08 00:33:19.1411 - Find markers for: other
2024-09-08 00:33:23.126187 - Find markers for: random
2024-09-08 00:33:26.999011 - Building Table
** Done! **

                           gene       logFC log.p.value   log.FDR  std.logFC
ENSG00000163141 ENSG00000163141 0.019898581  -12.522755 -2.807165 0.12571642
ENSG00000171792 ENSG00000171792 0.025756805  -10.174765 -1.251504 0.11086849
ENSG00000130649 ENSG00000130649 0.041740032   -9.868482 -1.251504 0.10879761
ENSG00000171843 ENSG00000171843 0.154711495   -8.794521 -1.060744 0.10123994
ENSG00000089225 ENSG00000089225 0.005138135   -8.613289 -1.060744 0.09991482
ENSG00000008405 ENSG00000008405 0.079667087   -8.475819 -1.060744 0.09889926
                cellType.target std.logFC.rank     std.logFC.anno
ENSG00000163141          random              1  std logFC = 0.126
ENSG00000171792          random              2  std logFC = 0.111
ENSG00000130649          random              3  std logFC = 0.109
ENSG00000171843          random              4  std logFC = 0.101
ENSG00000089225          random              5    std logFC = 0.1
ENSG00000008405          random              6  std logFC = 0.099
[1] 144
Running 1vALL Testing for up-regulated genes
2024-09-08 00:33:27.168997 - Find markers for: other
2024-09-08 00:33:31.287771 - Find markers for: random
2024-09-08 00:33:35.273215 - Building Table
** Done! **

                           gene       logFC log.p.value   log.FDR std.logFC
ENSG00000163060 ENSG00000163060 0.026051820  -12.014762 -2.299171 0.1220879
ENSG00000124003 ENSG00000124003 0.031023080  -11.208953 -2.186510 0.1170856
ENSG00000129151 ENSG00000129151 0.071174229  -10.302941 -1.746169 0.1112194
ENSG00000109424 ENSG00000109424 0.003997657   -9.343776 -1.746169 0.1046896
ENSG00000172216 ENSG00000172216 0.047958809   -9.337430 -1.746169 0.1046452
ENSG00000144134 ENSG00000144134 0.089326415   -9.287661 -1.746169 0.1042964
                cellType.target std.logFC.rank     std.logFC.anno
ENSG00000163060          random              1  std logFC = 0.122
ENSG00000124003          random              2  std logFC = 0.117
ENSG00000129151          random              3  std logFC = 0.111
ENSG00000109424          random              4  std logFC = 0.105
ENSG00000172216          random              5  std logFC = 0.105
ENSG00000144134          random              6  std logFC = 0.104
[1] 145
Running 1vALL Testing for up-regulated genes
2024-09-08 00:33:35.47176 - Find markers for: random
2024-09-08 00:33:39.37822 - Find markers for: other
2024-09-08 00:33:43.313449 - Building Table
** Done! **

                           gene      logFC log.p.value    log.FDR  std.logFC
ENSG00000130720 ENSG00000130720 0.02468264  -12.496073 -2.7804823 0.12537148
ENSG00000145198 ENSG00000145198 0.06336179   -9.246892 -0.2645440 0.10432844
ENSG00000204315 ENSG00000204315 0.01134796   -8.881522 -0.2645440 0.10172039
ENSG00000171466 ENSG00000171466 0.07480672   -8.551668 -0.2246197 0.09931401
ENSG00000128011 ENSG00000128011 0.03276435   -8.207740 -0.2246197 0.09674908
ENSG00000105497 ENSG00000105497 0.04891775   -7.890518 -0.2246197 0.09432940
                cellType.target std.logFC.rank     std.logFC.anno
ENSG00000130720          random              1  std logFC = 0.125
ENSG00000145198          random              2  std logFC = 0.104
ENSG00000204315          random              3  std logFC = 0.102
ENSG00000171466          random              4  std logFC = 0.099
ENSG00000128011          random              5  std logFC = 0.097
ENSG00000105497          random              6  std logFC = 0.094
[1] 146
Running 1vALL Testing for up-regulated genes
2024-09-08 00:33:43.505381 - Find markers for: other
2024-09-08 00:33:47.73044 - Find markers for: random
2024-09-08 00:33:51.732537 - Building Table
** Done! **

                           gene       logFC log.p.value    log.FDR  std.logFC
ENSG00000123685 ENSG00000123685 0.031051568  -10.905336 -1.3540598 0.11525615
ENSG00000145423 ENSG00000145423 0.015761955  -10.376503 -1.3540598 0.11180915
ENSG00000108823 ENSG00000108823 0.009594094   -9.457382 -0.8531796 0.10557925
ENSG00000064195 ENSG00000064195 0.005563900   -8.783561 -0.8531796 0.10079549
ENSG00000147133 ENSG00000147133 0.102800648   -8.590004 -0.8531796 0.09938380
ENSG00000019549 ENSG00000019549 0.008228731   -8.501560 -0.8531796 0.09873284
                cellType.target std.logFC.rank     std.logFC.anno
ENSG00000123685          random              1  std logFC = 0.115
ENSG00000145423          random              2  std logFC = 0.112
ENSG00000108823          random              3  std logFC = 0.106
ENSG00000064195          random              4  std logFC = 0.101
ENSG00000147133          random              5  std logFC = 0.099
ENSG00000019549          random              6  std logFC = 0.099
[1] 147
Running 1vALL Testing for up-regulated genes
2024-09-08 00:33:51.921544 - Find markers for: other
2024-09-08 00:33:56.037107 - Find markers for: random
2024-09-08 00:34:00.122132 - Building Table
** Done! **

                           gene       logFC log.p.value     log.FDR  std.logFC
ENSG00000187116 ENSG00000187116 0.004018816   -9.640259 -0.07120745 0.10674106
ENSG00000256812 ENSG00000256812 0.004029506   -8.493566 -0.07120745 0.09857814
ENSG00000012211 ENSG00000012211 0.014950796   -8.411005 -0.07120745 0.09796733
ENSG00000184702 ENSG00000184702 0.039936275   -8.346397 -0.07120745 0.09748699
ENSG00000203870 ENSG00000203870 0.004932956   -7.841951 -0.07120745 0.09366279
ENSG00000222011 ENSG00000222011 0.074305119   -7.670632 -0.07120745 0.09233272
                cellType.target std.logFC.rank     std.logFC.anno
ENSG00000187116          random              1  std logFC = 0.107
ENSG00000256812          random              2  std logFC = 0.099
ENSG00000012211          random              3  std logFC = 0.098
ENSG00000184702          random              4  std logFC = 0.097
ENSG00000203870          random              5  std logFC = 0.094
ENSG00000222011          random              6  std logFC = 0.092
[1] 148
Running 1vALL Testing for up-regulated genes
2024-09-08 00:34:00.307248 - Find markers for: other
2024-09-08 00:34:04.186279 - Find markers for: random
2024-09-08 00:34:08.198571 - Building Table
** Done! **

                           gene       logFC log.p.value    log.FDR std.logFC
ENSG00000078900 ENSG00000078900 0.039653252  -12.546250 -2.8306600 0.1256094
ENSG00000205678 ENSG00000205678 0.003384186  -10.605074 -1.5826307 0.1134970
ENSG00000186847 ENSG00000186847 0.003665660   -9.593493 -0.9765145 0.1066975
ENSG00000102243 ENSG00000102243 0.001915723   -8.922785 -0.7432280 0.1019677
ENSG00000198796 ENSG00000198796 0.009875592   -8.552345 -0.7432280 0.0992701
ENSG00000181284 ENSG00000181284 0.002395022   -8.501743 -0.7432280 0.0988966
                cellType.target std.logFC.rank     std.logFC.anno
ENSG00000078900          random              1  std logFC = 0.126
ENSG00000205678          random              2  std logFC = 0.113
ENSG00000186847          random              3  std logFC = 0.107
ENSG00000102243          random              4  std logFC = 0.102
ENSG00000198796          random              5  std logFC = 0.099
ENSG00000181284          random              6  std logFC = 0.099
[1] 149
Running 1vALL Testing for up-regulated genes
2024-09-08 00:34:08.370122 - Find markers for: other
2024-09-08 00:34:12.36745 - Find markers for: random
2024-09-08 00:34:16.419797 - Building Table
** Done! **

                           gene       logFC log.p.value    log.FDR  std.logFC
ENSG00000166164 ENSG00000166164 0.094907961  -10.239787 -0.9506635 0.11083225
ENSG00000140254 ENSG00000140254 0.020380128   -9.973107 -0.9506635 0.10904513
ENSG00000125538 ENSG00000125538 0.016134134   -9.145429 -0.5387201 0.10332360
ENSG00000196586 ENSG00000196586 0.129199352   -8.868016 -0.5387201 0.10134191
ENSG00000152463 ENSG00000152463 0.009473293   -8.285928 -0.5039286 0.09706831
ENSG00000277075 ENSG00000277075 0.011827918   -8.218679 -0.5039286 0.09656389
                cellType.target std.logFC.rank     std.logFC.anno
ENSG00000166164          random              1  std logFC = 0.111
ENSG00000140254          random              2  std logFC = 0.109
ENSG00000125538          random              3  std logFC = 0.103
ENSG00000196586          random              4  std logFC = 0.101
ENSG00000152463          random              5  std logFC = 0.097
ENSG00000277075          random              6  std logFC = 0.097
[1] 150
Running 1vALL Testing for up-regulated genes
2024-09-08 00:34:16.608031 - Find markers for: random
2024-09-08 00:34:20.568574 - Find markers for: other
2024-09-08 00:34:24.665303 - Building Table
** Done! **

                           gene       logFC log.p.value    log.FDR std.logFC
ENSG00000124568 ENSG00000124568 0.003298810  -11.077263 -1.3616722 0.1166343
ENSG00000050344 ENSG00000050344 0.028503649   -9.299927 -0.9537661 0.1047279
ENSG00000179344 ENSG00000179344 0.021044686   -9.071803 -0.9537661 0.1031112
ENSG00000127074 ENSG00000127074 0.003230413   -9.068109 -0.9537661 0.1030848
ENSG00000046647 ENSG00000046647 0.072234882   -8.889320 -0.9537661 0.1018016
ENSG00000162390 ENSG00000162390 0.115974219   -8.696516 -0.9537661 0.1004016
                cellType.target std.logFC.rank     std.logFC.anno
ENSG00000124568          random              1  std logFC = 0.117
ENSG00000050344          random              2  std logFC = 0.105
ENSG00000179344          random              3  std logFC = 0.103
ENSG00000127074          random              4  std logFC = 0.103
ENSG00000046647          random              5  std logFC = 0.102
ENSG00000162390          random              6    std logFC = 0.1
[1] 151
Running 1vALL Testing for up-regulated genes
2024-09-08 00:34:24.857925 - Find markers for: other
2024-09-08 00:34:29.071506 - Find markers for: random
2024-09-08 00:34:33.255946 - Building Table
** Done! **

                           gene       logFC log.p.value   log.FDR std.logFC
ENSG00000137868 ENSG00000137868 0.008634312  -13.126845 -3.411254 0.1280626
ENSG00000243364 ENSG00000243364 0.013680940  -11.071775 -2.049331 0.1156397
ENSG00000149735 ENSG00000149735 0.003331253  -10.477803 -1.860825 0.1118172
ENSG00000242485 ENSG00000242485 0.068114079   -9.861404 -1.532108 0.1077218
ENSG00000100979 ENSG00000100979 0.060095059   -9.503871 -1.465343 0.1052811
ENSG00000188833 ENSG00000188833 0.004758237   -9.389174 -1.465343 0.1044874
                cellType.target std.logFC.rank     std.logFC.anno
ENSG00000137868          random              1  std logFC = 0.128
ENSG00000243364          random              2  std logFC = 0.116
ENSG00000149735          random              3  std logFC = 0.112
ENSG00000242485          random              4  std logFC = 0.108
ENSG00000100979          random              5  std logFC = 0.105
ENSG00000188833          random              6  std logFC = 0.104
[1] 152
Running 1vALL Testing for up-regulated genes
2024-09-08 00:34:33.445396 - Find markers for: other
2024-09-08 00:34:37.34847 - Find markers for: random
2024-09-08 00:34:41.344583 - Building Table
** Done! **

                           gene       logFC log.p.value   log.FDR std.logFC
ENSG00000141682 ENSG00000141682 0.015164894   -14.65249 -5.500925 0.1382589
ENSG00000140104 ENSG00000140104 0.055973463   -14.52337 -5.500925 0.1375460
ENSG00000224383 ENSG00000224383 0.068955349   -13.82402 -5.207040 0.1336240
ENSG00000017483 ENSG00000017483 0.021708034   -12.24600 -3.916708 0.1243590
ENSG00000187550 ENSG00000187550 0.001931304   -11.90096 -3.794804 0.1222477
ENSG00000070031 ENSG00000070031 0.007591943   -11.67709 -3.753262 0.1208600
                cellType.target std.logFC.rank     std.logFC.anno
ENSG00000141682          random              1  std logFC = 0.138
ENSG00000140104          random              2  std logFC = 0.138
ENSG00000224383          random              3  std logFC = 0.134
ENSG00000017483          random              4  std logFC = 0.124
ENSG00000187550          random              5  std logFC = 0.122
ENSG00000070031          random              6  std logFC = 0.121
[1] 153
Running 1vALL Testing for up-regulated genes
2024-09-08 00:34:41.529385 - Find markers for: other
2024-09-08 00:34:45.390019 - Find markers for: random
2024-09-08 00:34:49.385684 - Building Table
** Done! **

                           gene      logFC log.p.value   log.FDR std.logFC
ENSG00000183963 ENSG00000183963 0.04250791  -16.649144 -6.933554 0.1484709
ENSG00000172752 ENSG00000172752 0.00857997  -11.246341 -2.223898 0.1178251
ENSG00000120156 ENSG00000120156 0.06649874   -9.859697 -1.291247 0.1087099
ENSG00000179886 ENSG00000179886 0.02695492   -9.517119 -1.291247 0.1063504
ENSG00000273749 ENSG00000273749 0.11522666   -9.397399 -1.291247 0.1055148
ENSG00000136271 ENSG00000136271 0.05285439   -8.813383 -1.078506 0.1013510
                cellType.target std.logFC.rank     std.logFC.anno
ENSG00000183963          random              1  std logFC = 0.148
ENSG00000172752          random              2  std logFC = 0.118
ENSG00000120156          random              3  std logFC = 0.109
ENSG00000179886          random              4  std logFC = 0.106
ENSG00000273749          random              5  std logFC = 0.106
ENSG00000136271          random              6  std logFC = 0.101
[1] 154
Running 1vALL Testing for up-regulated genes
2024-09-08 00:34:49.563787 - Find markers for: other
2024-09-08 00:34:53.504963 - Find markers for: random
2024-09-08 00:34:57.369242 - Building Table
** Done! **

                           gene        logFC log.p.value   log.FDR std.logFC
ENSG00000070388 ENSG00000070388 0.0328438582  -12.441695 -2.726105 0.1246994
ENSG00000117597 ENSG00000117597 0.0558466438   -9.149432 -1.083265 0.1033513
ENSG00000147533 ENSG00000147533 0.0783009073   -9.103790 -1.083265 0.1030277
ENSG00000179580 ENSG00000179580 0.0015920717   -9.052279 -1.083265 0.1026614
ENSG00000154678 ENSG00000154678 0.2070660691   -9.024586 -1.083265 0.1024639
ENSG00000186652 ENSG00000186652 0.0009200221   -8.800615 -1.083265 0.1008546
                cellType.target std.logFC.rank     std.logFC.anno
ENSG00000070388          random              1  std logFC = 0.125
ENSG00000117597          random              2  std logFC = 0.103
ENSG00000147533          random              3  std logFC = 0.103
ENSG00000179580          random              4  std logFC = 0.103
ENSG00000154678          random              5  std logFC = 0.102
ENSG00000186652          random              6  std logFC = 0.101
[1] 155
Running 1vALL Testing for up-regulated genes
2024-09-08 00:34:57.553758 - Find markers for: other
2024-09-08 00:35:01.637756 - Find markers for: random
2024-09-08 00:35:05.803295 - Building Table
** Done! **

                           gene       logFC log.p.value   log.FDR std.logFC
ENSG00000078177 ENSG00000078177 0.126914866  -12.369919 -2.654329 0.1244524
ENSG00000049249 ENSG00000049249 0.010062320  -11.310561 -2.625633 0.1179337
ENSG00000104371 ENSG00000104371 0.002207099  -11.242612 -2.625633 0.1175043
ENSG00000154127 ENSG00000154127 0.108508022  -10.714450 -2.385154 0.1141176
ENSG00000172936 ENSG00000172936 0.014747565   -9.658969 -1.552817 0.1070623
ENSG00000152591 ENSG00000152591 0.002281887   -9.443980 -1.520149 0.1055737
                cellType.target std.logFC.rank     std.logFC.anno
ENSG00000078177          random              1  std logFC = 0.124
ENSG00000049249          random              2  std logFC = 0.118
ENSG00000104371          random              3  std logFC = 0.118
ENSG00000154127          random              4  std logFC = 0.114
ENSG00000172936          random              5  std logFC = 0.107
ENSG00000152591          random              6  std logFC = 0.106
[1] 156
Running 1vALL Testing for up-regulated genes
2024-09-08 00:35:05.997944 - Find markers for: other
2024-09-08 00:35:10.13514 - Find markers for: random
2024-09-08 00:35:14.284196 - Building Table
** Done! **

                           gene       logFC log.p.value   log.FDR std.logFC
ENSG00000198796 ENSG00000198796 0.012673614  -12.869627 -3.154036 0.1274525
ENSG00000112029 ENSG00000112029 0.020108524  -10.909293 -2.326559 0.1154056
ENSG00000161618 ENSG00000161618 0.029256858  -10.884967 -2.326559 0.1152490
ENSG00000162763 ENSG00000162763 0.003497490  -10.655855 -2.326559 0.1137640
ENSG00000133317 ENSG00000133317 0.002736860   -9.821509 -1.715357 0.1082021
ENSG00000260325 ENSG00000260325 0.003178976   -9.293130 -1.509634 0.1045435
                cellType.target std.logFC.rank     std.logFC.anno
ENSG00000198796          random              1  std logFC = 0.127
ENSG00000112029          random              2  std logFC = 0.115
ENSG00000161618          random              3  std logFC = 0.115
ENSG00000162763          random              4  std logFC = 0.114
ENSG00000133317          random              5  std logFC = 0.108
ENSG00000260325          random              6  std logFC = 0.105
[1] 157
Running 1vALL Testing for up-regulated genes
2024-09-08 00:35:14.482569 - Find markers for: other
2024-09-08 00:35:18.653831 - Find markers for: random
2024-09-08 00:35:22.530111 - Building Table
** Done! **

                           gene       logFC log.p.value    log.FDR  std.logFC
ENSG00000185519 ENSG00000185519 0.028061828   -9.789143 -0.2983626 0.10831847
ENSG00000072694 ENSG00000072694 0.009604282   -8.439562 -0.2983626 0.09868735
ENSG00000088826 ENSG00000088826 0.048957255   -8.312544 -0.2983626 0.09773795
ENSG00000168925 ENSG00000168925 0.004988875   -8.060455 -0.2983626 0.09582936
ENSG00000120729 ENSG00000120729 0.023694674   -8.038466 -0.2983626 0.09566130
ENSG00000146910 ENSG00000146910 0.002272024   -8.013543 -0.2983626 0.09547050
                cellType.target std.logFC.rank     std.logFC.anno
ENSG00000185519          random              1  std logFC = 0.108
ENSG00000072694          random              2  std logFC = 0.099
ENSG00000088826          random              3  std logFC = 0.098
ENSG00000168925          random              4  std logFC = 0.096
ENSG00000120729          random              5  std logFC = 0.096
ENSG00000146910          random              6  std logFC = 0.095
[1] 158
Running 1vALL Testing for up-regulated genes
2024-09-08 00:35:22.715925 - Find markers for: other
2024-09-08 00:35:26.741443 - Find markers for: random
2024-09-08 00:35:30.642628 - Building Table
** Done! **

                           gene       logFC log.p.value    log.FDR  std.logFC
ENSG00000053702 ENSG00000053702 0.029970280  -11.083865 -1.4864374 0.11614180
ENSG00000182318 ENSG00000182318 0.026852256  -10.508881 -1.4864374 0.11243195
ENSG00000115085 ENSG00000115085 0.012283336   -9.045719 -0.6028755 0.10245326
ENSG00000102683 ENSG00000102683 0.016290436   -8.817116 -0.6028755 0.10081520
ENSG00000072080 ENSG00000072080 0.004306185   -8.569483 -0.6028755 0.09901384
ENSG00000111641 ENSG00000111641 0.043425427   -8.347211 -0.6028755 0.09737204
                cellType.target std.logFC.rank     std.logFC.anno
ENSG00000053702          random              1  std logFC = 0.116
ENSG00000182318          random              2  std logFC = 0.112
ENSG00000115085          random              3  std logFC = 0.102
ENSG00000102683          random              4  std logFC = 0.101
ENSG00000072080          random              5  std logFC = 0.099
ENSG00000111641          random              6  std logFC = 0.097
[1] 159
Running 1vALL Testing for up-regulated genes
2024-09-08 00:35:30.821448 - Find markers for: other
2024-09-08 00:35:34.856752 - Find markers for: random
2024-09-08 00:35:38.885552 - Building Table
** Done! **

                           gene       logFC log.p.value    log.FDR  std.logFC
ENSG00000197238 ENSG00000197238 0.005692986  -10.622694 -0.9071031 0.11358876
ENSG00000170276 ENSG00000170276 0.016615799   -9.609782 -0.6866610 0.10678809
ENSG00000187569 ENSG00000187569 0.003724229   -9.303639 -0.6866610 0.10465521
ENSG00000101343 ENSG00000101343 0.047601849   -8.589645 -0.4243685 0.09952413
ENSG00000173261 ENSG00000173261 0.044546609   -8.527863 -0.4243685 0.09906913
ENSG00000132341 ENSG00000132341 0.051576984   -8.342779 -0.4243685 0.09769494
                cellType.target std.logFC.rank     std.logFC.anno
ENSG00000197238          random              1  std logFC = 0.114
ENSG00000170276          random              2  std logFC = 0.107
ENSG00000187569          random              3  std logFC = 0.105
ENSG00000101343          random              4    std logFC = 0.1
ENSG00000173261          random              5  std logFC = 0.099
ENSG00000132341          random              6  std logFC = 0.098
[1] 160
Running 1vALL Testing for up-regulated genes
2024-09-08 00:35:39.076874 - Find markers for: other
2024-09-08 00:35:42.98275 - Find markers for: random
2024-09-08 00:35:47.094276 - Building Table
** Done! **

                           gene       logFC log.p.value    log.FDR  std.logFC
ENSG00000122224 ENSG00000122224 0.007881761   -9.684220 -0.6074977 0.10773934
ENSG00000064218 ENSG00000064218 0.004996730   -9.610021 -0.6074977 0.10722601
ENSG00000088836 ENSG00000088836 0.012207053   -9.224476 -0.6074977 0.10452263
ENSG00000146842 ENSG00000146842 0.063310793   -8.918220 -0.5889240 0.10233014
ENSG00000174343 ENSG00000174343 0.004325793   -8.692799 -0.5866466 0.10068942
ENSG00000186648 ENSG00000186648 0.039843805   -8.505856 -0.5820246 0.09931067
                cellType.target std.logFC.rank     std.logFC.anno
ENSG00000122224          random              1  std logFC = 0.108
ENSG00000064218          random              2  std logFC = 0.107
ENSG00000088836          random              3  std logFC = 0.105
ENSG00000146842          random              4  std logFC = 0.102
ENSG00000174343          random              5  std logFC = 0.101
ENSG00000186648          random              6  std logFC = 0.099
[1] 161
Running 1vALL Testing for up-regulated genes
2024-09-08 00:35:47.276556 - Find markers for: other
2024-09-08 00:35:51.140945 - Find markers for: random
2024-09-08 00:35:55.289119 - Building Table
** Done! **

                           gene       logFC log.p.value    log.FDR  std.logFC
ENSG00000118017 ENSG00000118017 0.003736198  -11.228351 -2.1902056 0.11719381
ENSG00000127666 ENSG00000127666 0.038996810  -11.212649 -2.1902056 0.11709451
ENSG00000105607 ENSG00000105607 0.063726537  -10.117702 -1.5007235 0.10997178
ENSG00000180318 ENSG00000180318 0.005703424   -9.018052 -0.6887558 0.10237549
ENSG00000164300 ENSG00000164300 0.134531196   -8.654071 -0.6258698 0.09974857
ENSG00000103043 ENSG00000103043 0.077887634   -8.549701 -0.6258698 0.09898398
                cellType.target std.logFC.rank     std.logFC.anno
ENSG00000118017          random              1  std logFC = 0.117
ENSG00000127666          random              2  std logFC = 0.117
ENSG00000105607          random              3   std logFC = 0.11
ENSG00000180318          random              4  std logFC = 0.102
ENSG00000164300          random              5    std logFC = 0.1
ENSG00000103043          random              6  std logFC = 0.099
[1] 162
Running 1vALL Testing for up-regulated genes
2024-09-08 00:35:55.491841 - Find markers for: other
2024-09-08 00:35:59.434881 - Find markers for: random
2024-09-08 00:36:03.517056 - Building Table
** Done! **

                           gene       logFC log.p.value   log.FDR std.logFC
ENSG00000170291 ENSG00000170291 0.047247550   -13.51961 -3.804024 0.1317576
ENSG00000185264 ENSG00000185264 0.004049378   -11.73016 -2.831415 0.1210747
ENSG00000099958 ENSG00000099958 0.019266963   -11.44839 -2.831415 0.1193133
ENSG00000172404 ENSG00000172404 0.006517205   -10.37585 -2.046555 0.1123811
ENSG00000225950 ENSG00000225950 0.002847788   -10.02033 -1.987639 0.1099967
ENSG00000054938 ENSG00000054938 0.009969327    -9.91147 -1.987639 0.1092573
                cellType.target std.logFC.rank     std.logFC.anno
ENSG00000170291          random              1  std logFC = 0.132
ENSG00000185264          random              2  std logFC = 0.121
ENSG00000099958          random              3  std logFC = 0.119
ENSG00000172404          random              4  std logFC = 0.112
ENSG00000225950          random              5   std logFC = 0.11
ENSG00000054938          random              6  std logFC = 0.109
[1] 163
Running 1vALL Testing for up-regulated genes
2024-09-08 00:36:03.727915 - Find markers for: other
2024-09-08 00:36:07.837107 - Find markers for: random
2024-09-08 00:36:11.76729 - Building Table
** Done! **

                           gene      logFC log.p.value    log.FDR  std.logFC
ENSG00000198258 ENSG00000198258 0.07622042  -17.457988 -7.7423980 0.15295637
ENSG00000100726 ENSG00000100726 0.05170119  -10.313288 -1.2908443 0.11205141
ENSG00000175756 ENSG00000175756 0.04917917   -9.687445 -1.0704673 0.10780468
ENSG00000162836 ENSG00000162836 0.07224496   -9.108682 -0.7793855 0.10373994
ENSG00000170236 ENSG00000170236 0.02156186   -8.210160 -0.2107364 0.09713362
ENSG00000164305 ENSG00000164305 0.05660008   -8.134567 -0.2107364 0.09655978
                cellType.target std.logFC.rank     std.logFC.anno
ENSG00000198258          random              1  std logFC = 0.153
ENSG00000100726          random              2  std logFC = 0.112
ENSG00000175756          random              3  std logFC = 0.108
ENSG00000162836          random              4  std logFC = 0.104
ENSG00000170236          random              5  std logFC = 0.097
ENSG00000164305          random              6  std logFC = 0.097
[1] 164
Running 1vALL Testing for up-regulated genes
2024-09-08 00:36:11.965646 - Find markers for: other
2024-09-08 00:36:16.005586 - Find markers for: random
2024-09-08 00:36:19.979838 - Building Table
** Done! **

                           gene        logFC log.p.value    log.FDR  std.logFC
ENSG00000115008 ENSG00000115008 0.0129532527  -10.520052 -0.8044620 0.11342014
ENSG00000149635 ENSG00000149635 0.0033549527   -8.749415 -0.3381713 0.10114156
ENSG00000189042 ENSG00000189042 0.0529668372   -8.621339 -0.3381713 0.10020186
ENSG00000197903 ENSG00000197903 0.0051051073   -8.563961 -0.3381713 0.09977835
ENSG00000112146 ENSG00000112146 0.0896081289   -8.171144 -0.3381713 0.09683536
ENSG00000170929 ENSG00000170929 0.0007492644   -8.143018 -0.3381713 0.09662163
                cellType.target std.logFC.rank     std.logFC.anno
ENSG00000115008          random              1  std logFC = 0.113
ENSG00000149635          random              2  std logFC = 0.101
ENSG00000189042          random              3    std logFC = 0.1
ENSG00000197903          random              4    std logFC = 0.1
ENSG00000112146          random              5  std logFC = 0.097
ENSG00000170929          random              6  std logFC = 0.097
[1] 165
Running 1vALL Testing for up-regulated genes
2024-09-08 00:36:20.174726 - Find markers for: random
2024-09-08 00:36:24.225554 - Find markers for: other
2024-09-08 00:36:28.397171 - Building Table
** Done! **

                           gene       logFC log.p.value    log.FDR  std.logFC
ENSG00000162878 ENSG00000162878 0.038625563   -9.886160 -0.5352019 0.10833210
ENSG00000254466 ENSG00000254466 0.003060324   -9.557645 -0.5352019 0.10608541
ENSG00000198933 ENSG00000198933 0.042322365   -8.843864 -0.3388401 0.10105147
ENSG00000238227 ENSG00000238227 0.032351629   -8.427696 -0.3388401 0.09801142
ENSG00000110171 ENSG00000110171 0.050283163   -7.857806 -0.3388401 0.09370888
ENSG00000181704 ENSG00000181704 0.062740012   -7.837298 -0.3388401 0.09355084
                cellType.target std.logFC.rank     std.logFC.anno
ENSG00000162878          random              1  std logFC = 0.108
ENSG00000254466          random              2  std logFC = 0.106
ENSG00000198933          random              3  std logFC = 0.101
ENSG00000238227          random              4  std logFC = 0.098
ENSG00000110171          random              5  std logFC = 0.094
ENSG00000181704          random              6  std logFC = 0.094
[1] 166
Running 1vALL Testing for up-regulated genes
2024-09-08 00:36:28.605946 - Find markers for: other
2024-09-08 00:36:32.63784 - Find markers for: random
2024-09-08 00:36:36.681644 - Building Table
** Done! **

                           gene       logFC log.p.value     log.FDR  std.logFC
ENSG00000110169 ENSG00000110169 0.017447709   -9.776642 -0.47028185 0.10803304
ENSG00000010932 ENSG00000010932 0.004125801   -9.492725 -0.47028185 0.10607358
ENSG00000117400 ENSG00000117400 0.010707060   -8.911169 -0.29419051 0.10195579
ENSG00000014138 ENSG00000014138 0.044907855   -8.530250 -0.26427818 0.09917697
ENSG00000238243 ENSG00000238243 0.001736892   -8.370431 -0.26427818 0.09799047
ENSG00000174371 ENSG00000174371 0.011357968   -7.971694 -0.04786318 0.09497381
                cellType.target std.logFC.rank     std.logFC.anno
ENSG00000110169          random              1  std logFC = 0.108
ENSG00000010932          random              2  std logFC = 0.106
ENSG00000117400          random              3  std logFC = 0.102
ENSG00000014138          random              4  std logFC = 0.099
ENSG00000238243          random              5  std logFC = 0.098
ENSG00000174371          random              6  std logFC = 0.095
[1] 167
Running 1vALL Testing for up-regulated genes
2024-09-08 00:36:36.869527 - Find markers for: other
2024-09-08 00:36:40.812672 - Find markers for: random
2024-09-08 00:36:44.780912 - Building Table
** Done! **

                           gene       logFC log.p.value    log.FDR  std.logFC
ENSG00000110917 ENSG00000110917 0.090062809  -10.118523 -0.6074456 0.11058466
ENSG00000198183 ENSG00000198183 0.001509105   -9.517652 -0.6074456 0.10647168
ENSG00000130943 ENSG00000130943 0.003088498   -8.943377 -0.6074456 0.10240388
ENSG00000176087 ENSG00000176087 0.029614395   -8.662673 -0.6074456 0.10036259
ENSG00000044446 ENSG00000044446 0.077205174   -8.188470 -0.6074456 0.09682847
ENSG00000154518 ENSG00000154518 0.048624831   -8.161842 -0.6074456 0.09662667
                cellType.target std.logFC.rank     std.logFC.anno
ENSG00000110917          random              1  std logFC = 0.111
ENSG00000198183          random              2  std logFC = 0.106
ENSG00000130943          random              3  std logFC = 0.102
ENSG00000176087          random              4    std logFC = 0.1
ENSG00000044446          random              5  std logFC = 0.097
ENSG00000154518          random              6  std logFC = 0.097
[1] 168
Running 1vALL Testing for up-regulated genes
2024-09-08 00:36:44.969609 - Find markers for: random
2024-09-08 00:36:49.107905 - Find markers for: other
2024-09-08 00:36:53.022961 - Building Table
** Done! **

                           gene       logFC log.p.value  log.FDR std.logFC
ENSG00000185897 ENSG00000185897 0.004330568   -11.09100 -2.13001 0.1163391
ENSG00000160075 ENSG00000160075 0.076582752   -11.01452 -2.13001 0.1158514
ENSG00000131373 ENSG00000131373 0.102272599   -10.64849 -2.13001 0.1134910
ENSG00000162076 ENSG00000162076 0.057376696   -10.15342 -2.13001 0.1102262
ENSG00000112078 ENSG00000112078 0.085515973   -10.09212 -2.13001 0.1098159
ENSG00000165304 ENSG00000165304 0.013123097   -10.05384 -2.13001 0.1095590
                cellType.target std.logFC.rank     std.logFC.anno
ENSG00000185897          random              1  std logFC = 0.116
ENSG00000160075          random              2  std logFC = 0.116
ENSG00000131373          random              3  std logFC = 0.113
ENSG00000162076          random              4   std logFC = 0.11
ENSG00000112078          random              5   std logFC = 0.11
ENSG00000165304          random              6   std logFC = 0.11
[1] 169
Running 1vALL Testing for up-regulated genes
2024-09-08 00:36:53.216494 - Find markers for: other
2024-09-08 00:36:57.185959 - Find markers for: random
2024-09-08 00:37:01.055754 - Building Table
** Done! **

                           gene       logFC log.p.value   log.FDR std.logFC
ENSG00000163746 ENSG00000163746 0.027697918  -12.797048 -3.708331 0.1271871
ENSG00000010932 ENSG00000010932 0.004930136  -12.730774 -3.708331 0.1267952
ENSG00000120693 ENSG00000120693 0.078764213  -10.270129 -1.653151 0.1113655
ENSG00000142484 ENSG00000142484 0.003051374   -9.713266 -1.595485 0.1075986
ENSG00000182327 ENSG00000182327 0.004408894   -9.659217 -1.595485 0.1072267
ENSG00000015532 ENSG00000015532 0.049841228   -9.519316 -1.595485 0.1062587
                cellType.target std.logFC.rank     std.logFC.anno
ENSG00000163746          random              1  std logFC = 0.127
ENSG00000010932          random              2  std logFC = 0.127
ENSG00000120693          random              3  std logFC = 0.111
ENSG00000142484          random              4  std logFC = 0.108
ENSG00000182327          random              5  std logFC = 0.107
ENSG00000015532          random              6  std logFC = 0.106
[1] 170
Running 1vALL Testing for up-regulated genes
2024-09-08 00:37:01.241381 - Find markers for: other
2024-09-08 00:37:05.383069 - Find markers for: random
2024-09-08 00:37:09.25981 - Building Table
** Done! **

                           gene        logFC log.p.value    log.FDR  std.logFC
ENSG00000169327 ENSG00000169327 0.0016334457  -11.249652 -1.5340613 0.11735954
ENSG00000096092 ENSG00000096092 0.0656776901   -9.412930 -0.9458333 0.10518742
ENSG00000204272 ENSG00000204272 0.1033491105   -9.402380 -0.9458333 0.10511388
ENSG00000150201 ENSG00000150201 0.0064970810   -9.161029 -0.9458333 0.10341866
ENSG00000108961 ENSG00000108961 0.0333326441   -9.051986 -0.9458333 0.10264461
ENSG00000170929 ENSG00000170929 0.0007386938   -8.047809 -0.3808154 0.09525758
                cellType.target std.logFC.rank     std.logFC.anno
ENSG00000169327          random              1  std logFC = 0.117
ENSG00000096092          random              2  std logFC = 0.105
ENSG00000204272          random              3  std logFC = 0.105
ENSG00000150201          random              4  std logFC = 0.103
ENSG00000108961          random              5  std logFC = 0.103
ENSG00000170929          random              6  std logFC = 0.095
[1] 171
Running 1vALL Testing for up-regulated genes
2024-09-08 00:37:09.456882 - Find markers for: other
2024-09-08 00:37:13.441322 - Find markers for: random
2024-09-08 00:37:17.501499 - Building Table
** Done! **

                           gene       logFC log.p.value   log.FDR std.logFC
ENSG00000035720 ENSG00000035720 0.009690187  -10.678643 -1.597213 0.1140601
ENSG00000187642 ENSG00000187642 0.002226487  -10.116456 -1.597213 0.1103398
ENSG00000113905 ENSG00000113905 0.003034546   -9.894515 -1.597213 0.1088397
ENSG00000131203 ENSG00000131203 0.011181378   -9.780572 -1.597213 0.1080624
ENSG00000162460 ENSG00000162460 0.003090413   -9.613691 -1.597213 0.1069147
ENSG00000088826 ENSG00000088826 0.053225869   -9.521044 -1.597213 0.1062728
                cellType.target std.logFC.rank     std.logFC.anno
ENSG00000035720          random              1  std logFC = 0.114
ENSG00000187642          random              2   std logFC = 0.11
ENSG00000113905          random              3  std logFC = 0.109
ENSG00000131203          random              4  std logFC = 0.108
ENSG00000162460          random              5  std logFC = 0.107
ENSG00000088826          random              6  std logFC = 0.106
[1] 172
Running 1vALL Testing for up-regulated genes
2024-09-08 00:37:17.700982 - Find markers for: other
2024-09-08 00:37:21.580775 - Find markers for: random
2024-09-08 00:37:25.547923 - Building Table
** Done! **

                           gene       logFC log.p.value   log.FDR std.logFC
ENSG00000109424 ENSG00000109424 0.004630681  -11.778797 -2.063207 0.1212975
ENSG00000123810 ENSG00000123810 0.021147129  -10.458220 -1.546637 0.1128536
ENSG00000183527 ENSG00000183527 0.042183112  -10.163615 -1.546637 0.1108911
ENSG00000146857 ENSG00000146857 0.006719758   -9.258788 -1.045671 0.1046585
ENSG00000100399 ENSG00000100399 0.076642005   -9.151824 -1.045671 0.1038998
ENSG00000275713 ENSG00000275713 0.004657024   -8.635226 -0.747575 0.1001640
                cellType.target std.logFC.rank     std.logFC.anno
ENSG00000109424          random              1  std logFC = 0.121
ENSG00000123810          random              2  std logFC = 0.113
ENSG00000183527          random              3  std logFC = 0.111
ENSG00000146857          random              4  std logFC = 0.105
ENSG00000100399          random              5  std logFC = 0.104
ENSG00000275713          random              6    std logFC = 0.1
[1] 173
Running 1vALL Testing for up-regulated genes
2024-09-08 00:37:25.734676 - Find markers for: other
2024-09-08 00:37:29.697087 - Find markers for: random
2024-09-08 00:37:33.813485 - Building Table
** Done! **

                           gene       logFC log.p.value    log.FDR std.logFC
ENSG00000213822 ENSG00000213822 0.002674330  -14.079133 -4.3635426 0.1347144
ENSG00000081019 ENSG00000081019 0.095475759  -11.708844 -2.6864004 0.1207418
ENSG00000138271 ENSG00000138271 0.009555645   -9.803262 -1.1862834 0.1083379
ENSG00000160959 ENSG00000160959 0.031492958   -9.485752 -1.1564557 0.1061454
ENSG00000170291 ENSG00000170291 0.037269530   -9.164564 -1.0584113 0.1038856
ENSG00000153820 ENSG00000153820 0.139380496   -8.699044 -0.8171958 0.1005307
                cellType.target std.logFC.rank     std.logFC.anno
ENSG00000213822          random              1  std logFC = 0.135
ENSG00000081019          random              2  std logFC = 0.121
ENSG00000138271          random              3  std logFC = 0.108
ENSG00000160959          random              4  std logFC = 0.106
ENSG00000170291          random              5  std logFC = 0.104
ENSG00000153820          random              6  std logFC = 0.101
[1] 174
Running 1vALL Testing for up-regulated genes
2024-09-08 00:37:34.00737 - Find markers for: random
2024-09-08 00:37:37.930761 - Find markers for: other
2024-09-08 00:37:41.810062 - Building Table
** Done! **

                           gene       logFC log.p.value    log.FDR  std.logFC
ENSG00000180083 ENSG00000180083 0.005112902  -13.721585 -4.0059947 0.13300120
ENSG00000214654 ENSG00000214654 0.022897944  -12.379202 -3.3567586 0.12512817
ENSG00000175592 ENSG00000175592 0.012286096   -9.252021 -0.6350425 0.10474761
ENSG00000176029 ENSG00000176029 0.032299225   -8.700421 -0.4498728 0.10077394
ENSG00000204278 ENSG00000204278 0.077825008   -8.434247 -0.4498728 0.09880615
ENSG00000010438 ENSG00000010438 0.047490138   -8.373704 -0.4498728 0.09835374
                cellType.target std.logFC.rank     std.logFC.anno
ENSG00000180083          random              1  std logFC = 0.133
ENSG00000214654          random              2  std logFC = 0.125
ENSG00000175592          random              3  std logFC = 0.105
ENSG00000176029          random              4  std logFC = 0.101
ENSG00000204278          random              5  std logFC = 0.099
ENSG00000010438          random              6  std logFC = 0.098
[1] 175
Running 1vALL Testing for up-regulated genes
2024-09-08 00:37:42.011528 - Find markers for: other
2024-09-08 00:37:45.981362 - Find markers for: random
2024-09-08 00:37:50.065039 - Building Table
** Done! **

                           gene       logFC log.p.value    log.FDR std.logFC
ENSG00000196415 ENSG00000196415 0.011971241  -13.372579 -3.6569884 0.1306946
ENSG00000127533 ENSG00000127533 0.004586351  -10.785662 -1.7632190 0.1148851
ENSG00000132406 ENSG00000132406 0.054978686  -10.342150 -1.7251722 0.1119725
ENSG00000175143 ENSG00000175143 0.003087486   -9.144505 -0.8464448 0.1037443
ENSG00000169020 ENSG00000169020 0.076643088   -8.952597 -0.8464448 0.1023713
ENSG00000145824 ENSG00000145824 0.066159482   -8.244545 -0.5594701 0.0971583
                cellType.target std.logFC.rank     std.logFC.anno
ENSG00000196415          random              1  std logFC = 0.131
ENSG00000127533          random              2  std logFC = 0.115
ENSG00000132406          random              3  std logFC = 0.112
ENSG00000175143          random              4  std logFC = 0.104
ENSG00000169020          random              5  std logFC = 0.102
ENSG00000145824          random              6  std logFC = 0.097
[1] 176
Running 1vALL Testing for up-regulated genes
2024-09-08 00:37:50.294874 - Find markers for: other
2024-09-08 00:37:54.322401 - Find markers for: random
2024-09-08 00:37:58.223584 - Building Table
** Done! **

                           gene       logFC log.p.value    log.FDR  std.logFC
ENSG00000110841 ENSG00000110841 0.137488711  -10.907184 -1.4108100 0.11519838
ENSG00000162878 ENSG00000162878 0.039972400  -10.433253 -1.4108100 0.11211583
ENSG00000198860 ENSG00000198860 0.094859530   -9.620914 -1.0039355 0.10664695
ENSG00000039068 ENSG00000039068 0.059850747   -8.441200 -0.6314198 0.09822701
ENSG00000164645 ENSG00000164645 0.001378803   -8.315289 -0.6314198 0.09729053
ENSG00000162949 ENSG00000162949 0.037865087   -8.262393 -0.6314198 0.09689474
                cellType.target std.logFC.rank     std.logFC.anno
ENSG00000110841          random              1  std logFC = 0.115
ENSG00000162878          random              2  std logFC = 0.112
ENSG00000198860          random              3  std logFC = 0.107
ENSG00000039068          random              4  std logFC = 0.098
ENSG00000164645          random              5  std logFC = 0.097
ENSG00000162949          random              6  std logFC = 0.097
[1] 177
Running 1vALL Testing for up-regulated genes
2024-09-08 00:37:58.4248 - Find markers for: random
2024-09-08 00:38:02.513225 - Find markers for: other
2024-09-08 00:38:06.401735 - Building Table
** Done! **

                           gene       logFC log.p.value   log.FDR std.logFC
ENSG00000198553 ENSG00000198553 0.014274900  -13.166112 -3.450521 0.1289214
ENSG00000169981 ENSG00000169981 0.052310222  -10.395803 -2.036461 0.1118285
ENSG00000214511 ENSG00000214511 0.018237675  -10.381251 -2.036461 0.1117325
ENSG00000261787 ENSG00000261787 0.018219040  -10.365757 -2.036461 0.1116302
ENSG00000196611 ENSG00000196611 0.002158844   -9.597811 -1.491659 0.1064492
ENSG00000147573 ENSG00000147573 0.023496965   -9.052706 -1.128875 0.1026307
                cellType.target std.logFC.rank     std.logFC.anno
ENSG00000198553          random              1  std logFC = 0.129
ENSG00000169981          random              2  std logFC = 0.112
ENSG00000214511          random              3  std logFC = 0.112
ENSG00000261787          random              4  std logFC = 0.112
ENSG00000196611          random              5  std logFC = 0.106
ENSG00000147573          random              6  std logFC = 0.103
[1] 178
Running 1vALL Testing for up-regulated genes
2024-09-08 00:38:06.587923 - Find markers for: other
2024-09-08 00:38:10.528711 - Find markers for: random
2024-09-08 00:38:14.523984 - Building Table
** Done! **

                           gene       logFC log.p.value    log.FDR  std.logFC
ENSG00000089154 ENSG00000089154 0.069708293   -9.966004 -0.2504134 0.10873002
ENSG00000198885 ENSG00000198885 0.007665982   -8.957428 -0.1518575 0.10173438
ENSG00000131059 ENSG00000131059 0.002397714   -8.252209 -0.1518575 0.09657838
ENSG00000166428 ENSG00000166428 0.017045246   -7.976208 -0.1518575 0.09449355
ENSG00000185129 ENSG00000185129 0.097679166   -7.877706 -0.1518575 0.09373971
ENSG00000166482 ENSG00000166482 0.011395780   -7.689452 -0.1518575 0.09228413
                cellType.target std.logFC.rank     std.logFC.anno
ENSG00000089154          random              1  std logFC = 0.109
ENSG00000198885          random              2  std logFC = 0.102
ENSG00000131059          random              3  std logFC = 0.097
ENSG00000166428          random              4  std logFC = 0.094
ENSG00000185129          random              5  std logFC = 0.094
ENSG00000166482          random              6  std logFC = 0.092
[1] 179
Running 1vALL Testing for up-regulated genes
2024-09-08 00:38:14.737152 - Find markers for: random
2024-09-08 00:38:18.800115 - Find markers for: other
2024-09-08 00:38:22.832626 - Building Table
** Done! **

                           gene       logFC log.p.value    log.FDR  std.logFC
ENSG00000100739 ENSG00000100739 0.005012149  -10.370631 -0.8361297 0.11181886
ENSG00000090534 ENSG00000090534 0.010228967   -9.858573 -0.8361297 0.10838501
ENSG00000125458 ENSG00000125458 0.041987615   -9.002273 -0.8154466 0.10241436
ENSG00000147883 ENSG00000147883 0.012526874   -8.885455 -0.8154466 0.10157575
ENSG00000125888 ENSG00000125888 0.003941876   -8.855686 -0.8154466 0.10136106
ENSG00000124535 ENSG00000124535 0.074840688   -8.637128 -0.8154466 0.09977241
                cellType.target std.logFC.rank     std.logFC.anno
ENSG00000100739          random              1  std logFC = 0.112
ENSG00000090534          random              2  std logFC = 0.108
ENSG00000125458          random              3  std logFC = 0.102
ENSG00000147883          random              4  std logFC = 0.102
ENSG00000125888          random              5  std logFC = 0.101
ENSG00000124535          random              6    std logFC = 0.1
[1] 180
Running 1vALL Testing for up-regulated genes
2024-09-08 00:38:23.020699 - Find markers for: other
2024-09-08 00:38:27.005226 - Find markers for: random
2024-09-08 00:38:31.140628 - Building Table
** Done! **

                           gene       logFC log.p.value   log.FDR std.logFC
ENSG00000204316 ENSG00000204316 0.060322226  -10.831097 -1.564859 0.1146708
ENSG00000214688 ENSG00000214688 0.040676377  -10.425794 -1.564859 0.1120298
ENSG00000234602 ENSG00000234602 0.005204581  -10.123598 -1.564859 0.1100237
ENSG00000173457 ENSG00000173457 0.035058331   -9.894155 -1.564859 0.1084783
ENSG00000075303 ENSG00000075303 0.072822457   -9.123201 -1.097608 0.1031350
ENSG00000197746 ENSG00000197746 0.114820523   -8.756182 -1.097608 0.1005030
                cellType.target std.logFC.rank     std.logFC.anno
ENSG00000204316          random              1  std logFC = 0.115
ENSG00000214688          random              2  std logFC = 0.112
ENSG00000234602          random              3   std logFC = 0.11
ENSG00000173457          random              4  std logFC = 0.108
ENSG00000075303          random              5  std logFC = 0.103
ENSG00000197746          random              6  std logFC = 0.101
[1] 181
Running 1vALL Testing for up-regulated genes
2024-09-08 00:38:31.342008 - Find markers for: other
2024-09-08 00:38:35.418577 - Find markers for: random
2024-09-08 00:38:39.406371 - Building Table
** Done! **

                           gene       logFC log.p.value    log.FDR  std.logFC
ENSG00000184277 ENSG00000184277 0.101668721  -14.199139 -4.4835481 0.13498414
ENSG00000138180 ENSG00000138180 0.004611654  -10.537708 -1.5152643 0.11292706
ENSG00000198113 ENSG00000198113 0.008760066   -8.864591 -0.6810992 0.10143261
ENSG00000111664 ENSG00000111664 0.033377001   -8.712693 -0.6810992 0.10033139
ENSG00000128617 ENSG00000128617 0.003855574   -8.351106 -0.6810992 0.09766610
ENSG00000144821 ENSG00000144821 0.047820392   -8.278474 -0.6810992 0.09712298
                cellType.target std.logFC.rank     std.logFC.anno
ENSG00000184277          random              1  std logFC = 0.135
ENSG00000138180          random              2  std logFC = 0.113
ENSG00000198113          random              3  std logFC = 0.101
ENSG00000111664          random              4    std logFC = 0.1
ENSG00000128617          random              5  std logFC = 0.098
ENSG00000144821          random              6  std logFC = 0.097
[1] 182
Running 1vALL Testing for up-regulated genes
2024-09-08 00:38:39.596721 - Find markers for: other
2024-09-08 00:38:43.541521 - Find markers for: random
2024-09-08 00:38:47.487349 - Building Table
** Done! **

                           gene       logFC log.p.value    log.FDR  std.logFC
ENSG00000275489 ENSG00000275489 0.005926587   -9.605415 -0.4940487 0.10655561
ENSG00000141052 ENSG00000141052 0.033953537   -9.516492 -0.4940487 0.10594103
ENSG00000100628 ENSG00000100628 0.010840907   -8.889578 -0.4807085 0.10151471
ENSG00000167157 ENSG00000167157 0.012369078   -8.774238 -0.4807085 0.10068162
ENSG00000164893 ENSG00000164893 0.008140575   -8.550213 -0.4807085 0.09904588
ENSG00000181092 ENSG00000181092 0.002496012   -8.358311 -0.4807085 0.09762555
                cellType.target std.logFC.rank     std.logFC.anno
ENSG00000275489          random              1  std logFC = 0.107
ENSG00000141052          random              2  std logFC = 0.106
ENSG00000100628          random              3  std logFC = 0.102
ENSG00000167157          random              4  std logFC = 0.101
ENSG00000164893          random              5  std logFC = 0.099
ENSG00000181092          random              6  std logFC = 0.098
[1] 183
Running 1vALL Testing for up-regulated genes
2024-09-08 00:38:47.66217 - Find markers for: random
2024-09-08 00:38:51.654518 - Find markers for: other
2024-09-08 00:38:55.67285 - Building Table
** Done! **

                           gene       logFC log.p.value   log.FDR std.logFC
ENSG00000232268 ENSG00000232268 0.009116947  -14.291722 -4.576132 0.1352538
ENSG00000102383 ENSG00000102383 0.081121360  -11.483348 -2.460904 0.1187650
ENSG00000108370 ENSG00000108370 0.132002449   -9.565073 -1.153624 0.1061873
ENSG00000132535 ENSG00000132535 0.078055001   -9.482920 -1.153624 0.1056188
ENSG00000101194 ENSG00000101194 0.012821162   -9.258564 -1.152412 0.1040521
ENSG00000126746 ENSG00000126746 0.048584029   -9.064862 -1.144600 0.1026824
                cellType.target std.logFC.rank     std.logFC.anno
ENSG00000232268          random              1  std logFC = 0.135
ENSG00000102383          random              2  std logFC = 0.119
ENSG00000108370          random              3  std logFC = 0.106
ENSG00000132535          random              4  std logFC = 0.106
ENSG00000101194          random              5  std logFC = 0.104
ENSG00000126746          random              6  std logFC = 0.103
[1] 184
Running 1vALL Testing for up-regulated genes
2024-09-08 00:38:55.857833 - Find markers for: other
2024-09-08 00:38:59.992411 - Find markers for: random
2024-09-08 00:39:03.898378 - Building Table
** Done! **

                           gene       logFC log.p.value   log.FDR std.logFC
ENSG00000187595 ENSG00000187595 0.018116437  -12.259028 -2.543438 0.1241652
ENSG00000184361 ENSG00000184361 0.011881415  -11.556673 -2.534230 0.1198442
ENSG00000101197 ENSG00000101197 0.002843162   -9.852103 -1.472261 0.1087172
ENSG00000166143 ENSG00000166143 0.005164005   -9.799820 -1.472261 0.1083597
ENSG00000187288 ENSG00000187288 0.002757807   -9.503807 -1.472261 0.1063156
ENSG00000221821 ENSG00000221821 0.027976755   -9.285969 -1.472261 0.1047886
                cellType.target std.logFC.rank     std.logFC.anno
ENSG00000187595          random              1  std logFC = 0.124
ENSG00000184361          random              2   std logFC = 0.12
ENSG00000101197          random              3  std logFC = 0.109
ENSG00000166143          random              4  std logFC = 0.108
ENSG00000187288          random              5  std logFC = 0.106
ENSG00000221821          random              6  std logFC = 0.105
[1] 185
Running 1vALL Testing for up-regulated genes
2024-09-08 00:39:04.091912 - Find markers for: other
2024-09-08 00:39:08.188693 - Find markers for: random
2024-09-08 00:39:12.155109 - Building Table
** Done! **

                           gene       logFC log.p.value    log.FDR  std.logFC
ENSG00000100012 ENSG00000100012 0.005991889   -9.869462 -0.6057824 0.10842017
ENSG00000179930 ENSG00000179930 0.007692943   -9.101625 -0.6057824 0.10308588
ENSG00000176209 ENSG00000176209 0.052804330   -9.017272 -0.6057824 0.10248485
ENSG00000177602 ENSG00000177602 0.001675577   -8.929235 -0.6057824 0.10185423
ENSG00000165282 ENSG00000165282 0.031321953   -8.285062 -0.6057824 0.09713055
ENSG00000133131 ENSG00000133131 0.058766174   -8.243249 -0.6057824 0.09681696
                cellType.target std.logFC.rank     std.logFC.anno
ENSG00000100012          random              1  std logFC = 0.108
ENSG00000179930          random              2  std logFC = 0.103
ENSG00000176209          random              3  std logFC = 0.102
ENSG00000177602          random              4  std logFC = 0.102
ENSG00000165282          random              5  std logFC = 0.097
ENSG00000133131          random              6  std logFC = 0.097
[1] 186
Running 1vALL Testing for up-regulated genes
2024-09-08 00:39:12.372116 - Find markers for: other
2024-09-08 00:39:16.572212 - Find markers for: random
2024-09-08 00:39:20.538215 - Building Table
** Done! **

                           gene       logFC log.p.value    log.FDR  std.logFC
ENSG00000165383 ENSG00000165383 0.008590008  -11.142411 -1.4268209 0.11719934
ENSG00000127129 ENSG00000127129 0.008634695   -9.757734 -0.9979642 0.10804488
ENSG00000166359 ENSG00000166359 0.025294729   -9.128392 -0.9979642 0.10364646
ENSG00000121966 ENSG00000121966 0.021904846   -8.834880 -0.9979642 0.10153747
ENSG00000256812 ENSG00000256812 0.004082625   -8.607788 -0.9979642 0.09987880
ENSG00000181284 ENSG00000181284 0.002414970   -8.586375 -0.9979642 0.09972115
                cellType.target std.logFC.rank     std.logFC.anno
ENSG00000165383          random              1  std logFC = 0.117
ENSG00000127129          random              2  std logFC = 0.108
ENSG00000166359          random              3  std logFC = 0.104
ENSG00000121966          random              4  std logFC = 0.102
ENSG00000256812          random              5    std logFC = 0.1
ENSG00000181284          random              6    std logFC = 0.1
[1] 187
Running 1vALL Testing for up-regulated genes
2024-09-08 00:39:20.730395 - Find markers for: other
2024-09-08 00:39:24.611183 - Find markers for: random
2024-09-08 00:39:28.755828 - Building Table
** Done! **

                           gene      logFC log.p.value    log.FDR  std.logFC
ENSG00000104972 ENSG00000104972 0.03192246  -12.819759 -3.1041686 0.12704016
ENSG00000172578 ENSG00000172578 0.03163318  -10.549665 -1.5440996 0.11296412
ENSG00000185811 ENSG00000185811 0.06215893  -10.161078 -1.5440996 0.11039274
ENSG00000180353 ENSG00000180353 0.04139850   -9.112802 -0.8417403 0.10317196
ENSG00000162711 ENSG00000162711 0.03410054   -8.407546 -0.8417403 0.09805046
ENSG00000121895 ENSG00000121895 0.04557388   -8.285413 -0.8417403 0.09713947
                cellType.target std.logFC.rank     std.logFC.anno
ENSG00000104972          random              1  std logFC = 0.127
ENSG00000172578          random              2  std logFC = 0.113
ENSG00000185811          random              3   std logFC = 0.11
ENSG00000180353          random              4  std logFC = 0.103
ENSG00000162711          random              5  std logFC = 0.098
ENSG00000121895          random              6  std logFC = 0.097
[1] 188
Running 1vALL Testing for up-regulated genes
2024-09-08 00:39:28.946323 - Find markers for: other
2024-09-08 00:39:32.937278 - Find markers for: random
2024-09-08 00:39:36.946157 - Building Table
** Done! **

                           gene       logFC log.p.value   log.FDR std.logFC
ENSG00000185010 ENSG00000185010 0.053728934  -11.844606 -2.793728 0.1214461
ENSG00000085872 ENSG00000085872 0.068665715  -11.816171 -2.793728 0.1212708
ENSG00000104142 ENSG00000104142 0.036376296  -10.258381 -1.920414 0.1112892
ENSG00000092054 ENSG00000092054 0.019169961  -10.249710 -1.920414 0.1112313
ENSG00000172689 ENSG00000172689 0.002818406   -9.893132 -1.786980 0.1088300
ENSG00000164855 ENSG00000164855 0.009295724   -9.062367 -1.138536 0.1030424
                cellType.target std.logFC.rank     std.logFC.anno
ENSG00000185010          random              1  std logFC = 0.121
ENSG00000085872          random              2  std logFC = 0.121
ENSG00000104142          random              3  std logFC = 0.111
ENSG00000092054          random              4  std logFC = 0.111
ENSG00000172689          random              5  std logFC = 0.109
ENSG00000164855          random              6  std logFC = 0.103
[1] 189
Running 1vALL Testing for up-regulated genes
2024-09-08 00:39:37.136634 - Find markers for: other
2024-09-08 00:39:41.023224 - Find markers for: random
2024-09-08 00:39:45.182782 - Building Table
** Done! **

                           gene       logFC log.p.value    log.FDR  std.logFC
ENSG00000180340 ENSG00000180340 0.014251549  -12.841252 -3.1256618 0.12786276
ENSG00000036565 ENSG00000036565 0.008934115  -11.424874 -2.4024306 0.11921988
ENSG00000189233 ENSG00000189233 0.008045979   -9.130585 -0.6140198 0.10386366
ENSG00000170509 ENSG00000170509 0.017503774   -8.943316 -0.6140198 0.10252008
ENSG00000151364 ENSG00000151364 0.022142417   -8.390969 -0.2848162 0.09846332
ENSG00000158715 ENSG00000158715 0.051164674   -7.879330 -0.1234709 0.09457005
                cellType.target std.logFC.rank     std.logFC.anno
ENSG00000180340          random              1  std logFC = 0.128
ENSG00000036565          random              2  std logFC = 0.119
ENSG00000189233          random              3  std logFC = 0.104
ENSG00000170509          random              4  std logFC = 0.103
ENSG00000151364          random              5  std logFC = 0.098
ENSG00000158715          random              6  std logFC = 0.095
[1] 190
Running 1vALL Testing for up-regulated genes
2024-09-08 00:39:45.373452 - Find markers for: other
2024-09-08 00:39:49.321696 - Find markers for: random
2024-09-08 00:39:53.249273 - Building Table
** Done! **

                           gene      logFC log.p.value   log.FDR std.logFC
ENSG00000109062 ENSG00000109062 0.05466744  -11.460574 -2.602347 0.1192485
ENSG00000117971 ENSG00000117971 0.01444771  -11.400456 -2.602347 0.1188703
ENSG00000100084 ENSG00000100084 0.06643391  -10.953567 -2.602347 0.1160240
ENSG00000140043 ENSG00000140043 0.06368127  -10.931643 -2.602347 0.1158827
ENSG00000168175 ENSG00000168175 0.08679959   -9.401961 -1.529800 0.1056100
ENSG00000088356 ENSG00000088356 0.03285410   -9.296933 -1.529800 0.1048718
                cellType.target std.logFC.rank     std.logFC.anno
ENSG00000109062          random              1  std logFC = 0.119
ENSG00000117971          random              2  std logFC = 0.119
ENSG00000100084          random              3  std logFC = 0.116
ENSG00000140043          random              4  std logFC = 0.116
ENSG00000168175          random              5  std logFC = 0.106
ENSG00000088356          random              6  std logFC = 0.105
[1] 191
Running 1vALL Testing for up-regulated genes
2024-09-08 00:39:53.441881 - Find markers for: other
2024-09-08 00:39:57.405193 - Find markers for: random
2024-09-08 00:40:01.625194 - Building Table
** Done! **

                           gene       logFC log.p.value   log.FDR std.logFC
ENSG00000169313 ENSG00000169313 0.074245541  -11.328127 -1.612536 0.1177702
ENSG00000179583 ENSG00000179583 0.044933872  -10.240922 -1.218479 0.1107442
ENSG00000110876 ENSG00000110876 0.027669288   -9.486235 -1.097999 0.1056218
ENSG00000100055 ENSG00000100055 0.034555436   -9.151298 -1.097999 0.1032760
ENSG00000158022 ENSG00000158022 0.004132644   -9.026781 -1.097999 0.1023918
ENSG00000187554 ENSG00000187554 0.031094817   -8.902623 -1.097999 0.1015034
                cellType.target std.logFC.rank     std.logFC.anno
ENSG00000169313          random              1  std logFC = 0.118
ENSG00000179583          random              2  std logFC = 0.111
ENSG00000110876          random              3  std logFC = 0.106
ENSG00000100055          random              4  std logFC = 0.103
ENSG00000158022          random              5  std logFC = 0.102
ENSG00000187554          random              6  std logFC = 0.102
[1] 192
Running 1vALL Testing for up-regulated genes
2024-09-08 00:40:01.814802 - Find markers for: other
2024-09-08 00:40:05.879633 - Find markers for: random
2024-09-08 00:40:09.838092 - Building Table
** Done! **

                           gene       logFC log.p.value   log.FDR std.logFC
ENSG00000158714 ENSG00000158714 0.007345904  -11.646805 -1.931214 0.1201961
ENSG00000176018 ENSG00000176018 0.055738368  -10.467090 -1.444647 0.1126484
ENSG00000171863 ENSG00000171863 0.076065840   -9.746056 -1.374089 0.1078023
ENSG00000187498 ENSG00000187498 0.072235563   -9.703385 -1.374089 0.1075094
ENSG00000155097 ENSG00000155097 0.094608267   -9.445676 -1.339523 0.1057249
ENSG00000055332 ENSG00000055332 0.096692877   -8.831596 -1.200572 0.1013609
                cellType.target std.logFC.rank     std.logFC.anno
ENSG00000158714          random              1   std logFC = 0.12
ENSG00000176018          random              2  std logFC = 0.113
ENSG00000171863          random              3  std logFC = 0.108
ENSG00000187498          random              4  std logFC = 0.108
ENSG00000155097          random              5  std logFC = 0.106
ENSG00000055332          random              6  std logFC = 0.101
[1] 193
Running 1vALL Testing for up-regulated genes
2024-09-08 00:40:10.027844 - Find markers for: other
2024-09-08 00:40:13.924633 - Find markers for: random
2024-09-08 00:40:17.970923 - Building Table
** Done! **

                           gene       logFC log.p.value   log.FDR std.logFC
ENSG00000095587 ENSG00000095587 0.063584069  -11.773136 -2.591271 0.1213598
ENSG00000196946 ENSG00000196946 0.004698515  -11.613715 -2.591271 0.1203680
ENSG00000188243 ENSG00000188243 0.064313547  -10.054128 -1.437150 0.1102422
ENSG00000173486 ENSG00000173486 0.028176827   -9.261777 -1.189362 0.1047638
ENSG00000145545 ENSG00000145545 0.064624470   -8.979907 -1.189362 0.1027524
ENSG00000161944 ENSG00000161944 0.008067260   -8.937495 -1.189362 0.1024467
                cellType.target std.logFC.rank     std.logFC.anno
ENSG00000095587          random              1  std logFC = 0.121
ENSG00000196946          random              2   std logFC = 0.12
ENSG00000188243          random              3   std logFC = 0.11
ENSG00000173486          random              4  std logFC = 0.105
ENSG00000145545          random              5  std logFC = 0.103
ENSG00000161944          random              6  std logFC = 0.102
[1] 194
Running 1vALL Testing for up-regulated genes
2024-09-08 00:40:18.141368 - Find markers for: random
2024-09-08 00:40:22.193988 - Find markers for: other
2024-09-08 00:40:26.263503 - Building Table
** Done! **

                           gene       logFC log.p.value    log.FDR  std.logFC
ENSG00000130173 ENSG00000130173 0.003850744   -9.445092 -0.6324523 0.10546619
ENSG00000189334 ENSG00000189334 0.005597793   -8.466745 -0.6324523 0.09844986
ENSG00000099795 ENSG00000099795 0.055948575   -8.421853 -0.6324523 0.09811733
ENSG00000231256 ENSG00000231256 0.004903175   -8.257657 -0.6324523 0.09689252
ENSG00000166265 ENSG00000166265 0.024230594   -8.120621 -0.6324523 0.09585982
ENSG00000154589 ENSG00000154589 0.022602843   -8.032002 -0.6324523 0.09518679
                cellType.target std.logFC.rank     std.logFC.anno
ENSG00000130173          random              1  std logFC = 0.105
ENSG00000189334          random              2  std logFC = 0.098
ENSG00000099795          random              3  std logFC = 0.098
ENSG00000231256          random              4  std logFC = 0.097
ENSG00000166265          random              5  std logFC = 0.096
ENSG00000154589          random              6  std logFC = 0.095
[1] 195
Running 1vALL Testing for up-regulated genes
2024-09-08 00:40:26.45316 - Find markers for: other
2024-09-08 00:40:30.339473 - Find markers for: random
2024-09-08 00:40:34.538478 - Building Table
** Done! **

                           gene       logFC log.p.value   log.FDR std.logFC
ENSG00000084073 ENSG00000084073 0.075077013  -11.373209 -1.893062 0.1187254
ENSG00000130997 ENSG00000130997 0.046145455  -10.102562 -1.893062 0.1104464
ENSG00000144057 ENSG00000144057 0.102873800  -10.024513 -1.893062 0.1099196
ENSG00000105668 ENSG00000105668 0.007263317   -9.918039 -1.893062 0.1091973
ENSG00000119509 ENSG00000119509 0.137798895   -9.898780 -1.893062 0.1090662
ENSG00000166947 ENSG00000166947 0.002576736   -9.735653 -1.893062 0.1079500
                cellType.target std.logFC.rank     std.logFC.anno
ENSG00000084073          random              1  std logFC = 0.119
ENSG00000130997          random              2   std logFC = 0.11
ENSG00000144057          random              3   std logFC = 0.11
ENSG00000105668          random              4  std logFC = 0.109
ENSG00000119509          random              5  std logFC = 0.109
ENSG00000166947          random              6  std logFC = 0.108
[1] 196
Running 1vALL Testing for up-regulated genes
2024-09-08 00:40:34.72955 - Find markers for: other
2024-09-08 00:40:38.828325 - Find markers for: random
2024-09-08 00:40:42.829673 - Building Table
** Done! **

                           gene       logFC log.p.value    log.FDR std.logFC
ENSG00000197696 ENSG00000197696 0.020051630  -10.210207 -0.9904355 0.1112616
ENSG00000068137 ENSG00000068137 0.036851335  -10.012879 -0.9904355 0.1099321
ENSG00000204978 ENSG00000204978 0.003724349   -9.158337 -0.9789723 0.1040004
ENSG00000185112 ENSG00000185112 0.021006322   -8.883914 -0.9789723 0.1020307
ENSG00000158104 ENSG00000158104 0.011604816   -8.822936 -0.9789723 0.1015885
ENSG00000174307 ENSG00000174307 0.050145916   -8.740277 -0.9789723 0.1009862
                cellType.target std.logFC.rank     std.logFC.anno
ENSG00000197696          random              1  std logFC = 0.111
ENSG00000068137          random              2   std logFC = 0.11
ENSG00000204978          random              3  std logFC = 0.104
ENSG00000185112          random              4  std logFC = 0.102
ENSG00000158104          random              5  std logFC = 0.102
ENSG00000174307          random              6  std logFC = 0.101
[1] 197
Running 1vALL Testing for up-regulated genes
2024-09-08 00:40:43.019964 - Find markers for: other
2024-09-08 00:40:46.924221 - Find markers for: random
2024-09-08 00:40:50.900176 - Building Table
** Done! **

                           gene       logFC log.p.value   log.FDR std.logFC
ENSG00000165943 ENSG00000165943 0.069469899   -14.47041 -4.754823 0.1361698
ENSG00000132467 ENSG00000132467 0.042843453   -11.73686 -2.851710 0.1202755
ENSG00000157240 ENSG00000157240 0.023187972   -11.46869 -2.851710 0.1186117
ENSG00000122034 ENSG00000122034 0.065083262   -11.04295 -2.713657 0.1159261
ENSG00000165272 ENSG00000165272 0.005506843   -10.74735 -2.641201 0.1140278
ENSG00000078142 ENSG00000078142 0.118178056   -10.39195 -2.468121 0.1117071
                cellType.target std.logFC.rank     std.logFC.anno
ENSG00000165943          random              1  std logFC = 0.136
ENSG00000132467          random              2   std logFC = 0.12
ENSG00000157240          random              3  std logFC = 0.119
ENSG00000122034          random              4  std logFC = 0.116
ENSG00000165272          random              5  std logFC = 0.114
ENSG00000078142          random              6  std logFC = 0.112
[1] 198
Running 1vALL Testing for up-regulated genes
2024-09-08 00:40:51.081844 - Find markers for: other
2024-09-08 00:40:55.263305 - Find markers for: random
2024-09-08 00:40:59.298333 - Building Table
** Done! **

                           gene       logFC log.p.value    log.FDR  std.logFC
ENSG00000167083 ENSG00000167083 0.007139036  -11.350995 -1.6354045 0.11830645
ENSG00000096070 ENSG00000096070 0.062530746   -9.842832 -0.8203886 0.10842904
ENSG00000175097 ENSG00000175097 0.005028607   -8.367369 -0.3732186 0.09791681
ENSG00000104918 ENSG00000104918 0.001845214   -8.210659 -0.3732186 0.09674139
ENSG00000174574 ENSG00000174574 0.085343752   -8.126431 -0.3732186 0.09610443
ENSG00000166902 ENSG00000166902 0.037369077   -7.979157 -0.3732186 0.09498175
                cellType.target std.logFC.rank     std.logFC.anno
ENSG00000167083          random              1  std logFC = 0.118
ENSG00000096070          random              2  std logFC = 0.108
ENSG00000175097          random              3  std logFC = 0.098
ENSG00000104918          random              4  std logFC = 0.097
ENSG00000174574          random              5  std logFC = 0.096
ENSG00000166902          random              6  std logFC = 0.095
[1] 199
Running 1vALL Testing for up-regulated genes
2024-09-08 00:40:59.501923 - Find markers for: other
2024-09-08 00:41:03.527511 - Find markers for: random
2024-09-08 00:41:07.71944 - Building Table
** Done! **

                           gene      logFC log.p.value    log.FDR  std.logFC
ENSG00000021574 ENSG00000021574 0.12916824  -13.398057 -3.6824670 0.12981792
ENSG00000102010 ENSG00000102010 0.01248548  -10.312029 -1.2895853 0.11089775
ENSG00000063601 ENSG00000063601 0.11024379   -9.875162 -1.2581835 0.10797886
ENSG00000227500 ENSG00000227500 0.07254265   -9.423774 -1.0944775 0.10488689
ENSG00000170456 ENSG00000170456 0.13328945   -8.739949 -0.8962584 0.10004178
ENSG00000171298 ENSG00000171298 0.06155784   -8.566485 -0.8962584 0.09877943
                cellType.target std.logFC.rank     std.logFC.anno
ENSG00000021574          random              1   std logFC = 0.13
ENSG00000102010          random              2  std logFC = 0.111
ENSG00000063601          random              3  std logFC = 0.108
ENSG00000227500          random              4  std logFC = 0.105
ENSG00000170456          random              5    std logFC = 0.1
ENSG00000171298          random              6  std logFC = 0.099
[1] 200
Running 1vALL Testing for up-regulated genes
2024-09-08 00:41:07.914171 - Find markers for: other
2024-09-08 00:41:11.832441 - Find markers for: random
2024-09-08 00:41:15.895287 - Building Table
** Done! **

                           gene       logFC log.p.value    log.FDR  std.logFC
ENSG00000240505 ENSG00000240505 0.005984014  -11.040249 -1.3246582 0.11583990
ENSG00000172680 ENSG00000172680 0.001992898  -10.318099 -1.2956558 0.11115313
ENSG00000132591 ENSG00000132591 0.037568569   -8.977535 -0.5591335 0.10194579
ENSG00000276747 ENSG00000276747 0.003386238   -8.724209 -0.5591335 0.10012176
ENSG00000121671 ENSG00000121671 0.083019968   -8.565516 -0.5591335 0.09896404
ENSG00000162928 ENSG00000162928 0.063729124   -7.889351 -0.5591335 0.09389153
                cellType.target std.logFC.rank     std.logFC.anno
ENSG00000240505          random              1  std logFC = 0.116
ENSG00000172680          random              2  std logFC = 0.111
ENSG00000132591          random              3  std logFC = 0.102
ENSG00000276747          random              4    std logFC = 0.1
ENSG00000121671          random              5  std logFC = 0.099
ENSG00000162928          random              6  std logFC = 0.094
[1] 201
Running 1vALL Testing for up-regulated genes
2024-09-08 00:41:16.093683 - Find markers for: other
2024-09-08 00:41:20.090129 - Find markers for: random
2024-09-08 00:41:24.308739 - Building Table
** Done! **

                           gene       logFC log.p.value   log.FDR std.logFC
ENSG00000161940 ENSG00000161940 0.008678357  -14.507856 -4.792266 0.1362788
ENSG00000145725 ENSG00000145725 0.130604017  -11.754350 -2.731907 0.1202977
ENSG00000164169 ENSG00000164169 0.086028191  -10.546989 -1.930011 0.1126447
ENSG00000104321 ENSG00000104321 0.004808292   -9.189053 -1.196310 0.1034350
ENSG00000160408 ENSG00000160408 0.054856090   -8.999050 -1.196310 0.1020876
ENSG00000007933 ENSG00000007933 0.006663949   -8.916168 -1.196310 0.1014949
                cellType.target std.logFC.rank     std.logFC.anno
ENSG00000161940          random              1  std logFC = 0.136
ENSG00000145725          random              2   std logFC = 0.12
ENSG00000164169          random              3  std logFC = 0.113
ENSG00000104321          random              4  std logFC = 0.103
ENSG00000160408          random              5  std logFC = 0.102
ENSG00000007933          random              6  std logFC = 0.101
[1] 202
Running 1vALL Testing for up-regulated genes
2024-09-08 00:41:24.513397 - Find markers for: other
2024-09-08 00:41:28.558807 - Find markers for: random
2024-09-08 00:41:32.576038 - Building Table
** Done! **

                           gene       logFC log.p.value   log.FDR std.logFC
ENSG00000171561 ENSG00000171561 0.008001816  -12.274098 -2.558507 0.1236126
ENSG00000137720 ENSG00000137720 0.037604656  -11.045461 -2.330428 0.1160038
ENSG00000119514 ENSG00000119514 0.050931515  -10.947407 -2.330428 0.1153770
ENSG00000069011 ENSG00000069011 0.003169142  -10.301486 -1.972190 0.1111685
ENSG00000136573 ENSG00000136573 0.007969063   -9.990693 -1.884540 0.1090916
ENSG00000253958 ENSG00000253958 0.004125855   -9.473423 -1.549896 0.1055541
                cellType.target std.logFC.rank     std.logFC.anno
ENSG00000171561          random              1  std logFC = 0.124
ENSG00000137720          random              2  std logFC = 0.116
ENSG00000119514          random              3  std logFC = 0.115
ENSG00000069011          random              4  std logFC = 0.111
ENSG00000136573          random              5  std logFC = 0.109
ENSG00000253958          random              6  std logFC = 0.106
[1] 203
Running 1vALL Testing for up-regulated genes
2024-09-08 00:41:32.781065 - Find markers for: random
2024-09-08 00:41:36.846282 - Find markers for: other
2024-09-08 00:41:40.731122 - Building Table
** Done! **

                           gene       logFC log.p.value    log.FDR  std.logFC
ENSG00000171488 ENSG00000171488 0.123213792  -11.698948 -2.6418755 0.11983031
ENSG00000166946 ENSG00000166946 0.064368612  -11.664319 -2.6418755 0.11961666
ENSG00000101076 ENSG00000101076 0.007496313   -8.568691 -0.3920712 0.09887201
ENSG00000102854 ENSG00000102854 0.004144194   -8.525247 -0.3920712 0.09855342
ENSG00000073146 ENSG00000073146 0.032802767   -8.296283 -0.3920712 0.09685918
ENSG00000183496 ENSG00000183496 0.015952459   -8.202135 -0.3920712 0.09615494
                cellType.target std.logFC.rank     std.logFC.anno
ENSG00000171488          random              1   std logFC = 0.12
ENSG00000166946          random              2   std logFC = 0.12
ENSG00000101076          random              3  std logFC = 0.099
ENSG00000102854          random              4  std logFC = 0.099
ENSG00000073146          random              5  std logFC = 0.097
ENSG00000183496          random              6  std logFC = 0.096
[1] 204
Running 1vALL Testing for up-regulated genes
2024-09-08 00:41:40.917803 - Find markers for: other
2024-09-08 00:41:44.842474 - Find markers for: random
2024-09-08 00:41:48.774016 - Building Table
** Done! **

                           gene       logFC log.p.value   log.FDR std.logFC
ENSG00000144227 ENSG00000144227 0.057971354  -11.699864 -1.984274 0.1202353
ENSG00000135917 ENSG00000135917 0.032911312  -10.766393 -1.743950 0.1143298
ENSG00000117601 ENSG00000117601 0.007112474  -10.244631 -1.627653 0.1109057
ENSG00000169340 ENSG00000169340 0.002990073   -9.534958 -1.217610 0.1060901
ENSG00000132854 ENSG00000132854 0.067655180   -9.271141 -1.217610 0.1042494
ENSG00000030110 ENSG00000030110 0.031987276   -9.141441 -1.217610 0.1033338
                cellType.target std.logFC.rank     std.logFC.anno
ENSG00000144227          random              1   std logFC = 0.12
ENSG00000135917          random              2  std logFC = 0.114
ENSG00000117601          random              3  std logFC = 0.111
ENSG00000169340          random              4  std logFC = 0.106
ENSG00000132854          random              5  std logFC = 0.104
ENSG00000030110          random              6  std logFC = 0.103
[1] 205
Running 1vALL Testing for up-regulated genes
2024-09-08 00:41:48.963635 - Find markers for: other
2024-09-08 00:41:52.993558 - Find markers for: random
2024-09-08 00:41:56.962348 - Building Table
** Done! **

                           gene       logFC log.p.value    log.FDR  std.logFC
ENSG00000174667 ENSG00000174667 0.003267003  -12.416515 -2.7009241 0.12457017
ENSG00000015520 ENSG00000015520 0.003756497  -10.816585 -1.7941417 0.11463067
ENSG00000182580 ENSG00000182580 0.023490756  -10.124705 -1.5077267 0.11008246
ENSG00000095303 ENSG00000095303 0.025970283   -9.791507 -1.4622109 0.10783085
ENSG00000027075 ENSG00000027075 0.106387853   -9.377264 -1.2711119 0.10497159
ENSG00000196834 ENSG00000196834 0.023619879   -8.276536 -0.5324211 0.09701406
                cellType.target std.logFC.rank     std.logFC.anno
ENSG00000174667          random              1  std logFC = 0.125
ENSG00000015520          random              2  std logFC = 0.115
ENSG00000182580          random              3   std logFC = 0.11
ENSG00000095303          random              4  std logFC = 0.108
ENSG00000027075          random              5  std logFC = 0.105
ENSG00000196834          random              6  std logFC = 0.097
[1] 206
Running 1vALL Testing for up-regulated genes
2024-09-08 00:41:57.146329 - Find markers for: other
2024-09-08 00:42:01.077335 - Find markers for: random
2024-09-08 00:42:05.28565 - Building Table
** Done! **

                           gene       logFC log.p.value   log.FDR std.logFC
ENSG00000259431 ENSG00000259431 0.008857625  -11.218637 -1.650912 0.1178733
ENSG00000100012 ENSG00000100012 0.006065523   -9.982585 -1.650912 0.1097538
ENSG00000169297 ENSG00000169297 0.007672635   -9.642748 -1.650912 0.1074253
ENSG00000005812 ENSG00000005812 0.076603054   -9.616308 -1.650912 0.1072422
ENSG00000135100 ENSG00000135100 0.004389923   -9.501272 -1.650912 0.1064425
ENSG00000100060 ENSG00000100060 0.014658137   -9.423250 -1.650912 0.1058970
                cellType.target std.logFC.rank     std.logFC.anno
ENSG00000259431          random              1  std logFC = 0.118
ENSG00000100012          random              2   std logFC = 0.11
ENSG00000169297          random              3  std logFC = 0.107
ENSG00000005812          random              4  std logFC = 0.107
ENSG00000135100          random              5  std logFC = 0.106
ENSG00000100060          random              6  std logFC = 0.106
[1] 207
Running 1vALL Testing for up-regulated genes
2024-09-08 00:42:05.480224 - Find markers for: other
2024-09-08 00:42:09.680399 - Find markers for: random
2024-09-08 00:42:13.645494 - Building Table
** Done! **

                           gene       logFC log.p.value    log.FDR  std.logFC
ENSG00000179988 ENSG00000179988 0.085349300  -10.646356 -0.9307654 0.11401866
ENSG00000204618 ENSG00000204618 0.002424955   -8.883419 -0.7700400 0.10190920
ENSG00000162391 ENSG00000162391 0.014262513   -8.829844 -0.7700400 0.10152116
ENSG00000174500 ENSG00000174500 0.002171627   -8.575834 -0.7700400 0.09966331
ENSG00000183396 ENSG00000183396 0.001198188   -8.551489 -0.7700400 0.09948364
ENSG00000163492 ENSG00000163492 0.028006185   -8.548598 -0.7700400 0.09946228
                cellType.target std.logFC.rank     std.logFC.anno
ENSG00000179988          random              1  std logFC = 0.114
ENSG00000204618          random              2  std logFC = 0.102
ENSG00000162391          random              3  std logFC = 0.102
ENSG00000174500          random              4    std logFC = 0.1
ENSG00000183396          random              5  std logFC = 0.099
ENSG00000163492          random              6  std logFC = 0.099
[1] 208
Running 1vALL Testing for up-regulated genes
2024-09-08 00:42:13.864561 - Find markers for: random
2024-09-08 00:42:17.840929 - Find markers for: other
2024-09-08 00:42:21.73632 - Building Table
** Done! **

                           gene       logFC log.p.value   log.FDR std.logFC
ENSG00000163497 ENSG00000163497 0.002485459  -13.859858 -4.144268 0.1329947
ENSG00000196839 ENSG00000196839 0.039781331   -9.964779 -1.516764 0.1090417
ENSG00000082701 ENSG00000082701 0.131112568   -9.937169 -1.516764 0.1088550
ENSG00000163687 ENSG00000163687 0.005769984   -9.846060 -1.516764 0.1082369
ENSG00000137871 ENSG00000137871 0.124080736   -9.590956 -1.484803 0.1064890
ENSG00000173769 ENSG00000173769 0.018013527   -9.226240 -1.302409 0.1039449
                cellType.target std.logFC.rank     std.logFC.anno
ENSG00000163497          random              1  std logFC = 0.133
ENSG00000196839          random              2  std logFC = 0.109
ENSG00000082701          random              3  std logFC = 0.109
ENSG00000163687          random              4  std logFC = 0.108
ENSG00000137871          random              5  std logFC = 0.106
ENSG00000173769          random              6  std logFC = 0.104
[1] 209
Running 1vALL Testing for up-regulated genes
2024-09-08 00:42:21.924516 - Find markers for: other
2024-09-08 00:42:26.00031 - Find markers for: random
2024-09-08 00:42:30.004183 - Building Table
** Done! **

                           gene       logFC log.p.value    log.FDR  std.logFC
ENSG00000187242 ENSG00000187242 0.001643956   -9.778082 -0.8299358 0.10811400
ENSG00000197467 ENSG00000197467 0.025164700   -9.392521 -0.8299358 0.10544362
ENSG00000185652 ENSG00000185652 0.018078461   -9.226668 -0.8299358 0.10427623
ENSG00000105726 ENSG00000105726 0.045735950   -9.031189 -0.8299358 0.10288524
ENSG00000157216 ENSG00000157216 0.130457843   -8.936088 -0.8299358 0.10220247
ENSG00000240563 ENSG00000240563 0.015002245   -7.935540 -0.3746912 0.09475846
                cellType.target std.logFC.rank     std.logFC.anno
ENSG00000187242          random              1  std logFC = 0.108
ENSG00000197467          random              2  std logFC = 0.105
ENSG00000185652          random              3  std logFC = 0.104
ENSG00000105726          random              4  std logFC = 0.103
ENSG00000157216          random              5  std logFC = 0.102
ENSG00000240563          random              6  std logFC = 0.095
[1] 210
Running 1vALL Testing for up-regulated genes
2024-09-08 00:42:30.19281 - Find markers for: other
2024-09-08 00:42:34.314319 - Find markers for: random
2024-09-08 00:42:38.239964 - Building Table
** Done! **

                           gene       logFC log.p.value    log.FDR std.logFC
ENSG00000140682 ENSG00000140682 0.015605940  -10.531953 -0.9314495 0.1130954
ENSG00000092330 ENSG00000092330 0.029421459   -9.953893 -0.9314495 0.1092384
ENSG00000167098 ENSG00000167098 0.004259985   -9.542508 -0.9255302 0.1064175
ENSG00000157227 ENSG00000157227 0.023871939   -9.196822 -0.9151487 0.1039946
ENSG00000115590 ENSG00000115590 0.004132092   -8.924071 -0.9151487 0.1020469
ENSG00000143355 ENSG00000143355 0.021757349   -8.721715 -0.9151487 0.1005803
                cellType.target std.logFC.rank     std.logFC.anno
ENSG00000140682          random              1  std logFC = 0.113
ENSG00000092330          random              2  std logFC = 0.109
ENSG00000167098          random              3  std logFC = 0.106
ENSG00000157227          random              4  std logFC = 0.104
ENSG00000115590          random              5  std logFC = 0.102
ENSG00000143355          random              6  std logFC = 0.101
[1] 211
Running 1vALL Testing for up-regulated genes
2024-09-08 00:42:38.413476 - Find markers for: other
2024-09-08 00:42:42.312428 - Find markers for: random
2024-09-08 00:42:46.283324 - Building Table
** Done! **

                           gene       logFC log.p.value    log.FDR  std.logFC
ENSG00000091106 ENSG00000091106 0.021625139  -11.480935 -1.7653448 0.11933851
ENSG00000121570 ENSG00000121570 0.005364116  -10.432638 -1.4101946 0.11258848
ENSG00000182795 ENSG00000182795 0.004263906   -9.894672 -1.3787342 0.10897894
ENSG00000117394 ENSG00000117394 0.058838947   -9.708030 -1.3787342 0.10770137
ENSG00000143384 ENSG00000143384 0.056600757   -8.728123 -0.6562589 0.10075889
ENSG00000161970 ENSG00000161970 0.074997161   -8.440084 -0.6562589 0.09863637
                cellType.target std.logFC.rank     std.logFC.anno
ENSG00000091106          random              1  std logFC = 0.119
ENSG00000121570          random              2  std logFC = 0.113
ENSG00000182795          random              3  std logFC = 0.109
ENSG00000117394          random              4  std logFC = 0.108
ENSG00000143384          random              5  std logFC = 0.101
ENSG00000161970          random              6  std logFC = 0.099
[1] 212
Running 1vALL Testing for up-regulated genes
2024-09-08 00:42:46.46227 - Find markers for: other
2024-09-08 00:42:50.546094 - Find markers for: random
2024-09-08 00:42:54.568107 - Building Table
** Done! **

                           gene       logFC log.p.value    log.FDR  std.logFC
ENSG00000141371 ENSG00000141371 0.010781321  -11.146371 -1.7202472 0.11692200
ENSG00000117595 ENSG00000117595 0.008643291  -10.600542 -1.7202472 0.11340250
ENSG00000214562 ENSG00000214562 0.009995211  -10.171860 -1.7202472 0.11056779
ENSG00000183691 ENSG00000183691 0.016431696  -10.049543 -1.7202472 0.10974691
ENSG00000156150 ENSG00000156150 0.010866547   -9.252848 -1.1466950 0.10425948
ENSG00000161920 ENSG00000161920 0.035473376   -8.531920 -0.6080893 0.09906286
                cellType.target std.logFC.rank     std.logFC.anno
ENSG00000141371          random              1  std logFC = 0.117
ENSG00000117595          random              2  std logFC = 0.113
ENSG00000214562          random              3  std logFC = 0.111
ENSG00000183691          random              4   std logFC = 0.11
ENSG00000156150          random              5  std logFC = 0.104
ENSG00000161920          random              6  std logFC = 0.099
[1] 213
Running 1vALL Testing for up-regulated genes
2024-09-08 00:42:54.777211 - Find markers for: other
2024-09-08 00:42:58.823277 - Find markers for: random
2024-09-08 00:43:03.011296 - Building Table
** Done! **

                           gene       logFC log.p.value   log.FDR std.logFC
ENSG00000007384 ENSG00000007384 0.024796127  -12.293681 -2.578090 0.1235751
ENSG00000109424 ENSG00000109424 0.004533475  -11.504303 -2.525179 0.1187478
ENSG00000185527 ENSG00000185527 0.010523222  -11.142157 -2.525179 0.1164725
ENSG00000146476 ENSG00000146476 0.041773859  -10.133721 -1.804424 0.1099135
ENSG00000021762 ENSG00000021762 0.077395148   -9.209753 -1.272543 0.1035794
ENSG00000180694 ENSG00000180694 0.110173115   -9.196374 -1.272543 0.1034852
                cellType.target std.logFC.rank     std.logFC.anno
ENSG00000007384          random              1  std logFC = 0.124
ENSG00000109424          random              2  std logFC = 0.119
ENSG00000185527          random              3  std logFC = 0.116
ENSG00000146476          random              4   std logFC = 0.11
ENSG00000021762          random              5  std logFC = 0.104
ENSG00000180694          random              6  std logFC = 0.103
[1] 214
Running 1vALL Testing for up-regulated genes
2024-09-08 00:43:03.210412 - Find markers for: other
2024-09-08 00:43:07.27754 - Find markers for: random
2024-09-08 00:43:11.490326 - Building Table
** Done! **

                           gene       logFC log.p.value    log.FDR  std.logFC
ENSG00000100462 ENSG00000100462 0.038586984  -10.112291 -0.7902935 0.11016807
ENSG00000167895 ENSG00000167895 0.035308176   -9.643067 -0.7902935 0.10697798
ENSG00000185231 ENSG00000185231 0.001251894   -9.060577 -0.7902935 0.10289569
ENSG00000109193 ENSG00000109193 0.004306900   -8.772438 -0.7902935 0.10082228
ENSG00000065882 ENSG00000065882 0.107100415   -8.763899 -0.7902935 0.10076026
ENSG00000101892 ENSG00000101892 0.003891445   -8.579525 -0.7902935 0.09941281
                cellType.target std.logFC.rank     std.logFC.anno
ENSG00000100462          random              1   std logFC = 0.11
ENSG00000167895          random              2  std logFC = 0.107
ENSG00000185231          random              3  std logFC = 0.103
ENSG00000109193          random              4  std logFC = 0.101
ENSG00000065882          random              5  std logFC = 0.101
ENSG00000101892          random              6  std logFC = 0.099
[1] 215
Running 1vALL Testing for up-regulated genes
2024-09-08 00:43:11.706511 - Find markers for: random
2024-09-08 00:43:15.679306 - Find markers for: other
2024-09-08 00:43:19.732343 - Building Table
** Done! **

                           gene       logFC log.p.value    log.FDR  std.logFC
ENSG00000005001 ENSG00000005001 0.004672945  -10.661095 -0.9455040 0.11435249
ENSG00000142025 ENSG00000142025 0.002348616   -9.135053 -0.5200454 0.10393035
ENSG00000107821 ENSG00000107821 0.005203489   -8.545632 -0.5200454 0.09964731
ENSG00000050327 ENSG00000050327 0.009792289   -8.539549 -0.5200454 0.09960225
ENSG00000203985 ENSG00000203985 0.001846249   -8.410877 -0.5200454 0.09864514
ENSG00000131055 ENSG00000131055 0.009209631   -8.346920 -0.5200454 0.09816635
                cellType.target std.logFC.rank     std.logFC.anno
ENSG00000005001          random              1  std logFC = 0.114
ENSG00000142025          random              2  std logFC = 0.104
ENSG00000107821          random              3    std logFC = 0.1
ENSG00000050327          random              4    std logFC = 0.1
ENSG00000203985          random              5  std logFC = 0.099
ENSG00000131055          random              6  std logFC = 0.098
[1] 216
Running 1vALL Testing for up-regulated genes
2024-09-08 00:43:19.903049 - Find markers for: other
2024-09-08 00:43:23.82462 - Find markers for: random
2024-09-08 00:43:27.995839 - Building Table
** Done! **

                           gene       logFC log.p.value   log.FDR std.logFC
ENSG00000087128 ENSG00000087128 0.003679110  -10.643441 -1.256379 0.1138010
ENSG00000143222 ENSG00000143222 0.051066383  -10.186338 -1.256379 0.1107798
ENSG00000166582 ENSG00000166582 0.056744455   -9.425308 -1.256379 0.1055787
ENSG00000155890 ENSG00000155890 0.001607021   -9.324609 -1.256379 0.1048733
ENSG00000135070 ENSG00000135070 0.066512347   -9.304948 -1.256379 0.1047351
ENSG00000136197 ENSG00000136197 0.031703304   -9.180210 -1.256379 0.1038543
                cellType.target std.logFC.rank     std.logFC.anno
ENSG00000087128          random              1  std logFC = 0.114
ENSG00000143222          random              2  std logFC = 0.111
ENSG00000166582          random              3  std logFC = 0.106
ENSG00000155890          random              4  std logFC = 0.105
ENSG00000135070          random              5  std logFC = 0.105
ENSG00000136197          random              6  std logFC = 0.104
[1] 217
Running 1vALL Testing for up-regulated genes
2024-09-08 00:43:28.174329 - Find markers for: other
2024-09-08 00:43:32.352258 - Find markers for: random
2024-09-08 00:43:36.448936 - Building Table
** Done! **

                           gene       logFC log.p.value     log.FDR  std.logFC
ENSG00000185264 ENSG00000185264 0.003430353   -8.989594 -0.07944518 0.10253726
ENSG00000127831 ENSG00000127831 0.010395847   -8.259186 -0.07944518 0.09717379
ENSG00000120054 ENSG00000120054 0.005200481   -8.193556 -0.07944518 0.09667910
ENSG00000013573 ENSG00000013573 0.032649881   -8.006678 -0.07944518 0.09525819
ENSG00000137225 ENSG00000137225 0.005545641   -7.939296 -0.07944518 0.09474130
ENSG00000249115 ENSG00000249115 0.036936470   -7.783964 -0.07944518 0.09354028
                cellType.target std.logFC.rank     std.logFC.anno
ENSG00000185264          random              1  std logFC = 0.103
ENSG00000127831          random              2  std logFC = 0.097
ENSG00000120054          random              3  std logFC = 0.097
ENSG00000013573          random              4  std logFC = 0.095
ENSG00000137225          random              5  std logFC = 0.095
ENSG00000249115          random              6  std logFC = 0.094
[1] 218
Running 1vALL Testing for up-regulated genes
2024-09-08 00:43:36.689712 - Find markers for: other
2024-09-08 00:43:40.839165 - Find markers for: random
2024-09-08 00:43:44.903359 - Building Table
** Done! **

                           gene       logFC log.p.value   log.FDR std.logFC
ENSG00000235169 ENSG00000235169 0.011257340  -11.916460 -2.552705 0.1222863
ENSG00000125531 ENSG00000125531 0.009746726  -11.575148 -2.552705 0.1201672
ENSG00000142319 ENSG00000142319 0.002903229  -10.941683 -2.324705 0.1161416
ENSG00000094841 ENSG00000094841 0.070300983   -9.741592 -1.545458 0.1081472
ENSG00000212122 ENSG00000212122 0.002828419   -9.651611 -1.545458 0.1075263
ENSG00000137106 ENSG00000137106 0.060315720   -9.334928 -1.411097 0.1053155
                cellType.target std.logFC.rank     std.logFC.anno
ENSG00000235169          random              1  std logFC = 0.122
ENSG00000125531          random              2   std logFC = 0.12
ENSG00000142319          random              3  std logFC = 0.116
ENSG00000094841          random              4  std logFC = 0.108
ENSG00000212122          random              5  std logFC = 0.108
ENSG00000137106          random              6  std logFC = 0.105
[1] 219
Running 1vALL Testing for up-regulated genes
2024-09-08 00:43:45.088688 - Find markers for: other
2024-09-08 00:43:48.965911 - Find markers for: random
2024-09-08 00:43:53.029977 - Building Table
** Done! **

                           gene       logFC log.p.value   log.FDR std.logFC
ENSG00000122565 ENSG00000122565 0.085235710  -11.980074 -2.264483 0.1223379
ENSG00000278803 ENSG00000278803 0.008438840  -10.736649 -2.036640 0.1144934
ENSG00000166126 ENSG00000166126 0.014322288  -10.653618 -2.036640 0.1139522
ENSG00000172421 ENSG00000172421 0.012764574   -8.933412 -1.150754 0.1021680
ENSG00000140990 ENSG00000140990 0.048982798   -8.914715 -1.150754 0.1020332
ENSG00000170953 ENSG00000170953 0.002190912   -8.904847 -1.150754 0.1019621
                cellType.target std.logFC.rank     std.logFC.anno
ENSG00000122565          random              1  std logFC = 0.122
ENSG00000278803          random              2  std logFC = 0.114
ENSG00000166126          random              3  std logFC = 0.114
ENSG00000172421          random              4  std logFC = 0.102
ENSG00000140990          random              5  std logFC = 0.102
ENSG00000170953          random              6  std logFC = 0.102
[1] 220
Running 1vALL Testing for up-regulated genes
2024-09-08 00:43:53.213129 - Find markers for: other
2024-09-08 00:43:57.132784 - Find markers for: random
2024-09-08 00:44:01.140051 - Building Table
** Done! **

                           gene       logFC log.p.value    log.FDR std.logFC
ENSG00000019102 ENSG00000019102 0.005304434   -9.491381 -0.9768851 0.1061278
ENSG00000170275 ENSG00000170275 0.065648966   -9.484571 -0.9768851 0.1060804
ENSG00000186564 ENSG00000186564 0.006324565   -9.349723 -0.9768851 0.1051373
ENSG00000157426 ENSG00000157426 0.082214514   -9.306181 -0.9768851 0.1048312
ENSG00000132026 ENSG00000132026 0.009488727   -8.967352 -0.9070307 0.1024214
ENSG00000174516 ENSG00000174516 0.033559353   -8.830862 -0.9070307 0.1014363
                cellType.target std.logFC.rank     std.logFC.anno
ENSG00000019102          random              1  std logFC = 0.106
ENSG00000170275          random              2  std logFC = 0.106
ENSG00000186564          random              3  std logFC = 0.105
ENSG00000157426          random              4  std logFC = 0.105
ENSG00000132026          random              5  std logFC = 0.102
ENSG00000174516          random              6  std logFC = 0.101
[1] 221
Running 1vALL Testing for up-regulated genes
2024-09-08 00:44:01.328755 - Find markers for: other
2024-09-08 00:44:05.377161 - Find markers for: random
2024-09-08 00:44:09.343345 - Building Table
** Done! **

                           gene       logFC log.p.value   log.FDR std.logFC
ENSG00000147869 ENSG00000147869 0.008365904  -11.580123 -2.016848 0.1198725
ENSG00000225921 ENSG00000225921 0.077628669  -10.641776 -2.016848 0.1138815
ENSG00000172955 ENSG00000172955 0.007551196  -10.633826 -2.016848 0.1138295
ENSG00000182985 ENSG00000182985 0.152487577   -9.241750 -1.155729 0.1043734
ENSG00000160959 ENSG00000160959 0.030726748   -9.126922 -1.155729 0.1035591
ENSG00000184507 ENSG00000184507 0.006563860   -8.915130 -1.155729 0.1020422
                cellType.target std.logFC.rank     std.logFC.anno
ENSG00000147869          random              1   std logFC = 0.12
ENSG00000225921          random              2  std logFC = 0.114
ENSG00000172955          random              3  std logFC = 0.114
ENSG00000182985          random              4  std logFC = 0.104
ENSG00000160959          random              5  std logFC = 0.104
ENSG00000184507          random              6  std logFC = 0.102
[1] 222
Running 1vALL Testing for up-regulated genes
2024-09-08 00:44:09.531957 - Find markers for: other
2024-09-08 00:44:13.389318 - Find markers for: random
2024-09-08 00:44:17.271411 - Building Table
** Done! **

                           gene       logFC log.p.value   log.FDR std.logFC
ENSG00000099985 ENSG00000099985 0.005705904  -10.903610 -1.513240 0.1156306
ENSG00000182747 ENSG00000182747 0.014063828  -10.497752 -1.513240 0.1129846
ENSG00000141579 ENSG00000141579 0.009448553   -9.826057 -1.513240 0.1084784
ENSG00000078808 ENSG00000078808 0.070776973   -9.694526 -1.513240 0.1075763
ENSG00000171631 ENSG00000171631 0.020810560   -9.619393 -1.513240 0.1070579
ENSG00000172977 ENSG00000172977 0.050837469   -9.431252 -1.507421 0.1057499
                cellType.target std.logFC.rank     std.logFC.anno
ENSG00000099985          random              1  std logFC = 0.116
ENSG00000182747          random              2  std logFC = 0.113
ENSG00000141579          random              3  std logFC = 0.108
ENSG00000078808          random              4  std logFC = 0.108
ENSG00000171631          random              5  std logFC = 0.107
ENSG00000172977          random              6  std logFC = 0.106
[1] 223
Running 1vALL Testing for up-regulated genes
2024-09-08 00:44:17.477286 - Find markers for: other
2024-09-08 00:44:21.426692 - Find markers for: random
2024-09-08 00:44:25.360162 - Building Table
** Done! **

                           gene       logFC log.p.value    log.FDR  std.logFC
ENSG00000213892 ENSG00000213892 0.001754335  -10.390694 -0.6751040 0.11163697
ENSG00000099860 ENSG00000099860 0.054164140   -9.155027 -0.2649593 0.10321110
ENSG00000101654 ENSG00000101654 0.099774100   -8.699890 -0.2649593 0.09994931
ENSG00000164708 ENSG00000164708 0.017009976   -8.594255 -0.2649593 0.09917875
ENSG00000130254 ENSG00000130254 0.089455775   -8.065213 -0.0673633 0.09523755
ENSG00000129946 ENSG00000129946 0.067566930   -7.864041 -0.0673633 0.09370095
                cellType.target std.logFC.rank     std.logFC.anno
ENSG00000213892          random              1  std logFC = 0.112
ENSG00000099860          random              2  std logFC = 0.103
ENSG00000101654          random              3    std logFC = 0.1
ENSG00000164708          random              4  std logFC = 0.099
ENSG00000130254          random              5  std logFC = 0.095
ENSG00000129946          random              6  std logFC = 0.094
[1] 224
Running 1vALL Testing for up-regulated genes
2024-09-08 00:44:25.548921 - Find markers for: other
2024-09-08 00:44:29.52743 - Find markers for: random
2024-09-08 00:44:33.497192 - Building Table
** Done! **

                           gene       logFC log.p.value   log.FDR std.logFC
ENSG00000176532 ENSG00000176532 0.011068699  -13.466128 -3.750537 0.1317445
ENSG00000116748 ENSG00000116748 0.002861713  -11.340868 -2.574825 0.1189009
ENSG00000161180 ENSG00000161180 0.006371799  -11.191803 -2.574825 0.1179524
ENSG00000148290 ENSG00000148290 0.044232670   -8.984471 -1.113116 0.1030000
ENSG00000100368 ENSG00000100368 0.011341055   -8.936015 -1.113116 0.1026500
ENSG00000214511 ENSG00000214511 0.016718864   -8.903147 -1.113116 0.1024121
                cellType.target std.logFC.rank     std.logFC.anno
ENSG00000176532          random              1  std logFC = 0.132
ENSG00000116748          random              2  std logFC = 0.119
ENSG00000161180          random              3  std logFC = 0.118
ENSG00000148290          random              4  std logFC = 0.103
ENSG00000100368          random              5  std logFC = 0.103
ENSG00000214511          random              6  std logFC = 0.102
[1] 225
Running 1vALL Testing for up-regulated genes
2024-09-08 00:44:33.693142 - Find markers for: other
2024-09-08 00:44:37.792706 - Find markers for: random
2024-09-08 00:44:41.891335 - Building Table
** Done! **

                           gene       logFC log.p.value   log.FDR std.logFC
ENSG00000106541 ENSG00000106541 0.002310106  -12.110056 -2.394466 0.1224706
ENSG00000081051 ENSG00000081051 0.002217327  -10.838685 -2.171737 0.1145371
ENSG00000104872 ENSG00000104872 0.052443731  -10.788715 -2.171737 0.1142151
ENSG00000106049 ENSG00000106049 0.122944779  -10.260675 -2.142315 0.1107611
ENSG00000150750 ENSG00000150750 0.004021685  -10.248467 -2.142315 0.1106801
ENSG00000165702 ENSG00000165702 0.011682915   -9.752576 -1.834740 0.1073437
                cellType.target std.logFC.rank     std.logFC.anno
ENSG00000106541          random              1  std logFC = 0.122
ENSG00000081051          random              2  std logFC = 0.115
ENSG00000104872          random              3  std logFC = 0.114
ENSG00000106049          random              4  std logFC = 0.111
ENSG00000150750          random              5  std logFC = 0.111
ENSG00000165702          random              6  std logFC = 0.107
[1] 226
Running 1vALL Testing for up-regulated genes
2024-09-08 00:44:42.084375 - Find markers for: random
2024-09-08 00:44:46.265117 - Find markers for: other
2024-09-08 00:44:50.232419 - Building Table
** Done! **

                           gene       logFC log.p.value   log.FDR std.logFC
ENSG00000114654 ENSG00000114654 0.033687078  -12.557119 -2.841528 0.1258459
ENSG00000188529 ENSG00000188529 0.110171593  -11.388867 -2.366424 0.1186848
ENSG00000179855 ENSG00000179855 0.007497637  -10.138001 -1.522796 0.1105550
ENSG00000248487 ENSG00000248487 0.051274397   -9.852092 -1.522796 0.1086202
ENSG00000105352 ENSG00000105352 0.006548064   -9.510962 -1.404810 0.1062706
ENSG00000241186 ENSG00000241186 0.006412638   -9.242185 -1.318354 0.1043863
                cellType.target std.logFC.rank     std.logFC.anno
ENSG00000114654          random              1  std logFC = 0.126
ENSG00000188529          random              2  std logFC = 0.119
ENSG00000179855          random              3  std logFC = 0.111
ENSG00000248487          random              4  std logFC = 0.109
ENSG00000105352          random              5  std logFC = 0.106
ENSG00000241186          random              6  std logFC = 0.104
[1] 227
Running 1vALL Testing for up-regulated genes
2024-09-08 00:44:50.419033 - Find markers for: other
2024-09-08 00:44:54.488544 - Find markers for: random
2024-09-08 00:44:58.634212 - Building Table
** Done! **

                           gene       logFC log.p.value   log.FDR std.logFC
ENSG00000143217 ENSG00000143217 0.004962206  -11.428599 -1.713009 0.1181604
ENSG00000067182 ENSG00000067182 0.043919379  -10.543087 -1.520644 0.1125081
ENSG00000178567 ENSG00000178567 0.093652520  -10.112397 -1.495419 0.1096643
ENSG00000105370 ENSG00000105370 0.002207770   -9.652938 -1.413328 0.1065558
ENSG00000145358 ENSG00000145358 0.015753859   -9.462629 -1.413328 0.1052442
ENSG00000186810 ENSG00000186810 0.004346961   -9.337159 -1.413328 0.1043715
                cellType.target std.logFC.rank     std.logFC.anno
ENSG00000143217          random              1  std logFC = 0.118
ENSG00000067182          random              2  std logFC = 0.113
ENSG00000178567          random              3   std logFC = 0.11
ENSG00000105370          random              4  std logFC = 0.107
ENSG00000145358          random              5  std logFC = 0.105
ENSG00000186810          random              6  std logFC = 0.104
[1] 228
Running 1vALL Testing for up-regulated genes
2024-09-08 00:44:58.856123 - Find markers for: other
2024-09-08 00:45:02.907791 - Find markers for: random
2024-09-08 00:45:06.979282 - Building Table
** Done! **

                           gene       logFC log.p.value   log.FDR std.logFC
ENSG00000154016 ENSG00000154016 0.012362563   -11.14032 -2.598810 0.1172806
ENSG00000215183 ENSG00000215183 0.003988366   -11.02491 -2.598810 0.1165417
ENSG00000125744 ENSG00000125744 0.055361741   -10.93446 -2.598810 0.1159597
ENSG00000101181 ENSG00000101181 0.092155687   -10.91583 -2.598810 0.1158395
ENSG00000179008 ENSG00000179008 0.064637571   -10.70496 -2.598810 0.1144709
ENSG00000126353 ENSG00000126353 0.006497554    -9.08049 -1.156659 0.1033882
                cellType.target std.logFC.rank     std.logFC.anno
ENSG00000154016          random              1  std logFC = 0.117
ENSG00000215183          random              2  std logFC = 0.117
ENSG00000125744          random              3  std logFC = 0.116
ENSG00000101181          random              4  std logFC = 0.116
ENSG00000179008          random              5  std logFC = 0.114
ENSG00000126353          random              6  std logFC = 0.103
[1] 229
Running 1vALL Testing for up-regulated genes
2024-09-08 00:45:07.178363 - Find markers for: other
2024-09-08 00:45:11.137797 - Find markers for: random
2024-09-08 00:45:15.162555 - Building Table
** Done! **

                           gene       logFC log.p.value    log.FDR  std.logFC
ENSG00000089225 ENSG00000089225 0.006427864  -12.425812 -3.5726589 0.12504351
ENSG00000254685 ENSG00000254685 0.104149280  -12.283019 -3.5726589 0.12418350
ENSG00000169551 ENSG00000169551 0.015147272  -12.189637 -3.5726589 0.12361813
ENSG00000090054 ENSG00000090054 0.096697097  -10.116527 -1.7872305 0.11039646
ENSG00000142687 ENSG00000142687 0.117820374   -9.236521 -1.1303687 0.10433274
ENSG00000186001 ENSG00000186001 0.111052090   -8.362415 -0.4571976 0.09798271
                cellType.target std.logFC.rank     std.logFC.anno
ENSG00000089225          random              1  std logFC = 0.125
ENSG00000254685          random              2  std logFC = 0.124
ENSG00000169551          random              3  std logFC = 0.124
ENSG00000090054          random              4   std logFC = 0.11
ENSG00000142687          random              5  std logFC = 0.104
ENSG00000186001          random              6  std logFC = 0.098
[1] 230
Running 1vALL Testing for up-regulated genes
2024-09-08 00:45:15.36025 - Find markers for: random
2024-09-08 00:45:19.407151 - Find markers for: other
2024-09-08 00:45:23.325634 - Building Table
** Done! **

                           gene      logFC log.p.value    log.FDR  std.logFC
ENSG00000148429 ENSG00000148429 0.09933267   -9.197448 -0.4905882 0.10365758
ENSG00000179148 ENSG00000179148 0.01368579   -9.191604 -0.4905882 0.10361633
ENSG00000103507 ENSG00000103507 0.02962407   -8.986991 -0.4905882 0.10216259
ENSG00000168564 ENSG00000168564 0.03356317   -8.771419 -0.4905882 0.10061091
ENSG00000021826 ENSG00000021826 0.04212658   -8.354484 -0.4905882 0.09754830
ENSG00000088298 ENSG00000088298 0.04749553   -8.301655 -0.4905882 0.09715419
                cellType.target std.logFC.rank     std.logFC.anno
ENSG00000148429          random              1  std logFC = 0.104
ENSG00000179148          random              2  std logFC = 0.104
ENSG00000103507          random              3  std logFC = 0.102
ENSG00000168564          random              4  std logFC = 0.101
ENSG00000021826          random              5  std logFC = 0.098
ENSG00000088298          random              6  std logFC = 0.097
[1] 231
Running 1vALL Testing for up-regulated genes
2024-09-08 00:45:23.503942 - Find markers for: other
2024-09-08 00:45:27.414951 - Find markers for: random
2024-09-08 00:45:31.670221 - Building Table
** Done! **

                           gene       logFC log.p.value   log.FDR std.logFC
ENSG00000144644 ENSG00000144644 0.009058963  -13.482909 -4.086192 0.1312241
ENSG00000283297 ENSG00000283297 0.010757343  -13.108635 -4.086192 0.1290586
ENSG00000101323 ENSG00000101323 0.003755023  -11.288151 -2.671173 0.1180111
ENSG00000178394 ENSG00000178394 0.003273600  -10.714893 -2.385597 0.1143325
ENSG00000169105 ENSG00000169105 0.012918972  -10.379810 -2.273657 0.1121320
ENSG00000117601 ENSG00000117601 0.006775347   -9.425393 -1.646005 0.1056400
                cellType.target std.logFC.rank     std.logFC.anno
ENSG00000144644          random              1  std logFC = 0.131
ENSG00000283297          random              2  std logFC = 0.129
ENSG00000101323          random              3  std logFC = 0.118
ENSG00000178394          random              4  std logFC = 0.114
ENSG00000169105          random              5  std logFC = 0.112
ENSG00000117601          random              6  std logFC = 0.106
[1] 232
Running 1vALL Testing for up-regulated genes
2024-09-08 00:45:31.871753 - Find markers for: other
2024-09-08 00:45:35.822706 - Find markers for: random
2024-09-08 00:45:39.696288 - Building Table
** Done! **

                           gene       logFC log.p.value    log.FDR  std.logFC
ENSG00000134107 ENSG00000134107 0.060050078   -9.601030 -0.8503789 0.10652514
ENSG00000106780 ENSG00000106780 0.132386486   -9.486657 -0.8503789 0.10573388
ENSG00000178913 ENSG00000178913 0.070597571   -9.312521 -0.8503789 0.10451894
ENSG00000124449 ENSG00000124449 0.002253087   -9.179675 -0.8503789 0.10358357
ENSG00000151062 ENSG00000151062 0.020428895   -8.759685 -0.6535325 0.10057585
ENSG00000258818 ENSG00000258818 0.012761614   -8.374310 -0.4504792 0.09774443
                cellType.target std.logFC.rank     std.logFC.anno
ENSG00000134107          random              1  std logFC = 0.107
ENSG00000106780          random              2  std logFC = 0.106
ENSG00000178913          random              3  std logFC = 0.105
ENSG00000124449          random              4  std logFC = 0.104
ENSG00000151062          random              5  std logFC = 0.101
ENSG00000258818          random              6  std logFC = 0.098
[1] 233
Running 1vALL Testing for up-regulated genes
2024-09-08 00:45:39.868577 - Find markers for: random
2024-09-08 00:45:43.896353 - Find markers for: other
2024-09-08 00:45:48.002177 - Building Table
** Done! **

                           gene       logFC log.p.value   log.FDR std.logFC
ENSG00000148735 ENSG00000148735 0.003790196  -11.046788 -1.926588 0.1163744
ENSG00000109047 ENSG00000109047 0.018370837  -10.949031 -1.926588 0.1157476
ENSG00000013810 ENSG00000013810 0.033029918  -10.232277 -1.615299 0.1110546
ENSG00000175463 ENSG00000175463 0.010864540   -9.684791 -1.537699 0.1073462
ENSG00000198523 ENSG00000198523 0.017214382   -9.461770 -1.537699 0.1058024
ENSG00000138068 ENSG00000138068 0.008189212   -9.435286 -1.537699 0.1056177
                cellType.target std.logFC.rank     std.logFC.anno
ENSG00000148735          random              1  std logFC = 0.116
ENSG00000109047          random              2  std logFC = 0.116
ENSG00000013810          random              3  std logFC = 0.111
ENSG00000175463          random              4  std logFC = 0.107
ENSG00000198523          random              5  std logFC = 0.106
ENSG00000138068          random              6  std logFC = 0.106
[1] 234
Running 1vALL Testing for up-regulated genes
2024-09-08 00:45:48.202224 - Find markers for: other
2024-09-08 00:45:52.211079 - Find markers for: random
2024-09-08 00:45:56.250351 - Building Table
** Done! **

                           gene      logFC log.p.value    log.FDR std.logFC
ENSG00000134748 ENSG00000134748 0.07236195  -13.302934 -3.5873433 0.1299759
ENSG00000196636 ENSG00000196636 0.05947809  -10.247469 -1.2250261 0.1110717
ENSG00000204390 ENSG00000204390 0.01467307   -9.037690 -0.8808574 0.1027322
ENSG00000188895 ENSG00000188895 0.08582906   -9.001198 -0.8808574 0.1024713
ENSG00000069018 ENSG00000069018 0.05857480   -8.987010 -0.8808574 0.1023697
ENSG00000198162 ENSG00000198162 0.12354119   -8.666895 -0.7705746 0.1000532
                cellType.target std.logFC.rank     std.logFC.anno
ENSG00000134748          random              1   std logFC = 0.13
ENSG00000196636          random              2  std logFC = 0.111
ENSG00000204390          random              3  std logFC = 0.103
ENSG00000188895          random              4  std logFC = 0.102
ENSG00000069018          random              5  std logFC = 0.102
ENSG00000198162          random              6    std logFC = 0.1
[1] 235
Running 1vALL Testing for up-regulated genes
2024-09-08 00:45:56.448599 - Find markers for: other
2024-09-08 00:46:00.478639 - Find markers for: random
2024-09-08 00:46:04.355977 - Building Table
** Done! **

                           gene       logFC log.p.value    log.FDR  std.logFC
ENSG00000151962 ENSG00000151962 0.008965091  -11.580238 -1.8646477 0.11943351
ENSG00000261221 ENSG00000261221 0.038958466   -8.821224 -0.6773346 0.10099132
ENSG00000213578 ENSG00000213578 0.015694656   -8.750957 -0.6773346 0.10048247
ENSG00000213658 ENSG00000213658 0.034320776   -8.487648 -0.6773346 0.09855512
ENSG00000011422 ENSG00000011422 0.033364219   -8.343413 -0.6773346 0.09748517
ENSG00000110944 ENSG00000110944 0.009084071   -8.285723 -0.6773346 0.09705433
                cellType.target std.logFC.rank     std.logFC.anno
ENSG00000151962          random              1  std logFC = 0.119
ENSG00000261221          random              2  std logFC = 0.101
ENSG00000213578          random              3    std logFC = 0.1
ENSG00000213658          random              4  std logFC = 0.099
ENSG00000011422          random              5  std logFC = 0.097
ENSG00000110944          random              6  std logFC = 0.097
[1] 236
Running 1vALL Testing for up-regulated genes
2024-09-08 00:46:04.548759 - Find markers for: other
2024-09-08 00:46:08.428755 - Find markers for: random
2024-09-08 00:46:12.397752 - Building Table
** Done! **

                           gene       logFC log.p.value    log.FDR  std.logFC
ENSG00000144895 ENSG00000144895 0.078091993  -11.214657 -1.4990664 0.11637346
ENSG00000022267 ENSG00000022267 0.093864250   -9.623750 -0.7911046 0.10595129
ENSG00000111364 ENSG00000111364 0.076673006   -9.251347 -0.7911046 0.10337648
ENSG00000134443 ENSG00000134443 0.005663659   -8.765002 -0.7911046 0.09992555
ENSG00000089195 ENSG00000089195 0.041937751   -8.733806 -0.7911046 0.09970059
ENSG00000100714 ENSG00000100714 0.070505722   -8.656638 -0.7911046 0.09914220
                cellType.target std.logFC.rank     std.logFC.anno
ENSG00000144895          random              1  std logFC = 0.116
ENSG00000022267          random              2  std logFC = 0.106
ENSG00000111364          random              3  std logFC = 0.103
ENSG00000134443          random              4    std logFC = 0.1
ENSG00000089195          random              5    std logFC = 0.1
ENSG00000100714          random              6  std logFC = 0.099
[1] 237
Running 1vALL Testing for up-regulated genes
2024-09-08 00:46:12.591843 - Find markers for: other
2024-09-08 00:46:16.676873 - Find markers for: random
2024-09-08 00:46:20.660479 - Building Table
** Done! **

                           gene       logFC log.p.value    log.FDR  std.logFC
ENSG00000182938 ENSG00000182938 0.003745352  -15.578679 -5.8630887 0.14250037
ENSG00000172689 ENSG00000172689 0.002784577   -9.728431 -0.8768936 0.10752185
ENSG00000198765 ENSG00000198765 0.005645037   -9.493872 -0.8768936 0.10590357
ENSG00000274588 ENSG00000274588 0.035253801   -9.079042 -0.7497460 0.10298632
ENSG00000242485 ENSG00000242485 0.063294390   -8.677004 -0.7231866 0.10008738
ENSG00000178401 ENSG00000178401 0.032448781   -8.647018 -0.7231866 0.09986819
                cellType.target std.logFC.rank     std.logFC.anno
ENSG00000182938          random              1  std logFC = 0.143
ENSG00000172689          random              2  std logFC = 0.108
ENSG00000198765          random              3  std logFC = 0.106
ENSG00000274588          random              4  std logFC = 0.103
ENSG00000242485          random              5    std logFC = 0.1
ENSG00000178401          random              6    std logFC = 0.1
[1] 238
Running 1vALL Testing for up-regulated genes
2024-09-08 00:46:20.844271 - Find markers for: other
2024-09-08 00:46:24.711216 - Find markers for: random
2024-09-08 00:46:28.740225 - Building Table
** Done! **

                           gene      logFC log.p.value   log.FDR std.logFC
ENSG00000155256 ENSG00000155256 0.08410354  -11.415834 -1.849092 0.1184147
ENSG00000112782 ENSG00000112782 0.09657343  -10.490167 -1.849092 0.1124794
ENSG00000189127 ENSG00000189127 0.07866684  -10.304043 -1.849092 0.1112516
ENSG00000152402 ENSG00000152402 0.17139406  -10.178388 -1.849092 0.1104157
ENSG00000277586 ENSG00000277586 0.07702325   -9.770728 -1.664576 0.1076640
ENSG00000087263 ENSG00000087263 0.06477850   -9.389323 -1.655293 0.1050314
                cellType.target std.logFC.rank     std.logFC.anno
ENSG00000155256          random              1  std logFC = 0.118
ENSG00000112782          random              2  std logFC = 0.112
ENSG00000189127          random              3  std logFC = 0.111
ENSG00000152402          random              4   std logFC = 0.11
ENSG00000277586          random              5  std logFC = 0.108
ENSG00000087263          random              6  std logFC = 0.105
[1] 239
Running 1vALL Testing for up-regulated genes
2024-09-08 00:46:28.954968 - Find markers for: other
2024-09-08 00:46:33.106113 - Find markers for: random
2024-09-08 00:46:37.253011 - Building Table
** Done! **

                           gene      logFC log.p.value   log.FDR std.logFC
ENSG00000198720 ENSG00000198720 0.06564326  -12.376087 -2.660496 0.1244040
ENSG00000167889 ENSG00000167889 0.09831601  -11.660655 -2.654059 0.1200411
ENSG00000170921 ENSG00000170921 0.17796899  -11.271037 -2.654059 0.1176034
ENSG00000213551 ENSG00000213551 0.09533155   -9.912444 -1.583148 0.1087194
ENSG00000136286 ENSG00000136286 0.01050356   -9.379943 -1.382668 0.1050545
ENSG00000198840 ENSG00000198840 0.14802258   -9.149611 -1.382668 0.1034336
                cellType.target std.logFC.rank     std.logFC.anno
ENSG00000198720          random              1  std logFC = 0.124
ENSG00000167889          random              2   std logFC = 0.12
ENSG00000170921          random              3  std logFC = 0.118
ENSG00000213551          random              4  std logFC = 0.109
ENSG00000136286          random              5  std logFC = 0.105
ENSG00000198840          random              6  std logFC = 0.103
[1] 240
Running 1vALL Testing for up-regulated genes
2024-09-08 00:46:37.451209 - Find markers for: other
2024-09-08 00:46:41.450517 - Find markers for: random
2024-09-08 00:46:45.368736 - Building Table
** Done! **

                           gene       logFC log.p.value    log.FDR  std.logFC
ENSG00000177238 ENSG00000177238 0.018289200  -10.494797 -1.1278744 0.11258797
ENSG00000147065 ENSG00000147065 0.080124012   -9.926451 -1.1278744 0.10879807
ENSG00000160505 ENSG00000160505 0.006308929   -9.404032 -1.1278744 0.10520708
ENSG00000203857 ENSG00000203857 0.002352417   -9.399218 -1.1278744 0.10517348
ENSG00000030304 ENSG00000030304 0.060371548   -9.234027 -1.1278744 0.10401473
ENSG00000140057 ENSG00000140057 0.068097266   -8.634559 -0.7953664 0.09970989
                cellType.target std.logFC.rank     std.logFC.anno
ENSG00000177238          random              1  std logFC = 0.113
ENSG00000147065          random              2  std logFC = 0.109
ENSG00000160505          random              3  std logFC = 0.105
ENSG00000203857          random              4  std logFC = 0.105
ENSG00000030304          random              5  std logFC = 0.104
ENSG00000140057          random              6    std logFC = 0.1
[1] 241
Running 1vALL Testing for up-regulated genes
2024-09-08 00:46:45.559457 - Find markers for: other
2024-09-08 00:46:49.668755 - Find markers for: random
2024-09-08 00:46:53.662882 - Building Table
** Done! **

                           gene       logFC log.p.value   log.FDR std.logFC
ENSG00000074660 ENSG00000074660 0.040805537  -14.371549 -4.655958 0.1360418
ENSG00000258659 ENSG00000258659 0.024203405  -12.843185 -3.820742 0.1273184
ENSG00000167612 ENSG00000167612 0.006398556  -11.265122 -2.648144 0.1176953
ENSG00000120659 ENSG00000120659 0.007582161   -9.876573 -1.547277 0.1085953
ENSG00000095981 ENSG00000095981 0.005900033   -9.426117 -1.493203 0.1054927
ENSG00000227471 ENSG00000227471 0.002427746   -9.417034 -1.493203 0.1054293
                cellType.target std.logFC.rank     std.logFC.anno
ENSG00000074660          random              1  std logFC = 0.136
ENSG00000258659          random              2  std logFC = 0.127
ENSG00000167612          random              3  std logFC = 0.118
ENSG00000120659          random              4  std logFC = 0.109
ENSG00000095981          random              5  std logFC = 0.105
ENSG00000227471          random              6  std logFC = 0.105
[1] 242
Running 1vALL Testing for up-regulated genes
2024-09-08 00:46:53.848402 - Find markers for: random
2024-09-08 00:46:58.095269 - Find markers for: other
2024-09-08 00:47:02.076838 - Building Table
** Done! **

                           gene       logFC log.p.value   log.FDR std.logFC
ENSG00000187823 ENSG00000187823 0.002850506  -10.823920 -1.682102 0.1151879
ENSG00000147100 ENSG00000147100 0.100985453  -10.493015 -1.682102 0.1130245
ENSG00000137727 ENSG00000137727 0.129011884  -10.180886 -1.682102 0.1109491
ENSG00000184368 ENSG00000184368 0.102923710   -9.751141 -1.682102 0.1080334
ENSG00000260903 ENSG00000260903 0.042633494   -9.648672 -1.682102 0.1073277
ENSG00000184845 ENSG00000184845 0.058662247   -9.366626 -1.682102 0.1053636
                cellType.target std.logFC.rank     std.logFC.anno
ENSG00000187823          random              1  std logFC = 0.115
ENSG00000147100          random              2  std logFC = 0.113
ENSG00000137727          random              3  std logFC = 0.111
ENSG00000184368          random              4  std logFC = 0.108
ENSG00000260903          random              5  std logFC = 0.107
ENSG00000184845          random              6  std logFC = 0.105
[1] 243
Running 1vALL Testing for up-regulated genes
2024-09-08 00:47:02.250494 - Find markers for: other
2024-09-08 00:47:06.149448 - Find markers for: random
2024-09-08 00:47:10.192755 - Building Table
** Done! **

                           gene       logFC log.p.value    log.FDR  std.logFC
ENSG00000102996 ENSG00000102996 0.025978940   -9.911104 -0.5995048 0.10866618
ENSG00000004939 ENSG00000004939 0.007898106   -9.595568 -0.5995048 0.10650883
ENSG00000168124 ENSG00000168124 0.002581272   -9.216483 -0.5995048 0.10386431
ENSG00000197977 ENSG00000197977 0.057878056   -8.875948 -0.5747933 0.10143668
ENSG00000179023 ENSG00000179023 0.001748213   -8.637597 -0.5747933 0.09970650
ENSG00000163357 ENSG00000163357 0.009751714   -8.089086 -0.5747933 0.09562077
                cellType.target std.logFC.rank     std.logFC.anno
ENSG00000102996          random              1  std logFC = 0.109
ENSG00000004939          random              2  std logFC = 0.107
ENSG00000168124          random              3  std logFC = 0.104
ENSG00000197977          random              4  std logFC = 0.101
ENSG00000179023          random              5    std logFC = 0.1
ENSG00000163357          random              6  std logFC = 0.096
[1] 244
Running 1vALL Testing for up-regulated genes
2024-09-08 00:47:10.399559 - Find markers for: random
2024-09-08 00:47:14.476959 - Find markers for: other
2024-09-08 00:47:18.407369 - Building Table
** Done! **

                           gene       logFC log.p.value    log.FDR  std.logFC
ENSG00000117419 ENSG00000117419 0.135513477  -12.814075 -3.0984847 0.12713861
ENSG00000185085 ENSG00000185085 0.020430422  -10.883021 -1.8605778 0.11524830
ENSG00000124827 ENSG00000124827 0.005822579   -9.518776 -0.9017982 0.10613055
ENSG00000167612 ENSG00000167612 0.005367697   -8.482124 -0.7916181 0.09870552
ENSG00000137133 ENSG00000137133 0.028753181   -8.210043 -0.7916181 0.09667384
ENSG00000100982 ENSG00000100982 0.034800991   -8.180496 -0.7916181 0.09645095
                cellType.target std.logFC.rank     std.logFC.anno
ENSG00000117419          random              1  std logFC = 0.127
ENSG00000185085          random              2  std logFC = 0.115
ENSG00000124827          random              3  std logFC = 0.106
ENSG00000167612          random              4  std logFC = 0.099
ENSG00000137133          random              5  std logFC = 0.097
ENSG00000100982          random              6  std logFC = 0.096
[1] 245
Running 1vALL Testing for up-regulated genes
2024-09-08 00:47:18.601369 - Find markers for: random
2024-09-08 00:47:22.605856 - Find markers for: other
2024-09-08 00:47:26.55279 - Building Table
** Done! **

                           gene       logFC log.p.value    log.FDR  std.logFC
ENSG00000182310 ENSG00000182310 0.072582555  -10.937820 -1.5449616 0.11569637
ENSG00000186051 ENSG00000186051 0.007372349  -10.497472 -1.5449616 0.11283181
ENSG00000104883 ENSG00000104883 0.038866649  -10.067949 -1.5449616 0.10997314
ENSG00000109519 ENSG00000109519 0.037230172   -9.874258 -1.5449616 0.10866200
ENSG00000187091 ENSG00000187091 0.036779491   -9.181513 -1.0753606 0.10385223
ENSG00000187288 ENSG00000187288 0.002575158   -8.546767 -0.6632984 0.09926468
                cellType.target std.logFC.rank     std.logFC.anno
ENSG00000182310          random              1  std logFC = 0.116
ENSG00000186051          random              2  std logFC = 0.113
ENSG00000104883          random              3   std logFC = 0.11
ENSG00000109519          random              4  std logFC = 0.109
ENSG00000187091          random              5  std logFC = 0.104
ENSG00000187288          random              6  std logFC = 0.099
[1] 246
Running 1vALL Testing for up-regulated genes
2024-09-08 00:47:26.736523 - Find markers for: other
2024-09-08 00:47:30.819411 - Find markers for: random
2024-09-08 00:47:34.910964 - Building Table
** Done! **

                           gene       logFC log.p.value    log.FDR  std.logFC
ENSG00000175065 ENSG00000175065 0.001886874   -9.630507 -0.2490678 0.10673163
ENSG00000126733 ENSG00000126733 0.104694697   -9.150016 -0.2490678 0.10337702
ENSG00000204421 ENSG00000204421 0.004944264   -8.858458 -0.2490678 0.10129354
ENSG00000144771 ENSG00000144771 0.036864627   -8.218860 -0.2490678 0.09658481
ENSG00000124370 ENSG00000124370 0.056282073   -8.152199 -0.2490678 0.09608243
ENSG00000113209 ENSG00000113209 0.025747804   -8.045397 -0.2490678 0.09527270
                cellType.target std.logFC.rank     std.logFC.anno
ENSG00000175065          random              1  std logFC = 0.107
ENSG00000126733          random              2  std logFC = 0.103
ENSG00000204421          random              3  std logFC = 0.101
ENSG00000144771          random              4  std logFC = 0.097
ENSG00000124370          random              5  std logFC = 0.096
ENSG00000113209          random              6  std logFC = 0.095
[1] 247
Running 1vALL Testing for up-regulated genes
2024-09-08 00:47:35.125103 - Find markers for: other
2024-09-08 00:47:39.123491 - Find markers for: random
2024-09-08 00:47:43.034176 - Building Table
** Done! **

                           gene       logFC log.p.value   log.FDR std.logFC
ENSG00000188886 ENSG00000188886 0.009236365  -13.431759 -3.716168 0.1303434
ENSG00000161405 ENSG00000161405 0.018426457  -11.438755 -2.416312 0.1184273
ENSG00000114166 ENSG00000114166 0.146171392   -9.877075 -1.736121 0.1082682
ENSG00000102575 ENSG00000102575 0.005483856   -9.860260 -1.736121 0.1081542
ENSG00000169504 ENSG00000169504 0.145915002   -9.842273 -1.736121 0.1080321
ENSG00000066777 ENSG00000066777 0.119808763   -9.604681 -1.680850 0.1064074
                cellType.target std.logFC.rank     std.logFC.anno
ENSG00000188886          random              1   std logFC = 0.13
ENSG00000161405          random              2  std logFC = 0.118
ENSG00000114166          random              3  std logFC = 0.108
ENSG00000102575          random              4  std logFC = 0.108
ENSG00000169504          random              5  std logFC = 0.108
ENSG00000066777          random              6  std logFC = 0.106
[1] 248
Running 1vALL Testing for up-regulated genes
2024-09-08 00:47:43.219593 - Find markers for: other
2024-09-08 00:47:47.135242 - Find markers for: random
2024-09-08 00:47:51.080938 - Building Table
** Done! **

                           gene       logFC log.p.value    log.FDR  std.logFC
ENSG00000108602 ENSG00000108602 0.028374865  -16.431601 -6.7160110 0.14725289
ENSG00000103005 ENSG00000103005 0.048012133  -10.577339 -1.9101953 0.11343377
ENSG00000135299 ENSG00000135299 0.125770658  -10.527174 -1.9101953 0.11310442
ENSG00000106733 ENSG00000106733 0.067964601   -9.669583 -1.3402872 0.10733435
ENSG00000197409 ENSG00000197409 0.008316138   -8.830132 -0.7741749 0.10140467
ENSG00000108439 ENSG00000108439 0.037291865   -8.632562 -0.7741749 0.09996396
                cellType.target std.logFC.rank     std.logFC.anno
ENSG00000108602          random              1  std logFC = 0.147
ENSG00000103005          random              2  std logFC = 0.113
ENSG00000135299          random              3  std logFC = 0.113
ENSG00000106733          random              4  std logFC = 0.107
ENSG00000197409          random              5  std logFC = 0.101
ENSG00000108439          random              6    std logFC = 0.1
[1] 249
Running 1vALL Testing for up-regulated genes
2024-09-08 00:47:51.268916 - Find markers for: other
2024-09-08 00:47:55.251848 - Find markers for: random
2024-09-08 00:47:59.329374 - Building Table
** Done! **

                           gene       logFC log.p.value    log.FDR  std.logFC
ENSG00000149735 ENSG00000149735 0.003685878  -12.321580 -2.7557395 0.12374408
ENSG00000158850 ENSG00000158850 0.038966021  -11.778183 -2.7557395 0.12044411
ENSG00000166035 ENSG00000166035 0.035261422   -9.765322 -1.1483437 0.10742936
ENSG00000163273 ENSG00000163273 0.019317976   -9.255799 -0.9265028 0.10390449
ENSG00000171365 ENSG00000171365 0.060644834   -8.675471 -0.5693185 0.09975579
ENSG00000151655 ENSG00000151655 0.013703584   -8.260552 -0.4666539 0.09669377
                cellType.target std.logFC.rank     std.logFC.anno
ENSG00000149735          random              1  std logFC = 0.124
ENSG00000158850          random              2   std logFC = 0.12
ENSG00000166035          random              3  std logFC = 0.107
ENSG00000163273          random              4  std logFC = 0.104
ENSG00000171365          random              5    std logFC = 0.1
ENSG00000151655          random              6  std logFC = 0.097
[1] 250
Running 1vALL Testing for up-regulated genes
2024-09-08 00:47:59.518083 - Find markers for: other
2024-09-08 00:48:03.724951 - Find markers for: random
2024-09-08 00:48:07.689445 - Building Table
** Done! **

                           gene       logFC log.p.value    log.FDR  std.logFC
ENSG00000197579 ENSG00000197579 0.069363415  -11.950927 -2.2353363 0.12137081
ENSG00000145888 ENSG00000145888 0.042134815  -10.908339 -1.8858953 0.11485907
ENSG00000154451 ENSG00000154451 0.008347776   -9.243974 -0.9030728 0.10370932
ENSG00000204065 ENSG00000204065 0.047399654   -9.232369 -0.9030728 0.10362782
ENSG00000091490 ENSG00000091490 0.075518840   -8.449699 -0.6192771 0.09799412
ENSG00000125651 ENSG00000125651 0.047205434   -8.073943 -0.6192771 0.09518569
                cellType.target std.logFC.rank     std.logFC.anno
ENSG00000197579          random              1  std logFC = 0.121
ENSG00000145888          random              2  std logFC = 0.115
ENSG00000154451          random              3  std logFC = 0.104
ENSG00000204065          random              4  std logFC = 0.104
ENSG00000091490          random              5  std logFC = 0.098
ENSG00000125651          random              6  std logFC = 0.095
[1] 251
Running 1vALL Testing for up-regulated genes
2024-09-08 00:48:07.889895 - Find markers for: random
2024-09-08 00:48:12.107094 - Find markers for: other
2024-09-08 00:48:16.110354 - Building Table
** Done! **

                           gene      logFC log.p.value    log.FDR  std.logFC
ENSG00000139625 ENSG00000139625 0.07248890  -11.004175 -1.7933844 0.11628457
ENSG00000014164 ENSG00000014164 0.08117048  -10.815828 -1.7933844 0.11506962
ENSG00000170092 ENSG00000170092 0.02821780  -10.332947 -1.7159685 0.11190055
ENSG00000124701 ENSG00000124701 0.01166038   -9.189691 -0.8603947 0.10405519
ENSG00000168938 ENSG00000168938 0.01796630   -8.566045 -0.8158084 0.09954550
ENSG00000106780 ENSG00000106780 0.12458887   -8.559433 -0.8158084 0.09949672
                cellType.target std.logFC.rank     std.logFC.anno
ENSG00000139625          random              1  std logFC = 0.116
ENSG00000014164          random              2  std logFC = 0.115
ENSG00000170092          random              3  std logFC = 0.112
ENSG00000124701          random              4  std logFC = 0.104
ENSG00000168938          random              5    std logFC = 0.1
ENSG00000106780          random              6  std logFC = 0.099
[1] 252
Running 1vALL Testing for up-regulated genes
2024-09-08 00:48:16.307466 - Find markers for: other
2024-09-08 00:48:20.386187 - Find markers for: random
2024-09-08 00:48:24.548465 - Building Table
** Done! **

                           gene       logFC log.p.value    log.FDR  std.logFC
ENSG00000175544 ENSG00000175544 0.012026114  -10.376519 -0.7765486 0.11192480
ENSG00000188334 ENSG00000188334 0.007444407   -9.378807 -0.7765486 0.10513992
ENSG00000125531 ENSG00000125531 0.008421962   -9.189607 -0.7765486 0.10380881
ENSG00000125618 ENSG00000125618 0.016161236   -9.105845 -0.7765486 0.10321463
ENSG00000184012 ENSG00000184012 0.008776721   -8.816398 -0.7102450 0.10113766
ENSG00000250786 ENSG00000250786 0.019006189   -8.057215 -0.2707285 0.09550218
                cellType.target std.logFC.rank     std.logFC.anno
ENSG00000175544          random              1  std logFC = 0.112
ENSG00000188334          random              2  std logFC = 0.105
ENSG00000125531          random              3  std logFC = 0.104
ENSG00000125618          random              4  std logFC = 0.103
ENSG00000184012          random              5  std logFC = 0.101
ENSG00000250786          random              6  std logFC = 0.096
[1] 253
Running 1vALL Testing for up-regulated genes
2024-09-08 00:48:24.738377 - Find markers for: other
2024-09-08 00:48:28.627918 - Find markers for: random
2024-09-08 00:48:32.607514 - Building Table
** Done! **

                           gene      logFC log.p.value   log.FDR std.logFC
ENSG00000101000 ENSG00000101000 0.03476962   -11.80590 -2.935431 0.1213664
ENSG00000198099 ENSG00000198099 0.01044529   -11.61564 -2.935431 0.1201856
ENSG00000103187 ENSG00000103187 0.10091863   -11.53735 -2.935431 0.1196966
ENSG00000205704 ENSG00000205704 0.03350680   -11.26473 -2.935431 0.1179795
ENSG00000154479 ENSG00000154479 0.11004817   -10.99832 -2.892169 0.1162794
ENSG00000182809 ENSG00000182809 0.07131280   -10.49870 -2.574870 0.1130289
                cellType.target std.logFC.rank     std.logFC.anno
ENSG00000101000          random              1  std logFC = 0.121
ENSG00000198099          random              2   std logFC = 0.12
ENSG00000103187          random              3   std logFC = 0.12
ENSG00000205704          random              4  std logFC = 0.118
ENSG00000154479          random              5  std logFC = 0.116
ENSG00000182809          random              6  std logFC = 0.113
[1] 254
Running 1vALL Testing for up-regulated genes
2024-09-08 00:48:32.80143 - Find markers for: other
2024-09-08 00:48:36.850572 - Find markers for: random
2024-09-08 00:48:40.787808 - Building Table
** Done! **

                           gene       logFC log.p.value    log.FDR  std.logFC
ENSG00000168005 ENSG00000168005 0.043423059   -8.836051 -0.7046288 0.10156303
ENSG00000105671 ENSG00000105671 0.047005882   -8.817756 -0.7046288 0.10143028
ENSG00000117834 ENSG00000117834 0.008927431   -8.512697 -0.7046288 0.09919368
ENSG00000180318 ENSG00000180318 0.005490425   -8.425512 -0.7046288 0.09854627
ENSG00000124812 ENSG00000124812 0.001933275   -8.325929 -0.7046288 0.09780219
ENSG00000127564 ENSG00000127564 0.009520055   -8.272588 -0.7046288 0.09740159
                cellType.target std.logFC.rank     std.logFC.anno
ENSG00000168005          random              1  std logFC = 0.102
ENSG00000105671          random              2  std logFC = 0.101
ENSG00000117834          random              3  std logFC = 0.099
ENSG00000180318          random              4  std logFC = 0.099
ENSG00000124812          random              5  std logFC = 0.098
ENSG00000127564          random              6  std logFC = 0.097
[1] 255
Running 1vALL Testing for up-regulated genes
2024-09-08 00:48:40.961974 - Find markers for: other
2024-09-08 00:48:44.897779 - Find markers for: random
2024-09-08 00:48:48.870894 - Building Table
** Done! **

                           gene       logFC log.p.value    log.FDR  std.logFC
ENSG00000173653 ENSG00000173653 0.032899830   -9.828819 -0.5560135 0.10786241
ENSG00000106178 ENSG00000106178 0.002824175   -9.090230 -0.5560135 0.10273694
ENSG00000186212 ENSG00000186212 0.006804113   -8.957975 -0.5560135 0.10179501
ENSG00000005187 ENSG00000005187 0.017460583   -8.885310 -0.5560135 0.10127418
ENSG00000072694 ENSG00000072694 0.009494873   -8.376995 -0.4393665 0.09756252
ENSG00000196544 ENSG00000196544 0.018415768   -8.174611 -0.4393665 0.09604975
                cellType.target std.logFC.rank     std.logFC.anno
ENSG00000173653          random              1  std logFC = 0.108
ENSG00000106178          random              2  std logFC = 0.103
ENSG00000186212          random              3  std logFC = 0.102
ENSG00000005187          random              4  std logFC = 0.101
ENSG00000072694          random              5  std logFC = 0.098
ENSG00000196544          random              6  std logFC = 0.096
[1] 256
Running 1vALL Testing for up-regulated genes
2024-09-08 00:48:49.064749 - Find markers for: other
2024-09-08 00:48:53.088662 - Find markers for: random
2024-09-08 00:48:56.963048 - Building Table
** Done! **

                           gene       logFC log.p.value     log.FDR  std.logFC
ENSG00000183549 ENSG00000183549 0.033108310  -10.255432 -0.53984161 0.11136533
ENSG00000275722 ENSG00000275722 0.001209098   -8.766966 -0.08376781 0.10100062
ENSG00000069482 ENSG00000069482 0.008647723   -8.118074 -0.08376781 0.09617547
ENSG00000034533 ENSG00000034533 0.037060520   -7.942846 -0.08376781 0.09483573
ENSG00000183576 ENSG00000183576 0.088899716   -7.585133 -0.08376781 0.09204826
ENSG00000177728 ENSG00000177728 0.068166255   -7.542459 -0.08376781 0.09171082
                cellType.target std.logFC.rank     std.logFC.anno
ENSG00000183549          random              1  std logFC = 0.111
ENSG00000275722          random              2  std logFC = 0.101
ENSG00000069482          random              3  std logFC = 0.096
ENSG00000034533          random              4  std logFC = 0.095
ENSG00000183576          random              5  std logFC = 0.092
ENSG00000177728          random              6  std logFC = 0.092
[1] 257
Running 1vALL Testing for up-regulated genes
2024-09-08 00:48:57.153776 - Find markers for: other
2024-09-08 00:49:01.035273 - Find markers for: random
2024-09-08 00:49:04.960557 - Building Table
** Done! **

                           gene       logFC log.p.value   log.FDR std.logFC
ENSG00000164330 ENSG00000164330 0.127126450  -12.474174 -2.850978 0.1249872
ENSG00000238227 ENSG00000238227 0.040040963  -11.873422 -2.850978 0.1213496
ENSG00000184113 ENSG00000184113 0.050185398  -11.183184 -2.566205 0.1170435
ENSG00000075290 ENSG00000075290 0.006011884  -10.736932 -2.407636 0.1141815
ENSG00000072080 ENSG00000072080 0.004750825   -9.991932 -1.984321 0.1092535
ENSG00000137962 ENSG00000137962 0.069569504   -9.908152 -1.984321 0.1086867
                cellType.target std.logFC.rank     std.logFC.anno
ENSG00000164330          random              1  std logFC = 0.125
ENSG00000238227          random              2  std logFC = 0.121
ENSG00000184113          random              3  std logFC = 0.117
ENSG00000075290          random              4  std logFC = 0.114
ENSG00000072080          random              5  std logFC = 0.109
ENSG00000137962          random              6  std logFC = 0.109
[1] 258
Running 1vALL Testing for up-regulated genes
2024-09-08 00:49:05.14999 - Find markers for: other
2024-09-08 00:49:09.185888 - Find markers for: random
2024-09-08 00:49:13.155506 - Building Table
** Done! **

                           gene       logFC log.p.value    log.FDR  std.logFC
ENSG00000138180 ENSG00000138180 0.004425621   -9.774895 -0.7732732 0.10836314
ENSG00000271503 ENSG00000271503 0.011639039   -9.596704 -0.7732732 0.10713309
ENSG00000114346 ENSG00000114346 0.036022845   -9.390251 -0.7732732 0.10569201
ENSG00000163632 ENSG00000163632 0.017375390   -8.875429 -0.6452001 0.10201995
ENSG00000141933 ENSG00000141933 0.040883237   -8.751353 -0.6452001 0.10111734
ENSG00000144746 ENSG00000144746 0.085634494   -8.318710 -0.5500752 0.09791285
                cellType.target std.logFC.rank     std.logFC.anno
ENSG00000138180          random              1  std logFC = 0.108
ENSG00000271503          random              2  std logFC = 0.107
ENSG00000114346          random              3  std logFC = 0.106
ENSG00000163632          random              4  std logFC = 0.102
ENSG00000141933          random              5  std logFC = 0.101
ENSG00000144746          random              6  std logFC = 0.098
[1] 259
Running 1vALL Testing for up-regulated genes
2024-09-08 00:49:13.341461 - Find markers for: other
2024-09-08 00:49:17.248234 - Find markers for: random
2024-09-08 00:49:21.280937 - Building Table
** Done! **

                           gene       logFC log.p.value    log.FDR  std.logFC
ENSG00000095787 ENSG00000095787 0.128815909  -10.650985 -0.9353940 0.11323680
ENSG00000178826 ENSG00000178826 0.010814622   -8.755762 -0.3340838 0.10026335
ENSG00000136542 ENSG00000136542 0.007648133   -8.738594 -0.3340838 0.10013903
ENSG00000172059 ENSG00000172059 0.025956548   -8.606345 -0.3340838 0.09917679
ENSG00000231213 ENSG00000231213 0.014671388   -8.398580 -0.3340838 0.09764825
ENSG00000108839 ENSG00000108839 0.012716037   -8.257915 -0.3340838 0.09660134
                cellType.target std.logFC.rank     std.logFC.anno
ENSG00000095787          random              1  std logFC = 0.113
ENSG00000178826          random              2    std logFC = 0.1
ENSG00000136542          random              3    std logFC = 0.1
ENSG00000172059          random              4  std logFC = 0.099
ENSG00000231213          random              5  std logFC = 0.098
ENSG00000108839          random              6  std logFC = 0.097
[1] 260
Running 1vALL Testing for up-regulated genes
2024-09-08 00:49:21.460745 - Find markers for: other
2024-09-08 00:49:25.355757 - Find markers for: random
2024-09-08 00:49:29.328186 - Building Table
** Done! **

                           gene       logFC log.p.value    log.FDR  std.logFC
ENSG00000126353 ENSG00000126353 0.007246758  -10.869356 -1.1537654 0.11533061
ENSG00000188501 ENSG00000188501 0.016132701  -10.128224 -1.1057806 0.11045050
ENSG00000077150 ENSG00000077150 0.018392925   -9.569761 -0.9972228 0.10664140
ENSG00000188800 ENSG00000188800 0.006865866   -9.326519 -0.9972228 0.10494385
ENSG00000162894 ENSG00000162894 0.006551903   -9.074167 -0.9680146 0.10315653
ENSG00000152422 ENSG00000152422 0.089522788   -8.353690 -0.7449590 0.09789574
                cellType.target std.logFC.rank     std.logFC.anno
ENSG00000126353          random              1  std logFC = 0.115
ENSG00000188501          random              2   std logFC = 0.11
ENSG00000077150          random              3  std logFC = 0.107
ENSG00000188800          random              4  std logFC = 0.105
ENSG00000162894          random              5  std logFC = 0.103
ENSG00000152422          random              6  std logFC = 0.098
[1] 261
Running 1vALL Testing for up-regulated genes
2024-09-08 00:49:29.541108 - Find markers for: other
2024-09-08 00:49:33.674211 - Find markers for: random
2024-09-08 00:49:37.707745 - Building Table
** Done! **

                           gene       logFC log.p.value    log.FDR  std.logFC
ENSG00000257057 ENSG00000257057 0.024431133  -10.603310 -0.8877199 0.11398200
ENSG00000186350 ENSG00000186350 0.074569415   -9.079311 -0.3578905 0.10353977
ENSG00000169006 ENSG00000169006 0.039125463   -8.974869 -0.3578905 0.10278969
ENSG00000160868 ENSG00000160868 0.003808182   -8.476414 -0.1641447 0.09914106
ENSG00000145681 ENSG00000145681 0.023927914   -7.984899 -0.1641447 0.09542383
ENSG00000184811 ENSG00000184811 0.005071435   -7.884392 -0.1641447 0.09464804
                cellType.target std.logFC.rank     std.logFC.anno
ENSG00000257057          random              1  std logFC = 0.114
ENSG00000186350          random              2  std logFC = 0.104
ENSG00000169006          random              3  std logFC = 0.103
ENSG00000160868          random              4  std logFC = 0.099
ENSG00000145681          random              5  std logFC = 0.095
ENSG00000184811          random              6  std logFC = 0.095
[1] 262
Running 1vALL Testing for up-regulated genes
2024-09-08 00:49:37.898894 - Find markers for: other
2024-09-08 00:49:41.88551 - Find markers for: random
2024-09-08 00:49:45.873925 - Building Table
** Done! **

                           gene       logFC log.p.value   log.FDR std.logFC
ENSG00000159263 ENSG00000159263 0.021244436  -10.545797 -1.486242 0.1123430
ENSG00000005421 ENSG00000005421 0.016054925  -10.430494 -1.486242 0.1115894
ENSG00000134824 ENSG00000134824 0.085538817   -9.907172 -1.486242 0.1081098
ENSG00000129911 ENSG00000129911 0.043570184   -9.815538 -1.486242 0.1074901
ENSG00000184140 ENSG00000184140 0.004763915   -9.421106 -1.314954 0.1047857
ENSG00000159495 ENSG00000159495 0.003118410   -9.164568 -1.244307 0.1029928
                cellType.target std.logFC.rank     std.logFC.anno
ENSG00000159263          random              1  std logFC = 0.112
ENSG00000005421          random              2  std logFC = 0.112
ENSG00000134824          random              3  std logFC = 0.108
ENSG00000129911          random              4  std logFC = 0.107
ENSG00000184140          random              5  std logFC = 0.105
ENSG00000159495          random              6  std logFC = 0.103
[1] 263
Running 1vALL Testing for up-regulated genes
2024-09-08 00:49:46.080432 - Find markers for: other
2024-09-08 00:49:50.150983 - Find markers for: random
2024-09-08 00:49:54.197199 - Building Table
** Done! **

                           gene       logFC log.p.value   log.FDR std.logFC
ENSG00000187244 ENSG00000187244 0.029590158   -12.28377 -3.105103 0.1244332
ENSG00000104321 ENSG00000104321 0.005738567   -12.12755 -3.105103 0.1234842
ENSG00000125148 ENSG00000125148 0.090779916   -11.67019 -3.053211 0.1206668
ENSG00000100121 ENSG00000100121 0.007450639   -10.91170 -2.731765 0.1158578
ENSG00000187800 ENSG00000187800 0.014410913   -10.60729 -2.731765 0.1138762
ENSG00000160908 ENSG00000160908 0.055995982   -10.47572 -2.731765 0.1130101
                cellType.target std.logFC.rank     std.logFC.anno
ENSG00000187244          random              1  std logFC = 0.124
ENSG00000104321          random              2  std logFC = 0.123
ENSG00000125148          random              3  std logFC = 0.121
ENSG00000100121          random              4  std logFC = 0.116
ENSG00000187800          random              5  std logFC = 0.114
ENSG00000160908          random              6  std logFC = 0.113
[1] 264
Running 1vALL Testing for up-regulated genes
2024-09-08 00:49:54.37978 - Find markers for: other
2024-09-08 00:49:58.298656 - Find markers for: random
2024-09-08 00:50:02.189464 - Building Table
** Done! **

                           gene       logFC log.p.value    log.FDR  std.logFC
ENSG00000181690 ENSG00000181690 0.062497273   -8.820605 -0.6029426 0.10141289
ENSG00000169962 ENSG00000169962 0.002576695   -8.718367 -0.6029426 0.10066860
ENSG00000165912 ENSG00000165912 0.026721112   -8.612909 -0.6029426 0.09989576
ENSG00000104879 ENSG00000104879 0.007473594   -8.337864 -0.6029426 0.09785489
ENSG00000144401 ENSG00000144401 0.056341862   -8.337450 -0.6029426 0.09785179
ENSG00000146410 ENSG00000146410 0.007711792   -8.298234 -0.6029426 0.09755775
                cellType.target std.logFC.rank     std.logFC.anno
ENSG00000181690          random              1  std logFC = 0.101
ENSG00000169962          random              2  std logFC = 0.101
ENSG00000165912          random              3    std logFC = 0.1
ENSG00000104879          random              4  std logFC = 0.098
ENSG00000144401          random              5  std logFC = 0.098
ENSG00000146410          random              6  std logFC = 0.098
[1] 265
Running 1vALL Testing for up-regulated genes
2024-09-08 00:50:02.408935 - Find markers for: other
2024-09-08 00:50:06.517187 - Find markers for: random
2024-09-08 00:50:10.42134 - Building Table
** Done! **

                           gene       logFC log.p.value   log.FDR std.logFC
ENSG00000119185 ENSG00000119185 0.107330010  -11.824359 -2.108769 0.1213813
ENSG00000101751 ENSG00000101751 0.080238115  -10.744535 -2.085011 0.1145452
ENSG00000109832 ENSG00000109832 0.068712692  -10.701989 -2.085011 0.1142683
ENSG00000118231 ENSG00000118231 0.004259376   -9.944560 -1.987785 0.1092332
ENSG00000130640 ENSG00000130640 0.091095553   -9.917022 -1.987785 0.1090462
ENSG00000143257 ENSG00000143257 0.019040492   -9.911616 -1.987785 0.1090094
                cellType.target std.logFC.rank     std.logFC.anno
ENSG00000119185          random              1  std logFC = 0.121
ENSG00000101751          random              2  std logFC = 0.115
ENSG00000109832          random              3  std logFC = 0.114
ENSG00000118231          random              4  std logFC = 0.109
ENSG00000130640          random              5  std logFC = 0.109
ENSG00000143257          random              6  std logFC = 0.109
[1] 266
Running 1vALL Testing for up-regulated genes
2024-09-08 00:50:10.604843 - Find markers for: random
2024-09-08 00:50:14.64247 - Find markers for: other
2024-09-08 00:50:18.698648 - Building Table
** Done! **

                           gene       logFC log.p.value   log.FDR std.logFC
ENSG00000107438 ENSG00000107438 0.036971841  -11.616592 -2.190723 0.1197044
ENSG00000164946 ENSG00000164946 0.097027638  -11.213166 -2.190723 0.1171754
ENSG00000182631 ENSG00000182631 0.004189637  -10.560444 -1.943466 0.1129755
ENSG00000015475 ENSG00000015475 0.051724554   -9.138664 -1.174848 0.1033013
ENSG00000270882 ENSG00000270882 0.004776449   -9.005948 -1.174848 0.1023569
ENSG00000138449 ENSG00000138449 0.035037130   -8.989668 -1.174848 0.1022405
                cellType.target std.logFC.rank     std.logFC.anno
ENSG00000107438          random              1   std logFC = 0.12
ENSG00000164946          random              2  std logFC = 0.117
ENSG00000182631          random              3  std logFC = 0.113
ENSG00000015475          random              4  std logFC = 0.103
ENSG00000270882          random              5  std logFC = 0.102
ENSG00000138449          random              6  std logFC = 0.102
[1] 267
Running 1vALL Testing for up-regulated genes
2024-09-08 00:50:18.904438 - Find markers for: other
2024-09-08 00:50:22.907724 - Find markers for: random
2024-09-08 00:50:26.870956 - Building Table
** Done! **

                           gene       logFC log.p.value   log.FDR std.logFC
ENSG00000215262 ENSG00000215262 0.013279037  -13.235841 -3.520250 0.1303029
ENSG00000175455 ENSG00000175455 0.116418177  -10.406796 -1.419936 0.1127472
ENSG00000120210 ENSG00000120210 0.014209727   -9.866446 -1.419936 0.1091057
ENSG00000176092 ENSG00000176092 0.006097981   -9.628059 -1.419936 0.1074641
ENSG00000214046 ENSG00000214046 0.088459610   -9.519425 -1.419936 0.1067085
ENSG00000232388 ENSG00000232388 0.037883874   -9.228492 -1.419936 0.1046612
                cellType.target std.logFC.rank     std.logFC.anno
ENSG00000215262          random              1   std logFC = 0.13
ENSG00000175455          random              2  std logFC = 0.113
ENSG00000120210          random              3  std logFC = 0.109
ENSG00000176092          random              4  std logFC = 0.107
ENSG00000214046          random              5  std logFC = 0.107
ENSG00000232388          random              6  std logFC = 0.105
[1] 268
Running 1vALL Testing for up-regulated genes
2024-09-08 00:50:27.076598 - Find markers for: other
2024-09-08 00:50:31.038235 - Find markers for: random
2024-09-08 00:50:34.955722 - Building Table
** Done! **

                           gene       logFC log.p.value   log.FDR std.logFC
ENSG00000204006 ENSG00000204006 0.009152669   -9.787810 -1.080747 0.1078553
ENSG00000186594 ENSG00000186594 0.029302914   -9.523155 -1.080747 0.1060353
ENSG00000213995 ENSG00000213995 0.060757613   -9.434023 -1.080747 0.1054160
ENSG00000177938 ENSG00000177938 0.001319768   -9.410044 -1.080747 0.1052488
ENSG00000186648 ENSG00000186648 0.040329159   -8.746079 -1.077303 0.1005229
ENSG00000204370 ENSG00000204370 0.054962460   -8.716025 -1.077303 0.1003043
                cellType.target std.logFC.rank     std.logFC.anno
ENSG00000204006          random              1  std logFC = 0.108
ENSG00000186594          random              2  std logFC = 0.106
ENSG00000213995          random              3  std logFC = 0.105
ENSG00000177938          random              4  std logFC = 0.105
ENSG00000186648          random              5  std logFC = 0.101
ENSG00000204370          random              6    std logFC = 0.1
[1] 269
Running 1vALL Testing for up-regulated genes
2024-09-08 00:50:35.150207 - Find markers for: other
2024-09-08 00:50:39.230566 - Find markers for: random
2024-09-08 00:50:43.188241 - Building Table
** Done! **

                           gene       logFC log.p.value    log.FDR std.logFC
ENSG00000136457 ENSG00000136457 0.016628373  -10.426025 -1.0942965 0.1119772
ENSG00000112695 ENSG00000112695 0.056132589   -9.979447 -1.0942965 0.1090023
ENSG00000159527 ENSG00000159527 0.002053057   -9.711275 -1.0942965 0.1071804
ENSG00000240045 ENSG00000240045 0.003559295   -9.063141 -0.8299223 0.1026587
ENSG00000198171 ENSG00000198171 0.063914477   -8.890925 -0.8299223 0.1014272
ENSG00000159871 ENSG00000159871 0.057667634   -8.753753 -0.8299223 0.1004368
                cellType.target std.logFC.rank     std.logFC.anno
ENSG00000136457          random              1  std logFC = 0.112
ENSG00000112695          random              2  std logFC = 0.109
ENSG00000159527          random              3  std logFC = 0.107
ENSG00000240045          random              4  std logFC = 0.103
ENSG00000198171          random              5  std logFC = 0.101
ENSG00000159871          random              6    std logFC = 0.1
[1] 270
Running 1vALL Testing for up-regulated genes
2024-09-08 00:50:43.38989 - Find markers for: random
2024-09-08 00:50:47.38987 - Find markers for: other
2024-09-08 00:50:51.323444 - Building Table
** Done! **

                           gene       logFC log.p.value   log.FDR std.logFC
ENSG00000175325 ENSG00000175325 0.003136551  -12.716566 -3.000976 0.1274287
ENSG00000172955 ENSG00000172955 0.007760993  -11.031508 -2.009065 0.1169968
ENSG00000108823 ENSG00000108823 0.009454346   -9.120067 -1.028137 0.1040378
ENSG00000130758 ENSG00000130758 0.069381224   -9.079113 -1.028137 0.1037444
ENSG00000254402 ENSG00000254402 0.029517940   -8.985585 -1.028137 0.1030716
ENSG00000167264 ENSG00000167264 0.059415833   -8.951968 -1.028137 0.1028288
                cellType.target std.logFC.rank     std.logFC.anno
ENSG00000175325          random              1  std logFC = 0.127
ENSG00000172955          random              2  std logFC = 0.117
ENSG00000108823          random              3  std logFC = 0.104
ENSG00000130758          random              4  std logFC = 0.104
ENSG00000254402          random              5  std logFC = 0.103
ENSG00000167264          random              6  std logFC = 0.103
[1] 271
Running 1vALL Testing for up-regulated genes
2024-09-08 00:50:51.49339 - Find markers for: other
2024-09-08 00:50:55.476165 - Find markers for: random
2024-09-08 00:50:59.456101 - Building Table
** Done! **

                           gene       logFC log.p.value    log.FDR  std.logFC
ENSG00000185974 ENSG00000185974 0.005487109  -11.162537 -1.4469462 0.11672232
ENSG00000004776 ENSG00000004776 0.014067793  -10.101453 -1.0790096 0.10981142
ENSG00000116830 ENSG00000116830 0.072872124   -9.447190 -0.9034252 0.10534851
ENSG00000160783 ENSG00000160783 0.064989675   -9.051629 -0.9034252 0.10256668
ENSG00000086666 ENSG00000086666 0.102927906   -9.009578 -0.9034252 0.10226700
ENSG00000131059 ENSG00000131059 0.002425885   -8.384124 -0.8771308 0.09771438
                cellType.target std.logFC.rank     std.logFC.anno
ENSG00000185974          random              1  std logFC = 0.117
ENSG00000004776          random              2   std logFC = 0.11
ENSG00000116830          random              3  std logFC = 0.105
ENSG00000160783          random              4  std logFC = 0.103
ENSG00000086666          random              5  std logFC = 0.102
ENSG00000131059          random              6  std logFC = 0.098
[1] 272
Running 1vALL Testing for up-regulated genes
2024-09-08 00:50:59.640419 - Find markers for: random
2024-09-08 00:51:03.548249 - Find markers for: other
2024-09-08 00:51:07.52924 - Building Table
** Done! **

                           gene       logFC log.p.value   log.FDR std.logFC
ENSG00000253767 ENSG00000253767 0.037346497  -11.664907 -2.055374 0.1201932
ENSG00000173597 ENSG00000173597 0.014950493  -10.775493 -2.055374 0.1145549
ENSG00000127533 ENSG00000127533 0.004546469  -10.672353 -2.055374 0.1138847
ENSG00000126581 ENSG00000126581 0.059887804   -9.829539 -1.500242 0.1082693
ENSG00000104848 ENSG00000104848 0.009102566   -9.316493 -1.403939 0.1047197
ENSG00000005471 ENSG00000005471 0.015380082   -9.188890 -1.403939 0.1038201
                cellType.target std.logFC.rank     std.logFC.anno
ENSG00000253767          random              1   std logFC = 0.12
ENSG00000173597          random              2  std logFC = 0.115
ENSG00000127533          random              3  std logFC = 0.114
ENSG00000126581          random              4  std logFC = 0.108
ENSG00000104848          random              5  std logFC = 0.105
ENSG00000005471          random              6  std logFC = 0.104
[1] 273
Running 1vALL Testing for up-regulated genes
2024-09-08 00:51:07.725904 - Find markers for: other
2024-09-08 00:51:11.64216 - Find markers for: random
2024-09-08 00:51:15.61778 - Building Table
** Done! **

                           gene       logFC log.p.value    log.FDR  std.logFC
ENSG00000188467 ENSG00000188467 0.011245134   -9.840522 -1.1087702 0.10815976
ENSG00000179520 ENSG00000179520 0.027977462   -9.758691 -1.1087702 0.10760190
ENSG00000115593 ENSG00000115593 0.005529541   -9.725748 -1.1087702 0.10737660
ENSG00000269437 ENSG00000269437 0.008070245   -8.987952 -0.6586556 0.10221510
ENSG00000187037 ENSG00000187037 0.002421684   -8.504059 -0.6116338 0.09870069
ENSG00000205279 ENSG00000205279 0.012600187   -8.026178 -0.6116338 0.09511849
                cellType.target std.logFC.rank     std.logFC.anno
ENSG00000188467          random              1  std logFC = 0.108
ENSG00000179520          random              2  std logFC = 0.108
ENSG00000115593          random              3  std logFC = 0.107
ENSG00000269437          random              4  std logFC = 0.102
ENSG00000187037          random              5  std logFC = 0.099
ENSG00000205279          random              6  std logFC = 0.095
[1] 274
Running 1vALL Testing for up-regulated genes
2024-09-08 00:51:15.814485 - Find markers for: other
2024-09-08 00:51:19.859154 - Find markers for: random
2024-09-08 00:51:23.763791 - Building Table
** Done! **

                           gene       logFC log.p.value   log.FDR std.logFC
ENSG00000074219 ENSG00000074219 0.017473042  -12.083596 -2.368006 0.1225728
ENSG00000064102 ENSG00000064102 0.070030865  -10.587405 -1.601183 0.1131519
ENSG00000166482 ENSG00000166482 0.013668333  -10.218161 -1.601183 0.1107159
ENSG00000117650 ENSG00000117650 0.007036024   -9.801350 -1.532982 0.1079071
ENSG00000162298 ENSG00000162298 0.044183012   -9.610529 -1.532982 0.1065991
ENSG00000107833 ENSG00000107833 0.017823361   -9.428900 -1.532982 0.1053406
                cellType.target std.logFC.rank     std.logFC.anno
ENSG00000074219          random              1  std logFC = 0.123
ENSG00000064102          random              2  std logFC = 0.113
ENSG00000166482          random              3  std logFC = 0.111
ENSG00000117650          random              4  std logFC = 0.108
ENSG00000162298          random              5  std logFC = 0.107
ENSG00000107833          random              6  std logFC = 0.105
[1] 275
Running 1vALL Testing for up-regulated genes
2024-09-08 00:51:23.982414 - Find markers for: other
2024-09-08 00:51:28.119028 - Find markers for: random
2024-09-08 00:51:32.03039 - Building Table
** Done! **

                           gene       logFC log.p.value    log.FDR std.logFC
ENSG00000127074 ENSG00000127074 0.003701019  -11.302070 -1.5864798 0.1181292
ENSG00000243667 ENSG00000243667 0.088320776  -10.095073 -1.0726296 0.1102591
ENSG00000176381 ENSG00000176381 0.066980351   -9.314049 -0.9552501 0.1048861
ENSG00000204941 ENSG00000204941 0.004411744   -9.144968 -0.9552501 0.1036903
ENSG00000137033 ENSG00000137033 0.036114980   -8.970233 -0.9552501 0.1024416
ENSG00000172320 ENSG00000172320 0.002935138   -8.663580 -0.9552501 0.1002169
                cellType.target std.logFC.rank     std.logFC.anno
ENSG00000127074          random              1  std logFC = 0.118
ENSG00000243667          random              2   std logFC = 0.11
ENSG00000176381          random              3  std logFC = 0.105
ENSG00000204941          random              4  std logFC = 0.104
ENSG00000137033          random              5  std logFC = 0.102
ENSG00000172320          random              6    std logFC = 0.1
[1] 276
Running 1vALL Testing for up-regulated genes
2024-09-08 00:51:32.216559 - Find markers for: other
2024-09-08 00:51:36.06047 - Find markers for: random
2024-09-08 00:51:40.132142 - Building Table
** Done! **

                           gene       logFC log.p.value    log.FDR  std.logFC
ENSG00000114744 ENSG00000114744 0.062083232  -10.002426 -0.8943445 0.10957327
ENSG00000090402 ENSG00000090402 0.009425067   -9.916788 -0.8943445 0.10899299
ENSG00000250423 ENSG00000250423 0.005794489   -8.941543 -0.3245643 0.10217856
ENSG00000100997 ENSG00000100997 0.103711355   -8.468529 -0.3007896 0.09872417
ENSG00000144331 ENSG00000144331 0.150472292   -8.406942 -0.3007896 0.09826655
ENSG00000160221 ENSG00000160221 0.024999372   -8.017230 -0.1598543 0.09532632
                cellType.target std.logFC.rank     std.logFC.anno
ENSG00000114744          random              1   std logFC = 0.11
ENSG00000090402          random              2  std logFC = 0.109
ENSG00000250423          random              3  std logFC = 0.102
ENSG00000100997          random              4  std logFC = 0.099
ENSG00000144331          random              5  std logFC = 0.098
ENSG00000160221          random              6  std logFC = 0.095
[1] 277
Running 1vALL Testing for up-regulated genes
2024-09-08 00:51:40.324682 - Find markers for: other
2024-09-08 00:51:44.25465 - Find markers for: random
2024-09-08 00:51:48.26238 - Building Table
** Done! **

                           gene       logFC log.p.value    log.FDR std.logFC
ENSG00000173250 ENSG00000173250 0.002822306   -9.817058 -0.8090751 0.1082855
ENSG00000204520 ENSG00000204520 0.023685735   -9.640447 -0.8090751 0.1070735
ENSG00000122025 ENSG00000122025 0.046384880   -9.424803 -0.8090751 0.1055767
ENSG00000124103 ENSG00000124103 0.014295722   -9.027262 -0.8090751 0.1027668
ENSG00000187601 ENSG00000187601 0.050829729   -8.811883 -0.8090751 0.1012157
ENSG00000108479 ENSG00000108479 0.022668854   -8.732906 -0.8090751 0.1006416
                cellType.target std.logFC.rank     std.logFC.anno
ENSG00000173250          random              1  std logFC = 0.108
ENSG00000204520          random              2  std logFC = 0.107
ENSG00000122025          random              3  std logFC = 0.106
ENSG00000124103          random              4  std logFC = 0.103
ENSG00000187601          random              5  std logFC = 0.101
ENSG00000108479          random              6  std logFC = 0.101
[1] 278
Running 1vALL Testing for up-regulated genes
2024-09-08 00:51:48.45336 - Find markers for: other
2024-09-08 00:51:52.371542 - Find markers for: random
2024-09-08 00:51:56.357167 - Building Table
** Done! **

                           gene       logFC log.p.value   log.FDR std.logFC
ENSG00000155659 ENSG00000155659 0.019324937  -11.352589 -1.636999 0.1182798
ENSG00000158828 ENSG00000158828 0.066142376  -10.610407 -1.587963 0.1135177
ENSG00000135917 ENSG00000135917 0.031047068   -9.761888 -1.566619 0.1078426
ENSG00000171133 ENSG00000171133 0.001946750   -9.683192 -1.566619 0.1073026
ENSG00000166963 ENSG00000166963 0.104386057   -9.498017 -1.566619 0.1060225
ENSG00000236032 ENSG00000236032 0.007416228   -9.490450 -1.566619 0.1059699
                cellType.target std.logFC.rank     std.logFC.anno
ENSG00000155659          random              1  std logFC = 0.118
ENSG00000158828          random              2  std logFC = 0.114
ENSG00000135917          random              3  std logFC = 0.108
ENSG00000171133          random              4  std logFC = 0.107
ENSG00000166963          random              5  std logFC = 0.106
ENSG00000236032          random              6  std logFC = 0.106
[1] 279
Running 1vALL Testing for up-regulated genes
2024-09-08 00:51:56.54563 - Find markers for: other
2024-09-08 00:52:00.559021 - Find markers for: random
2024-09-08 00:52:04.525775 - Building Table
** Done! **

                           gene       logFC log.p.value   log.FDR std.logFC
ENSG00000213638 ENSG00000213638 0.007979642  -10.297445 -1.041887 0.1111710
ENSG00000112339 ENSG00000112339 0.113549610   -9.322644 -1.041887 0.1045305
ENSG00000124812 ENSG00000124812 0.002048193   -9.193854 -1.041887 0.1036249
ENSG00000198885 ENSG00000198885 0.007703265   -8.997377 -1.041887 0.1022296
ENSG00000091409 ENSG00000091409 0.086104044   -8.967481 -1.041887 0.1020158
ENSG00000033050 ENSG00000033050 0.048332082   -8.844368 -1.041887 0.1011312
                cellType.target std.logFC.rank     std.logFC.anno
ENSG00000213638          random              1  std logFC = 0.111
ENSG00000112339          random              2  std logFC = 0.105
ENSG00000124812          random              3  std logFC = 0.104
ENSG00000198885          random              4  std logFC = 0.102
ENSG00000091409          random              5  std logFC = 0.102
ENSG00000033050          random              6  std logFC = 0.101
[1] 280
Running 1vALL Testing for up-regulated genes
2024-09-08 00:52:04.737642 - Find markers for: random
2024-09-08 00:52:08.767642 - Find markers for: other
2024-09-08 00:52:12.638805 - Building Table
** Done! **

                           gene       logFC log.p.value    log.FDR std.logFC
ENSG00000148377 ENSG00000148377 0.005446364  -10.479617 -0.8966179 0.1128192
ENSG00000119630 ENSG00000119630 0.012133065   -9.712299 -0.8966179 0.1076548
ENSG00000168237 ENSG00000168237 0.025491061   -9.004467 -0.8966179 0.1026864
ENSG00000113389 ENSG00000113389 0.016174645   -8.933200 -0.8966179 0.1021743
ENSG00000163519 ENSG00000163519 0.004815952   -8.883473 -0.8966179 0.1018156
ENSG00000161911 ENSG00000161911 0.011383845   -8.662857 -0.8966179 0.1002108
                cellType.target std.logFC.rank     std.logFC.anno
ENSG00000148377          random              1  std logFC = 0.113
ENSG00000119630          random              2  std logFC = 0.108
ENSG00000168237          random              3  std logFC = 0.103
ENSG00000113389          random              4  std logFC = 0.102
ENSG00000163519          random              5  std logFC = 0.102
ENSG00000161911          random              6    std logFC = 0.1
[1] 281
Running 1vALL Testing for up-regulated genes
2024-09-08 00:52:12.819441 - Find markers for: other
2024-09-08 00:52:16.929481 - Find markers for: random
2024-09-08 00:52:20.844739 - Building Table
** Done! **

                           gene       logFC log.p.value    log.FDR  std.logFC
ENSG00000111961 ENSG00000111961 0.181434141  -10.858020 -1.1424295 0.11517447
ENSG00000130813 ENSG00000130813 0.066531138   -9.925494 -0.9030508 0.10900305
ENSG00000095464 ENSG00000095464 0.012816686   -8.816967 -0.5703690 0.10123332
ENSG00000001084 ENSG00000001084 0.094958447   -8.460473 -0.5703690 0.09862003
ENSG00000101197 ENSG00000101197 0.002558524   -8.352734 -0.5703690 0.09781818
ENSG00000269437 ENSG00000269437 0.007702731   -8.317359 -0.5703690 0.09755365
                cellType.target std.logFC.rank     std.logFC.anno
ENSG00000111961          random              1  std logFC = 0.115
ENSG00000130813          random              2  std logFC = 0.109
ENSG00000095464          random              3  std logFC = 0.101
ENSG00000001084          random              4  std logFC = 0.099
ENSG00000101197          random              5  std logFC = 0.098
ENSG00000269437          random              6  std logFC = 0.098
[1] 282
Running 1vALL Testing for up-regulated genes
2024-09-08 00:52:21.035222 - Find markers for: random
2024-09-08 00:52:24.949958 - Find markers for: other
2024-09-08 00:52:28.95751 - Building Table
** Done! **

                           gene       logFC log.p.value    log.FDR  std.logFC
ENSG00000005981 ENSG00000005981 0.017086176  -10.607263 -0.8916725 0.11345630
ENSG00000165970 ENSG00000165970 0.004920437   -9.744934 -0.7224908 0.10768769
ENSG00000163623 ENSG00000163623 0.008684850   -8.758721 -0.3616842 0.10073196
ENSG00000159399 ENSG00000159399 0.029655987   -8.621535 -0.3616842 0.09973048
ENSG00000187800 ENSG00000187800 0.012480178   -8.467837 -0.3616842 0.09859782
ENSG00000102057 ENSG00000102057 0.012383138   -7.945228 -0.2910883 0.09465801
                cellType.target std.logFC.rank     std.logFC.anno
ENSG00000005981          random              1  std logFC = 0.113
ENSG00000165970          random              2  std logFC = 0.108
ENSG00000163623          random              3  std logFC = 0.101
ENSG00000159399          random              4    std logFC = 0.1
ENSG00000187800          random              5  std logFC = 0.099
ENSG00000102057          random              6  std logFC = 0.095
[1] 283
Running 1vALL Testing for up-regulated genes
2024-09-08 00:52:29.142507 - Find markers for: random
2024-09-08 00:52:33.103313 - Find markers for: other
2024-09-08 00:52:37.046772 - Building Table
** Done! **

                           gene       logFC log.p.value    log.FDR  std.logFC
ENSG00000134438 ENSG00000134438 0.006364318  -11.855850 -2.1402592 0.12134071
ENSG00000172273 ENSG00000172273 0.054775189   -8.991735 -0.2220856 0.10238957
ENSG00000239732 ENSG00000239732 0.007315672   -8.774216 -0.2220856 0.10082129
ENSG00000185303 ENSG00000185303 0.006841831   -7.968051 -0.2220856 0.09481121
ENSG00000278828 ENSG00000278828 0.004798887   -7.945861 -0.2220856 0.09464107
ENSG00000029559 ENSG00000029559 0.003995493   -7.942732 -0.2220856 0.09461705
                cellType.target std.logFC.rank     std.logFC.anno
ENSG00000134438          random              1  std logFC = 0.121
ENSG00000172273          random              2  std logFC = 0.102
ENSG00000239732          random              3  std logFC = 0.101
ENSG00000185303          random              4  std logFC = 0.095
ENSG00000278828          random              5  std logFC = 0.095
ENSG00000029559          random              6  std logFC = 0.095
[1] 284
Running 1vALL Testing for up-regulated genes
2024-09-08 00:52:37.221373 - Find markers for: other
2024-09-08 00:52:41.320195 - Find markers for: random
2024-09-08 00:52:45.330127 - Building Table
** Done! **

                           gene       logFC log.p.value   log.FDR std.logFC
ENSG00000171611 ENSG00000171611 0.008255186  -14.880428 -5.164837 0.1388241
ENSG00000117601 ENSG00000117601 0.007835738  -11.992105 -2.978709 0.1222057
ENSG00000183439 ENSG00000183439 0.027064682  -11.595687 -2.978709 0.1197609
ENSG00000148584 ENSG00000148584 0.006197804  -10.464799 -2.135503 0.1125233
ENSG00000175513 ENSG00000175513 0.008747253  -10.077306 -1.971153 0.1099449
ENSG00000048162 ENSG00000048162 0.023721406   -8.993718 -1.069887 0.1024289
                cellType.target std.logFC.rank     std.logFC.anno
ENSG00000171611          random              1  std logFC = 0.139
ENSG00000117601          random              2  std logFC = 0.122
ENSG00000183439          random              3   std logFC = 0.12
ENSG00000148584          random              4  std logFC = 0.113
ENSG00000175513          random              5   std logFC = 0.11
ENSG00000048162          random              6  std logFC = 0.102
[1] 285
Running 1vALL Testing for up-regulated genes
2024-09-08 00:52:45.514568 - Find markers for: other
2024-09-08 00:52:49.519812 - Find markers for: random
2024-09-08 00:52:53.428726 - Building Table
** Done! **

                           gene       logFC log.p.value   log.FDR std.logFC
ENSG00000185681 ENSG00000185681 0.046290514  -11.150616 -1.435025 0.1171748
ENSG00000215217 ENSG00000215217 0.062267163   -9.833206 -1.352213 0.1084905
ENSG00000140459 ENSG00000140459 0.029711945   -9.522941 -1.352213 0.1063531
ENSG00000130829 ENSG00000130829 0.020752604   -9.416550 -1.352213 0.1056113
ENSG00000099985 ENSG00000099985 0.005182992   -9.331768 -1.352213 0.1050168
ENSG00000115392 ENSG00000115392 0.117733850   -9.276044 -1.352213 0.1046245
                cellType.target std.logFC.rank     std.logFC.anno
ENSG00000185681          random              1  std logFC = 0.117
ENSG00000215217          random              2  std logFC = 0.108
ENSG00000140459          random              3  std logFC = 0.106
ENSG00000130829          random              4  std logFC = 0.106
ENSG00000099985          random              5  std logFC = 0.105
ENSG00000115392          random              6  std logFC = 0.105
[1] 286
Running 1vALL Testing for up-regulated genes
2024-09-08 00:52:53.607049 - Find markers for: other
2024-09-08 00:52:57.616475 - Find markers for: random
2024-09-08 00:53:01.512314 - Building Table
** Done! **

                           gene       logFC log.p.value    log.FDR  std.logFC
ENSG00000132464 ENSG00000132464 0.002286387  -11.742422 -2.5638205 0.12126614
ENSG00000186810 ENSG00000186810 0.005008894  -11.586264 -2.5638205 0.12029250
ENSG00000005156 ENSG00000005156 0.062826932  -10.941754 -2.3247755 0.11619586
ENSG00000197888 ENSG00000197888 0.003566650  -10.344444 -2.0151475 0.11227907
ENSG00000035720 ENSG00000035720 0.008865117   -9.189209 -1.0830562 0.10433252
ENSG00000048828 ENSG00000048828 0.099999639   -7.982568 -0.2584129 0.09541381
                cellType.target std.logFC.rank     std.logFC.anno
ENSG00000132464          random              1  std logFC = 0.121
ENSG00000186810          random              2   std logFC = 0.12
ENSG00000005156          random              3  std logFC = 0.116
ENSG00000197888          random              4  std logFC = 0.112
ENSG00000035720          random              5  std logFC = 0.104
ENSG00000048828          random              6  std logFC = 0.095
[1] 287
Running 1vALL Testing for up-regulated genes
2024-09-08 00:53:01.716918 - Find markers for: random
2024-09-08 00:53:05.726405 - Find markers for: other
2024-09-08 00:53:09.774008 - Building Table
** Done! **

                           gene      logFC log.p.value    log.FDR std.logFC
ENSG00000168070 ENSG00000168070 0.01042104  -12.495602 -3.0128156 0.1253930
ENSG00000180251 ENSG00000180251 0.01628674  -12.035259 -3.0128156 0.1226109
ENSG00000167968 ENSG00000167968 0.02612344  -11.572423 -2.9554447 0.1197544
ENSG00000120742 ENSG00000120742 0.08930387   -9.166459 -0.8798996 0.1037794
ENSG00000180263 ENSG00000180263 0.07912806   -8.827756 -0.8798996 0.1013512
ENSG00000119471 ENSG00000119471 0.07814438   -8.681970 -0.8798996 0.1002901
                cellType.target std.logFC.rank     std.logFC.anno
ENSG00000168070          random              1  std logFC = 0.125
ENSG00000180251          random              2  std logFC = 0.123
ENSG00000167968          random              3   std logFC = 0.12
ENSG00000120742          random              4  std logFC = 0.104
ENSG00000180263          random              5  std logFC = 0.101
ENSG00000119471          random              6    std logFC = 0.1
[1] 288
Running 1vALL Testing for up-regulated genes
2024-09-08 00:53:09.95429 - Find markers for: other
2024-09-08 00:53:13.838755 - Find markers for: random
2024-09-08 00:53:17.86756 - Building Table
** Done! **

                           gene       logFC log.p.value   log.FDR std.logFC
ENSG00000198283 ENSG00000198283 0.002680429  -11.713706 -2.084619 0.1201682
ENSG00000198771 ENSG00000198771 0.056327074  -10.812235 -2.084619 0.1144808
ENSG00000198680 ENSG00000198680 0.026762310  -10.701597 -2.084619 0.1137651
ENSG00000165025 ENSG00000165025 0.066360446   -9.850026 -2.062589 0.1081143
ENSG00000087253 ENSG00000087253 0.083403543   -9.812191 -2.062589 0.1078571
ENSG00000136250 ENSG00000136250 0.109169153   -9.775892 -2.062589 0.1076098
                cellType.target std.logFC.rank     std.logFC.anno
ENSG00000198283          random              1   std logFC = 0.12
ENSG00000198771          random              2  std logFC = 0.114
ENSG00000198680          random              3  std logFC = 0.114
ENSG00000165025          random              4  std logFC = 0.108
ENSG00000087253          random              5  std logFC = 0.108
ENSG00000136250          random              6  std logFC = 0.108
[1] 289
Running 1vALL Testing for up-regulated genes
2024-09-08 00:53:18.040646 - Find markers for: other
2024-09-08 00:53:22.005474 - Find markers for: random
2024-09-08 00:53:25.950603 - Building Table
** Done! **

                           gene       logFC log.p.value    log.FDR std.logFC
ENSG00000177191 ENSG00000177191 0.005991397  -12.087619 -2.3720290 0.1227441
ENSG00000275489 ENSG00000275489 0.006100687  -10.045387 -1.0229437 0.1096907
ENSG00000006788 ENSG00000006788 0.008149335   -9.364545 -0.8454179 0.1050172
ENSG00000185915 ENSG00000185915 0.013359228   -8.962287 -0.8454179 0.1021669
ENSG00000233670 ENSG00000233670 0.028045965   -8.747676 -0.8454179 0.1006171
ENSG00000138286 ENSG00000138286 0.082389481   -8.705585 -0.8454179 0.1003106
                cellType.target std.logFC.rank     std.logFC.anno
ENSG00000177191          random              1  std logFC = 0.123
ENSG00000275489          random              2   std logFC = 0.11
ENSG00000006788          random              3  std logFC = 0.105
ENSG00000185915          random              4  std logFC = 0.102
ENSG00000233670          random              5  std logFC = 0.101
ENSG00000138286          random              6    std logFC = 0.1
[1] 290
Running 1vALL Testing for up-regulated genes
2024-09-08 00:53:26.150201 - Find markers for: other
2024-09-08 00:53:30.269255 - Find markers for: random
2024-09-08 00:53:34.30483 - Building Table
** Done! **

                           gene       logFC log.p.value   log.FDR std.logFC
ENSG00000241635 ENSG00000241635 0.003359370  -10.273040 -1.279736 0.1115431
ENSG00000172689 ENSG00000172689 0.002832300   -9.949666 -1.279736 0.1093671
ENSG00000139610 ENSG00000139610 0.002855161   -9.896714 -1.279736 0.1090071
ENSG00000010626 ENSG00000010626 0.093741407   -9.605657 -1.276361 0.1070088
ENSG00000147138 ENSG00000147138 0.008175711   -9.223530 -1.215758 0.1043336
ENSG00000188739 ENSG00000188739 0.025312670   -9.066873 -1.215758 0.1032192
                cellType.target std.logFC.rank     std.logFC.anno
ENSG00000241635          random              1  std logFC = 0.112
ENSG00000172689          random              2  std logFC = 0.109
ENSG00000139610          random              3  std logFC = 0.109
ENSG00000010626          random              4  std logFC = 0.107
ENSG00000147138          random              5  std logFC = 0.104
ENSG00000188739          random              6  std logFC = 0.103
[1] 291
Running 1vALL Testing for up-regulated genes
2024-09-08 00:53:34.503278 - Find markers for: other
2024-09-08 00:53:38.427037 - Find markers for: random
2024-09-08 00:53:42.379148 - Building Table
** Done! **

                           gene       logFC log.p.value    log.FDR  std.logFC
ENSG00000188996 ENSG00000188996 0.004345416  -12.963602 -3.2480117 0.12796843
ENSG00000128965 ENSG00000128965 0.015567870  -10.913607 -1.8911633 0.11540134
ENSG00000204103 ENSG00000204103 0.023260900   -9.107489 -0.7405490 0.10320205
ENSG00000130222 ENSG00000130222 0.032918240   -9.069845 -0.7405490 0.10293412
ENSG00000213822 ENSG00000213822 0.001970886   -8.557380 -0.7055728 0.09922325
ENSG00000086991 ENSG00000086991 0.046683421   -8.553357 -0.7055728 0.09919363
                cellType.target std.logFC.rank     std.logFC.anno
ENSG00000188996          random              1  std logFC = 0.128
ENSG00000128965          random              2  std logFC = 0.115
ENSG00000204103          random              3  std logFC = 0.103
ENSG00000130222          random              4  std logFC = 0.103
ENSG00000213822          random              5  std logFC = 0.099
ENSG00000086991          random              6  std logFC = 0.099
[1] 292
Running 1vALL Testing for up-regulated genes
2024-09-08 00:53:42.571079 - Find markers for: other
2024-09-08 00:53:46.676574 - Find markers for: random
2024-09-08 00:53:50.61494 - Building Table
** Done! **

                           gene       logFC log.p.value    log.FDR std.logFC
ENSG00000121570 ENSG00000121570 0.005817072  -11.964364 -2.4520777 0.1221149
ENSG00000178473 ENSG00000178473 0.008657651  -11.276382 -2.4520777 0.1178343
ENSG00000116096 ENSG00000116096 0.013288874  -11.069056 -2.4520777 0.1165164
ENSG00000143320 ENSG00000143320 0.018970061   -9.672974 -1.3436774 0.1072646
ENSG00000185231 ENSG00000185231 0.001258843   -9.129997 -1.0238442 0.1034676
ENSG00000158006 ENSG00000158006 0.046890216   -8.731413 -0.8976261 0.1005998
                cellType.target std.logFC.rank     std.logFC.anno
ENSG00000121570          random              1  std logFC = 0.122
ENSG00000178473          random              2  std logFC = 0.118
ENSG00000116096          random              3  std logFC = 0.117
ENSG00000143320          random              4  std logFC = 0.107
ENSG00000185231          random              5  std logFC = 0.103
ENSG00000158006          random              6  std logFC = 0.101
[1] 293
Running 1vALL Testing for up-regulated genes
2024-09-08 00:53:50.797711 - Find markers for: other
2024-09-08 00:53:54.812546 - Find markers for: random
2024-09-08 00:53:58.739025 - Building Table
** Done! **

                           gene      logFC log.p.value   log.FDR std.logFC
ENSG00000128596 ENSG00000128596 0.10225644  -12.392472 -2.676882 0.1248353
ENSG00000133124 ENSG00000133124 0.01883082  -10.100032 -1.600567 0.1102786
ENSG00000174371 ENSG00000174371 0.01278939   -9.613477 -1.600567 0.1069610
ENSG00000136631 ENSG00000136631 0.11439062   -9.533332 -1.600567 0.1064056
ENSG00000162669 ENSG00000162669 0.09113815   -9.403725 -1.600567 0.1055021
ENSG00000049759 ENSG00000049759 0.15485843   -9.379734 -1.600567 0.1053341
                cellType.target std.logFC.rank     std.logFC.anno
ENSG00000128596          random              1  std logFC = 0.125
ENSG00000133124          random              2   std logFC = 0.11
ENSG00000174371          random              3  std logFC = 0.107
ENSG00000136631          random              4  std logFC = 0.106
ENSG00000162669          random              5  std logFC = 0.106
ENSG00000049759          random              6  std logFC = 0.105
[1] 294
Running 1vALL Testing for up-regulated genes
2024-09-08 00:53:58.910018 - Find markers for: random
2024-09-08 00:54:02.9029 - Find markers for: other
2024-09-08 00:54:06.806895 - Building Table
** Done! **

                           gene       logFC log.p.value   log.FDR std.logFC
ENSG00000163661 ENSG00000163661 0.010515438  -10.376581 -1.497851 0.1124283
ENSG00000127074 ENSG00000127074 0.003480073  -10.172412 -1.497851 0.1110642
ENSG00000274997 ENSG00000274997 0.003798953  -10.114829 -1.497851 0.1106767
ENSG00000175697 ENSG00000175697 0.043790618   -9.687862 -1.472010 0.1077649
ENSG00000181513 ENSG00000181513 0.045313497   -9.578163 -1.472010 0.1070053
ENSG00000036828 ENSG00000036828 0.025391579   -9.141012 -1.222204 0.1039295
                cellType.target std.logFC.rank     std.logFC.anno
ENSG00000163661          random              1  std logFC = 0.112
ENSG00000127074          random              2  std logFC = 0.111
ENSG00000274997          random              3  std logFC = 0.111
ENSG00000175697          random              4  std logFC = 0.108
ENSG00000181513          random              5  std logFC = 0.107
ENSG00000036828          random              6  std logFC = 0.104
[1] 295
Running 1vALL Testing for up-regulated genes
2024-09-08 00:54:06.975707 - Find markers for: other
2024-09-08 00:54:11.022683 - Find markers for: random
2024-09-08 00:54:14.900724 - Building Table
** Done! **

                           gene      logFC log.p.value    log.FDR std.logFC
ENSG00000170791 ENSG00000170791 0.04632441  -12.316465 -2.6008741 0.1240340
ENSG00000075303 ENSG00000075303 0.08343300  -11.365819 -2.4417553 0.1181894
ENSG00000108510 ENSG00000108510 0.12846237  -11.058734 -2.4417553 0.1162445
ENSG00000168439 ENSG00000168439 0.07259637   -9.417186 -1.0878897 0.1053046
ENSG00000126216 ENSG00000126216 0.09814858   -8.864844 -0.9864687 0.1013882
ENSG00000072062 ENSG00000072062 0.07588877   -8.856082 -0.9864687 0.1013250
                cellType.target std.logFC.rank     std.logFC.anno
ENSG00000170791          random              1  std logFC = 0.124
ENSG00000075303          random              2  std logFC = 0.118
ENSG00000108510          random              3  std logFC = 0.116
ENSG00000168439          random              4  std logFC = 0.105
ENSG00000126216          random              5  std logFC = 0.101
ENSG00000072062          random              6  std logFC = 0.101
[1] 296
Running 1vALL Testing for up-regulated genes
2024-09-08 00:54:15.095175 - Find markers for: other
2024-09-08 00:54:19.160339 - Find markers for: random
2024-09-08 00:54:23.073578 - Building Table
** Done! **

                           gene       logFC log.p.value   log.FDR  std.logFC
ENSG00000116560 ENSG00000116560 0.145678832  -13.554893 -3.839302 0.13183257
ENSG00000147138 ENSG00000147138 0.009036715  -10.843836 -1.821393 0.11534043
ENSG00000167861 ENSG00000167861 0.075593116   -9.773198 -1.336650 0.10820683
ENSG00000058804 ENSG00000058804 0.065235867   -9.665946 -1.336650 0.10746889
ENSG00000121940 ENSG00000121940 0.059607400   -8.861655 -1.064142 0.10178403
ENSG00000169442 ENSG00000169442 0.004420207   -8.591787 -1.064142 0.09981257
                cellType.target std.logFC.rank     std.logFC.anno
ENSG00000116560          random              1  std logFC = 0.132
ENSG00000147138          random              2  std logFC = 0.115
ENSG00000167861          random              3  std logFC = 0.108
ENSG00000058804          random              4  std logFC = 0.107
ENSG00000121940          random              5  std logFC = 0.102
ENSG00000169442          random              6    std logFC = 0.1
[1] 297
Running 1vALL Testing for up-regulated genes
2024-09-08 00:54:23.278838 - Find markers for: random
2024-09-08 00:54:27.318135 - Find markers for: other
2024-09-08 00:54:31.224674 - Building Table
** Done! **

                           gene      logFC log.p.value    log.FDR std.logFC
ENSG00000119547 ENSG00000119547 0.11055360  -11.195301 -1.4797101 0.1169074
ENSG00000102225 ENSG00000102225 0.04877900   -9.734657 -0.8818703 0.1073093
ENSG00000172346 ENSG00000172346 0.04776735   -9.328962 -0.8818703 0.1045039
ENSG00000226792 ENSG00000226792 0.01436656   -9.074824 -0.8818703 0.1027120
ENSG00000182118 ENSG00000182118 0.03694342   -8.988023 -0.8818703 0.1020935
ENSG00000167600 ENSG00000167600 0.01463857   -8.731562 -0.8644150 0.1002467
                cellType.target std.logFC.rank     std.logFC.anno
ENSG00000119547          random              1  std logFC = 0.117
ENSG00000102225          random              2  std logFC = 0.107
ENSG00000172346          random              3  std logFC = 0.105
ENSG00000226792          random              4  std logFC = 0.103
ENSG00000182118          random              5  std logFC = 0.102
ENSG00000167600          random              6    std logFC = 0.1
[1] 298
Running 1vALL Testing for up-regulated genes
2024-09-08 00:54:31.423039 - Find markers for: random
2024-09-08 00:54:35.419831 - Find markers for: other
2024-09-08 00:54:39.311826 - Building Table
** Done! **

                           gene       logFC log.p.value    log.FDR  std.logFC
ENSG00000124568 ENSG00000124568 0.003114949  -10.204111 -1.1574630 0.11012369
ENSG00000137857 ENSG00000137857 0.043059429  -10.179906 -1.1574630 0.10996293
ENSG00000112697 ENSG00000112697 0.091596322   -9.535361 -0.9183833 0.10560174
ENSG00000156219 ENSG00000156219 0.044734796   -8.671089 -0.6430369 0.09948863
ENSG00000187566 ENSG00000187566 0.013547498   -8.166872 -0.6430369 0.09576416
ENSG00000215644 ENSG00000215644 0.002010315   -8.110280 -0.6430369 0.09533818
                cellType.target std.logFC.rank     std.logFC.anno
ENSG00000124568          random              1   std logFC = 0.11
ENSG00000137857          random              2   std logFC = 0.11
ENSG00000112697          random              3  std logFC = 0.106
ENSG00000156219          random              4  std logFC = 0.099
ENSG00000187566          random              5  std logFC = 0.096
ENSG00000215644          random              6  std logFC = 0.095
[1] 299
Running 1vALL Testing for up-regulated genes
2024-09-08 00:54:39.48473 - Find markers for: random
2024-09-08 00:54:43.593733 - Find markers for: other
2024-09-08 00:54:47.539596 - Building Table
** Done! **

                           gene       logFC log.p.value    log.FDR  std.logFC
ENSG00000146809 ENSG00000146809 0.013018061  -14.697331 -4.9817400 0.13792419
ENSG00000135845 ENSG00000135845 0.075940888  -11.660913 -2.6384698 0.12025221
ENSG00000163516 ENSG00000163516 0.065475675   -9.257334 -0.9697808 0.10437628
ENSG00000164142 ENSG00000164142 0.091236253   -9.086383 -0.9697808 0.10316435
ENSG00000122176 ENSG00000122176 0.004357085   -9.075933 -0.9697808 0.10308986
ENSG00000162585 ENSG00000162585 0.049172273   -8.458937 -0.7132231 0.09860379
                cellType.target std.logFC.rank     std.logFC.anno
ENSG00000146809          random              1  std logFC = 0.138
ENSG00000135845          random              2   std logFC = 0.12
ENSG00000163516          random              3  std logFC = 0.104
ENSG00000164142          random              4  std logFC = 0.103
ENSG00000122176          random              5  std logFC = 0.103
ENSG00000162585          random              6  std logFC = 0.099
[1] 300
Running 1vALL Testing for up-regulated genes
2024-09-08 00:54:47.711297 - Find markers for: other
2024-09-08 00:54:51.759474 - Find markers for: random
2024-09-08 00:54:55.742005 - Building Table
** Done! **

                           gene       logFC log.p.value   log.FDR std.logFC
ENSG00000168952 ENSG00000168952 0.170261538  -11.631638 -2.325467 0.1204323
ENSG00000160606 ENSG00000160606 0.012778166  -11.347910 -2.325467 0.1186507
ENSG00000137976 ENSG00000137976 0.010189203  -10.754857 -2.137879 0.1148461
ENSG00000179564 ENSG00000179564 0.026133262   -9.076765 -1.094458 0.1034066
ENSG00000105370 ENSG00000105370 0.002127954   -8.977768 -1.094458 0.1026964
ENSG00000121621 ENSG00000121621 0.017714853   -8.937899 -1.094458 0.1024092
                cellType.target std.logFC.rank     std.logFC.anno
ENSG00000168952          random              1   std logFC = 0.12
ENSG00000160606          random              2  std logFC = 0.119
ENSG00000137976          random              3  std logFC = 0.115
ENSG00000179564          random              4  std logFC = 0.103
ENSG00000105370          random              5  std logFC = 0.103
ENSG00000121621          random              6  std logFC = 0.102
[1] 301
Running 1vALL Testing for up-regulated genes
2024-09-08 00:54:55.948486 - Find markers for: other
2024-09-08 00:54:59.915384 - Find markers for: random
2024-09-08 00:55:04.133049 - Building Table
** Done! **

                           gene       logFC log.p.value    log.FDR std.logFC
ENSG00000117090 ENSG00000117090 0.006111001   -9.949835 -0.8625317 0.1093726
ENSG00000163702 ENSG00000163702 0.031408995   -9.571113 -0.8625317 0.1067737
ENSG00000205279 ENSG00000205279 0.013258205   -8.634713 -0.8625317 0.1000920
ENSG00000131373 ENSG00000131373 0.090195834   -8.631564 -0.8625317 0.1000689
ENSG00000204889 ENSG00000204889 0.002174131   -8.438321 -0.8625317 0.0986401
ENSG00000165905 ENSG00000165905 0.004054025   -8.370229 -0.8625317 0.0981323
                cellType.target std.logFC.rank     std.logFC.anno
ENSG00000117090          random              1  std logFC = 0.109
ENSG00000163702          random              2  std logFC = 0.107
ENSG00000205279          random              3    std logFC = 0.1
ENSG00000131373          random              4    std logFC = 0.1
ENSG00000204889          random              5  std logFC = 0.099
ENSG00000165905          random              6  std logFC = 0.098
[1] 302
Running 1vALL Testing for up-regulated genes
2024-09-08 00:55:04.333434 - Find markers for: other
2024-09-08 00:55:08.256242 - Find markers for: random
2024-09-08 00:55:12.267335 - Building Table
** Done! **

                           gene       logFC log.p.value   log.FDR std.logFC
ENSG00000101290 ENSG00000101290 0.118341834  -11.266466 -1.550875 0.1176053
ENSG00000130544 ENSG00000130544 0.051480977   -9.669715 -1.375948 0.1070907
ENSG00000100395 ENSG00000100395 0.059840063   -9.545114 -1.375948 0.1062311
ENSG00000182853 ENSG00000182853 0.013380678   -9.441696 -1.375948 0.1055129
ENSG00000019169 ENSG00000019169 0.004686297   -8.983446 -1.375948 0.1022768
ENSG00000121892 ENSG00000121892 0.115701140   -8.958887 -1.375948 0.1021008
                cellType.target std.logFC.rank     std.logFC.anno
ENSG00000101290          random              1  std logFC = 0.118
ENSG00000130544          random              2  std logFC = 0.107
ENSG00000100395          random              3  std logFC = 0.106
ENSG00000182853          random              4  std logFC = 0.106
ENSG00000019169          random              5  std logFC = 0.102
ENSG00000121892          random              6  std logFC = 0.102
[1] 303
Running 1vALL Testing for up-regulated genes
2024-09-08 00:55:12.452283 - Find markers for: other
2024-09-08 00:55:16.469362 - Find markers for: random
2024-09-08 00:55:20.432557 - Building Table
** Done! **

                           gene       logFC log.p.value   log.FDR std.logFC
ENSG00000164576 ENSG00000164576 0.053853935  -12.495496 -2.779906 0.1248886
ENSG00000104892 ENSG00000104892 0.011043461  -10.639707 -1.617263 0.1133442
ENSG00000144401 ENSG00000144401 0.060218800   -9.341915 -1.290037 0.1045957
ENSG00000215788 ENSG00000215788 0.053652077   -9.328899 -1.290037 0.1045047
ENSG00000144935 ENSG00000144935 0.128528590   -9.238783 -1.290037 0.1038724
ENSG00000175793 ENSG00000175793 0.004083439   -8.915797 -1.290037 0.1015776
                cellType.target std.logFC.rank     std.logFC.anno
ENSG00000164576          random              1  std logFC = 0.125
ENSG00000104892          random              2  std logFC = 0.113
ENSG00000144401          random              3  std logFC = 0.105
ENSG00000215788          random              4  std logFC = 0.105
ENSG00000144935          random              5  std logFC = 0.104
ENSG00000175793          random              6  std logFC = 0.102
[1] 304
Running 1vALL Testing for up-regulated genes
2024-09-08 00:55:20.610553 - Find markers for: random
2024-09-08 00:55:24.454002 - Find markers for: other
2024-09-08 00:55:28.493219 - Building Table
** Done! **

                           gene       logFC log.p.value    log.FDR  std.logFC
ENSG00000126759 ENSG00000126759 0.020235481   -9.417176 -0.2744577 0.10497214
ENSG00000135480 ENSG00000135480 0.001921848   -9.296901 -0.2744577 0.10413310
ENSG00000227877 ENSG00000227877 0.017356538   -8.744634 -0.1446325 0.10020077
ENSG00000108848 ENSG00000108848 0.105614658   -8.473929 -0.1446325 0.09822264
ENSG00000270882 ENSG00000270882 0.004333618   -7.763351 -0.1053171 0.09285559
ENSG00000261652 ENSG00000261652 0.031372749   -7.626578 -0.1053171 0.09179126
                cellType.target std.logFC.rank     std.logFC.anno
ENSG00000126759          random              1  std logFC = 0.105
ENSG00000135480          random              2  std logFC = 0.104
ENSG00000227877          random              3    std logFC = 0.1
ENSG00000108848          random              4  std logFC = 0.098
ENSG00000270882          random              5  std logFC = 0.093
ENSG00000261652          random              6  std logFC = 0.092
[1] 305
Running 1vALL Testing for up-regulated genes
2024-09-08 00:55:28.676054 - Find markers for: other
2024-09-08 00:55:32.636432 - Find markers for: random
2024-09-08 00:55:36.525998 - Building Table
** Done! **

                           gene       logFC log.p.value   log.FDR std.logFC
ENSG00000167114 ENSG00000167114 0.091102962  -11.581183 -1.865593 0.1195763
ENSG00000275722 ENSG00000275722 0.001311227  -10.030893 -1.327817 0.1095460
ENSG00000167080 ENSG00000167080 0.012172435   -9.818166 -1.327817 0.1081046
ENSG00000171133 ENSG00000171133 0.001933819   -9.597195 -1.327817 0.1065889
ENSG00000275714 ENSG00000275714 0.001824848   -9.258874 -1.327817 0.1042304
ENSG00000164304 ENSG00000164304 0.013292023   -9.132066 -1.327817 0.1033340
                cellType.target std.logFC.rank     std.logFC.anno
ENSG00000167114          random              1   std logFC = 0.12
ENSG00000275722          random              2   std logFC = 0.11
ENSG00000167080          random              3  std logFC = 0.108
ENSG00000171133          random              4  std logFC = 0.107
ENSG00000275714          random              5  std logFC = 0.104
ENSG00000164304          random              6  std logFC = 0.103
[1] 306
Running 1vALL Testing for up-regulated genes
2024-09-08 00:55:36.701199 - Find markers for: other
2024-09-08 00:55:40.818703 - Find markers for: random
2024-09-08 00:55:44.714406 - Building Table
** Done! **

                           gene       logFC log.p.value    log.FDR  std.logFC
ENSG00000185686 ENSG00000185686 0.004722730  -11.976097 -2.2605068 0.12190364
ENSG00000270276 ENSG00000270276 0.003319554  -10.525533 -1.5030897 0.11273374
ENSG00000178804 ENSG00000178804 0.002248744   -9.691809 -1.0748306 0.10714533
ENSG00000157119 ENSG00000157119 0.003007647   -8.698630 -0.4208192 0.10012811
ENSG00000197558 ENSG00000197558 0.036734692   -8.320856 -0.4208192 0.09734224
ENSG00000080511 ENSG00000080511 0.004588379   -8.054895 -0.4208192 0.09533823
                cellType.target std.logFC.rank     std.logFC.anno
ENSG00000185686          random              1  std logFC = 0.122
ENSG00000270276          random              2  std logFC = 0.113
ENSG00000178804          random              3  std logFC = 0.107
ENSG00000157119          random              4    std logFC = 0.1
ENSG00000197558          random              5  std logFC = 0.097
ENSG00000080511          random              6  std logFC = 0.095
[1] 307
Running 1vALL Testing for up-regulated genes
2024-09-08 00:55:44.908698 - Find markers for: other
2024-09-08 00:55:48.806533 - Find markers for: random
2024-09-08 00:55:52.819427 - Building Table
** Done! **

                           gene      logFC log.p.value    log.FDR  std.logFC
ENSG00000114115 ENSG00000114115 0.05212618  -10.647220 -0.9316298 0.11412106
ENSG00000087266 ENSG00000087266 0.04801971   -9.915545 -0.8931019 0.10923731
ENSG00000128346 ENSG00000128346 0.02600679   -9.226406 -0.6094275 0.10445163
ENSG00000188396 ENSG00000188396 0.01407877   -8.542974 -0.3455742 0.09950509
ENSG00000144395 ENSG00000144395 0.04111830   -8.357626 -0.3455742 0.09812581
ENSG00000118503 ENSG00000118503 0.01949506   -8.176806 -0.3455742 0.09676363
                cellType.target std.logFC.rank     std.logFC.anno
ENSG00000114115          random              1  std logFC = 0.114
ENSG00000087266          random              2  std logFC = 0.109
ENSG00000128346          random              3  std logFC = 0.104
ENSG00000188396          random              4    std logFC = 0.1
ENSG00000144395          random              5  std logFC = 0.098
ENSG00000118503          random              6  std logFC = 0.097
[1] 308
Running 1vALL Testing for up-regulated genes
2024-09-08 00:55:53.023304 - Find markers for: other
2024-09-08 00:55:57.08655 - Find markers for: random
2024-09-08 00:56:01.036941 - Building Table
** Done! **

                           gene       logFC log.p.value   log.FDR std.logFC
ENSG00000165272 ENSG00000165272 0.005673713  -11.249680 -1.581241 0.1174892
ENSG00000181885 ENSG00000181885 0.009048551   -9.895429 -1.581241 0.1086232
ENSG00000167941 ENSG00000167941 0.003635136   -9.750287 -1.581241 0.1076342
ENSG00000130305 ENSG00000130305 0.051672048   -9.731906 -1.581241 0.1075084
ENSG00000104879 ENSG00000104879 0.008186437   -9.687393 -1.581241 0.1072032
ENSG00000088836 ENSG00000088836 0.012272554   -9.381661 -1.488454 0.1050852
                cellType.target std.logFC.rank     std.logFC.anno
ENSG00000165272          random              1  std logFC = 0.117
ENSG00000181885          random              2  std logFC = 0.109
ENSG00000167941          random              3  std logFC = 0.108
ENSG00000130305          random              4  std logFC = 0.108
ENSG00000104879          random              5  std logFC = 0.107
ENSG00000088836          random              6  std logFC = 0.105
[1] 309
Running 1vALL Testing for up-regulated genes
2024-09-08 00:56:01.239797 - Find markers for: random
2024-09-08 00:56:05.301054 - Find markers for: other
2024-09-08 00:56:09.344831 - Building Table
** Done! **

                           gene       logFC log.p.value   log.FDR std.logFC
ENSG00000174529 ENSG00000174529 0.019535217  -16.173450 -6.457859 0.1452614
ENSG00000205442 ENSG00000205442 0.005769888  -12.408863 -3.386420 0.1243581
ENSG00000107779 ENSG00000107779 0.141486511  -11.101275 -2.484297 0.1163001
ENSG00000123552 ENSG00000123552 0.094511392  -10.256524 -1.927228 0.1108138
ENSG00000157869 ENSG00000157869 0.128744828  -10.004891 -1.898739 0.1091317
ENSG00000183763 ENSG00000183763 0.036454715   -9.509527 -1.585696 0.1057506
                cellType.target std.logFC.rank     std.logFC.anno
ENSG00000174529          random              1  std logFC = 0.145
ENSG00000205442          random              2  std logFC = 0.124
ENSG00000107779          random              3  std logFC = 0.116
ENSG00000123552          random              4  std logFC = 0.111
ENSG00000157869          random              5  std logFC = 0.109
ENSG00000183763          random              6  std logFC = 0.106
[1] 310
Running 1vALL Testing for up-regulated genes
2024-09-08 00:56:09.527482 - Find markers for: other
2024-09-08 00:56:13.404471 - Find markers for: random
2024-09-08 00:56:17.235807 - Building Table
** Done! **

                           gene       logFC log.p.value    log.FDR std.logFC
ENSG00000177947 ENSG00000177947 0.001401894   -9.835393 -0.8832889 0.1084300
ENSG00000071073 ENSG00000071073 0.116672764   -9.474802 -0.8832889 0.1059443
ENSG00000129646 ENSG00000129646 0.057236852   -9.230313 -0.8832889 0.1042290
ENSG00000219073 ENSG00000219073 0.003276299   -8.909798 -0.8832889 0.1019416
ENSG00000188338 ENSG00000188338 0.032380298   -8.806271 -0.8832889 0.1011930
ENSG00000242419 ENSG00000242419 0.008358345   -8.742346 -0.8832889 0.1007283
                cellType.target std.logFC.rank     std.logFC.anno
ENSG00000177947          random              1  std logFC = 0.108
ENSG00000071073          random              2  std logFC = 0.106
ENSG00000129646          random              3  std logFC = 0.104
ENSG00000219073          random              4  std logFC = 0.102
ENSG00000188338          random              5  std logFC = 0.101
ENSG00000242419          random              6  std logFC = 0.101
[1] 311
Running 1vALL Testing for up-regulated genes
2024-09-08 00:56:17.407069 - Find markers for: random
2024-09-08 00:56:21.560325 - Find markers for: other
2024-09-08 00:56:25.458046 - Building Table
** Done! **

                           gene       logFC log.p.value    log.FDR  std.logFC
ENSG00000159339 ENSG00000159339 0.009482431   -9.320986 -0.5731151 0.10492611
ENSG00000148704 ENSG00000148704 0.036902415   -9.218516 -0.5731151 0.10420324
ENSG00000173699 ENSG00000173699 0.015798583   -8.908055 -0.5731151 0.10198544
ENSG00000064666 ENSG00000064666 0.017712238   -8.902411 -0.5731151 0.10194473
ENSG00000136718 ENSG00000136718 0.034815382   -8.422681 -0.3165281 0.09843004
ENSG00000102575 ENSG00000102575 0.004908213   -8.203217 -0.3080565 0.09678487
                cellType.target std.logFC.rank     std.logFC.anno
ENSG00000159339          random              1  std logFC = 0.105
ENSG00000148704          random              2  std logFC = 0.104
ENSG00000173699          random              3  std logFC = 0.102
ENSG00000064666          random              4  std logFC = 0.102
ENSG00000136718          random              5  std logFC = 0.098
ENSG00000102575          random              6  std logFC = 0.097
[1] 312
Running 1vALL Testing for up-regulated genes
2024-09-08 00:56:25.674954 - Find markers for: other
2024-09-08 00:56:29.551526 - Find markers for: random
2024-09-08 00:56:33.567894 - Building Table
** Done! **

                           gene       logFC log.p.value   log.FDR std.logFC
ENSG00000112041 ENSG00000112041 0.003771467  -10.370937 -1.375225 0.1121324
ENSG00000130487 ENSG00000130487 0.001562214   -9.267523 -1.375225 0.1045869
ENSG00000067225 ENSG00000067225 0.105730261   -9.156531 -1.375225 0.1038009
ENSG00000139985 ENSG00000139985 0.007839867   -8.920458 -1.375225 0.1021113
ENSG00000130287 ENSG00000130287 0.085670317   -8.841595 -1.375225 0.1015414
ENSG00000151474 ENSG00000151474 0.216930373   -8.753150 -1.375225 0.1008988
                cellType.target std.logFC.rank     std.logFC.anno
ENSG00000112041          random              1  std logFC = 0.112
ENSG00000130487          random              2  std logFC = 0.105
ENSG00000067225          random              3  std logFC = 0.104
ENSG00000139985          random              4  std logFC = 0.102
ENSG00000130287          random              5  std logFC = 0.102
ENSG00000151474          random              6  std logFC = 0.101
[1] 313
Running 1vALL Testing for up-regulated genes
2024-09-08 00:56:33.765239 - Find markers for: random
2024-09-08 00:56:37.91146 - Find markers for: other
2024-09-08 00:56:42.133393 - Building Table
** Done! **

                           gene       logFC log.p.value   log.FDR std.logFC
ENSG00000137054 ENSG00000137054 0.034148785  -11.974645 -2.259055 0.1228454
ENSG00000108591 ENSG00000108591 0.053750521  -10.090039 -1.535618 0.1107031
ENSG00000196329 ENSG00000196329 0.018563056  -10.056641 -1.535618 0.1104771
ENSG00000087077 ENSG00000087077 0.034409872   -9.672348 -1.535618 0.1078463
ENSG00000188816 ENSG00000188816 0.007339401   -9.438243 -1.535618 0.1062152
ENSG00000136738 ENSG00000136738 0.090809895   -9.406226 -1.535618 0.1059904
                cellType.target std.logFC.rank     std.logFC.anno
ENSG00000137054          random              1  std logFC = 0.123
ENSG00000108591          random              2  std logFC = 0.111
ENSG00000196329          random              3   std logFC = 0.11
ENSG00000087077          random              4  std logFC = 0.108
ENSG00000188816          random              5  std logFC = 0.106
ENSG00000136738          random              6  std logFC = 0.106
[1] 314
Running 1vALL Testing for up-regulated genes
2024-09-08 00:56:42.349677 - Find markers for: other
2024-09-08 00:56:46.448572 - Find markers for: random
2024-09-08 00:56:50.333753 - Building Table
** Done! **

                           gene       logFC log.p.value   log.FDR std.logFC
ENSG00000196388 ENSG00000196388 0.015160432  -11.227373 -1.717947 0.1172587
ENSG00000177354 ENSG00000177354 0.001401295  -10.740391 -1.717947 0.1141408
ENSG00000145192 ENSG00000145192 0.006494855   -9.623034 -1.206620 0.1066790
ENSG00000105352 ENSG00000105352 0.006424104   -9.274801 -1.206620 0.1042563
ENSG00000130487 ENSG00000130487 0.001547450   -9.181340 -1.206620 0.1035975
ENSG00000108262 ENSG00000108262 0.085221919   -9.077221 -1.206620 0.1028592
                cellType.target std.logFC.rank     std.logFC.anno
ENSG00000196388          random              1  std logFC = 0.117
ENSG00000177354          random              2  std logFC = 0.114
ENSG00000145192          random              3  std logFC = 0.107
ENSG00000105352          random              4  std logFC = 0.104
ENSG00000130487          random              5  std logFC = 0.104
ENSG00000108262          random              6  std logFC = 0.103
[1] 315
Running 1vALL Testing for up-regulated genes
2024-09-08 00:56:50.516891 - Find markers for: other
2024-09-08 00:56:54.426195 - Find markers for: random
2024-09-08 00:56:58.28274 - Building Table
** Done! **

                           gene       logFC log.p.value    log.FDR  std.logFC
ENSG00000104921 ENSG00000104921 0.004192739  -10.824574 -1.1089835 0.11528618
ENSG00000152147 ENSG00000152147 0.026449506   -9.098173 -0.3379956 0.10354791
ENSG00000198060 ENSG00000198060 0.076228855   -8.954974 -0.3379956 0.10252071
ENSG00000175077 ENSG00000175077 0.009644940   -8.278928 -0.2318054 0.09754296
ENSG00000131724 ENSG00000131724 0.047580272   -8.068504 -0.2318054 0.09594750
ENSG00000125900 ENSG00000125900 0.011779076   -7.659314 -0.2318054 0.09277672
                cellType.target std.logFC.rank     std.logFC.anno
ENSG00000104921          random              1  std logFC = 0.115
ENSG00000152147          random              2  std logFC = 0.104
ENSG00000198060          random              3  std logFC = 0.103
ENSG00000175077          random              4  std logFC = 0.098
ENSG00000131724          random              5  std logFC = 0.096
ENSG00000125900          random              6  std logFC = 0.093
[1] 316
Running 1vALL Testing for up-regulated genes
2024-09-08 00:56:58.465438 - Find markers for: other
2024-09-08 00:57:02.380507 - Find markers for: random
2024-09-08 00:57:06.39655 - Building Table
** Done! **

                           gene       logFC log.p.value   log.FDR std.logFC
ENSG00000160796 ENSG00000160796 0.031827913  -12.040802 -3.128026 0.1226826
ENSG00000116353 ENSG00000116353 0.086820953  -11.905013 -3.128026 0.1218508
ENSG00000213246 ENSG00000213246 0.035920652  -11.745004 -3.128026 0.1208640
ENSG00000184863 ENSG00000184863 0.118534683   -9.947564 -1.618268 0.1092293
ENSG00000118017 ENSG00000118017 0.003386865   -9.508979 -1.412321 0.1062175
ENSG00000140937 ENSG00000140937 0.157008943   -9.336152 -1.412321 0.1050096
                cellType.target std.logFC.rank     std.logFC.anno
ENSG00000160796          random              1  std logFC = 0.123
ENSG00000116353          random              2  std logFC = 0.122
ENSG00000213246          random              3  std logFC = 0.121
ENSG00000184863          random              4  std logFC = 0.109
ENSG00000118017          random              5  std logFC = 0.106
ENSG00000140937          random              6  std logFC = 0.105
[1] 317
Running 1vALL Testing for up-regulated genes
2024-09-08 00:57:06.615904 - Find markers for: other
2024-09-08 00:57:10.657396 - Find markers for: random
2024-09-08 00:57:14.590337 - Building Table
** Done! **

                           gene       logFC log.p.value    log.FDR std.logFC
ENSG00000128641 ENSG00000128641 0.076673303  -10.954201 -1.2386102 0.1159685
ENSG00000237988 ENSG00000237988 0.005460389   -9.614158 -0.9617147 0.1070327
ENSG00000196337 ENSG00000196337 0.001246101   -9.362963 -0.9617147 0.1052824
ENSG00000166902 ENSG00000166902 0.040959033   -9.198075 -0.9617147 0.1041193
ENSG00000175183 ENSG00000175183 0.043221904   -9.067867 -0.9617147 0.1031926
ENSG00000145321 ENSG00000145321 0.008711991   -8.697669 -0.7738382 0.1005166
                cellType.target std.logFC.rank     std.logFC.anno
ENSG00000128641          random              1  std logFC = 0.116
ENSG00000237988          random              2  std logFC = 0.107
ENSG00000196337          random              3  std logFC = 0.105
ENSG00000166902          random              4  std logFC = 0.104
ENSG00000175183          random              5  std logFC = 0.103
ENSG00000145321          random              6  std logFC = 0.101
[1] 318
Running 1vALL Testing for up-regulated genes
2024-09-08 00:57:14.779078 - Find markers for: other
2024-09-08 00:57:18.874943 - Find markers for: random
2024-09-08 00:57:22.975186 - Building Table
** Done! **

                           gene       logFC log.p.value    log.FDR  std.logFC
ENSG00000183463 ENSG00000183463 0.004156270   -9.857735 -0.7276894 0.10823536
ENSG00000078237 ENSG00000078237 0.073726240   -9.750133 -0.7276894 0.10750227
ENSG00000101162 ENSG00000101162 0.004752585   -9.213085 -0.5961069 0.10377454
ENSG00000149600 ENSG00000149600 0.061222900   -8.067407 -0.2804541 0.09539567
ENSG00000233436 ENSG00000233436 0.008806926   -8.007813 -0.2804541 0.09494214
ENSG00000185053 ENSG00000185053 0.228812783   -7.802118 -0.2804541 0.09336201
                cellType.target std.logFC.rank     std.logFC.anno
ENSG00000183463          random              1  std logFC = 0.108
ENSG00000078237          random              2  std logFC = 0.108
ENSG00000101162          random              3  std logFC = 0.104
ENSG00000149600          random              4  std logFC = 0.095
ENSG00000233436          random              5  std logFC = 0.095
ENSG00000185053          random              6  std logFC = 0.093
[1] 319
Running 1vALL Testing for up-regulated genes
2024-09-08 00:57:23.15239 - Find markers for: other
2024-09-08 00:57:27.202816 - Find markers for: random
2024-09-08 00:57:31.222245 - Building Table
** Done! **

                           gene       logFC log.p.value    log.FDR  std.logFC
ENSG00000214782 ENSG00000214782 0.003152921  -10.072480 -0.3568890 0.10978204
ENSG00000169740 ENSG00000169740 0.059510664   -8.715871 -0.1122077 0.10030245
ENSG00000167916 ENSG00000167916 0.001638420   -8.581874 -0.1122077 0.09932279
ENSG00000058335 ENSG00000058335 0.121430830   -8.345311 -0.1122077 0.09757219
ENSG00000179921 ENSG00000179921 0.003396809   -7.963061 -0.1122077 0.09468375
ENSG00000104518 ENSG00000104518 0.020049544   -7.930890 -0.1122077 0.09443715
                cellType.target std.logFC.rank     std.logFC.anno
ENSG00000214782          random              1   std logFC = 0.11
ENSG00000169740          random              2    std logFC = 0.1
ENSG00000167916          random              3  std logFC = 0.099
ENSG00000058335          random              4  std logFC = 0.098
ENSG00000179921          random              5  std logFC = 0.095
ENSG00000104518          random              6  std logFC = 0.094
[1] 320
Running 1vALL Testing for up-regulated genes
2024-09-08 00:57:31.426298 - Find markers for: random
2024-09-08 00:57:35.638092 - Find markers for: other
2024-09-08 00:57:39.531363 - Building Table
** Done! **

                           gene       logFC log.p.value    log.FDR  std.logFC
ENSG00000088882 ENSG00000088882 0.008300572  -14.783547 -5.0679565 0.13802934
ENSG00000167703 ENSG00000167703 0.097694064  -11.105596 -2.0831527 0.11644873
ENSG00000143867 ENSG00000143867 0.005641751  -10.101651 -1.4846724 0.10989564
ENSG00000142515 ENSG00000142515 0.004139222   -9.473681 -1.1443844 0.10561215
ENSG00000131864 ENSG00000131864 0.004874297   -8.305038 -0.3413363 0.09719870
ENSG00000172531 ENSG00000172531 0.049506681   -8.230525 -0.3413363 0.09664046
                cellType.target std.logFC.rank     std.logFC.anno
ENSG00000088882          random              1  std logFC = 0.138
ENSG00000167703          random              2  std logFC = 0.116
ENSG00000143867          random              3   std logFC = 0.11
ENSG00000142515          random              4  std logFC = 0.106
ENSG00000131864          random              5  std logFC = 0.097
ENSG00000172531          random              6  std logFC = 0.097
[1] 321
Running 1vALL Testing for up-regulated genes
2024-09-08 00:57:39.715019 - Find markers for: other
2024-09-08 00:57:43.583674 - Find markers for: random
2024-09-08 00:57:47.69015 - Building Table
** Done! **

                           gene       logFC log.p.value      log.FDR  std.logFC
ENSG00000138271 ENSG00000138271 0.008928291   -8.802786 -0.001308532 0.10121494
ENSG00000117407 ENSG00000117407 0.009579566   -7.863672 -0.001308532 0.09418202
ENSG00000168267 ENSG00000168267 0.004039523   -7.808484 -0.001308532 0.09375443
ENSG00000183801 ENSG00000183801 0.008857741   -7.562352 -0.001308532 0.09182641
ENSG00000067048 ENSG00000067048 0.067397780   -7.518470 -0.001308532 0.09147897
ENSG00000100739 ENSG00000100739 0.003940516   -7.072581 -0.001308532 0.08788179
                cellType.target std.logFC.rank     std.logFC.anno
ENSG00000138271          random              1  std logFC = 0.101
ENSG00000117407          random              2  std logFC = 0.094
ENSG00000168267          random              3  std logFC = 0.094
ENSG00000183801          random              4  std logFC = 0.092
ENSG00000067048          random              5  std logFC = 0.091
ENSG00000100739          random              6  std logFC = 0.088
[1] 322
Running 1vALL Testing for up-regulated genes
2024-09-08 00:57:47.880786 - Find markers for: other
2024-09-08 00:57:51.799809 - Find markers for: random
2024-09-08 00:57:55.721215 - Building Table
** Done! **

                           gene       logFC log.p.value    log.FDR  std.logFC
ENSG00000089692 ENSG00000089692 0.005045348   -9.714269 -0.8814339 0.10719540
ENSG00000203942 ENSG00000203942 0.003551037   -9.383833 -0.8814339 0.10491227
ENSG00000189067 ENSG00000189067 0.086274555   -8.946706 -0.8814339 0.10182228
ENSG00000178772 ENSG00000178772 0.004721491   -8.796301 -0.8814339 0.10073971
ENSG00000105202 ENSG00000105202 0.037524181   -8.708412 -0.8814339 0.10010233
ENSG00000204308 ENSG00000204308 0.032366846   -8.471096 -0.8814339 0.09836314
                cellType.target std.logFC.rank     std.logFC.anno
ENSG00000089692          random              1  std logFC = 0.107
ENSG00000203942          random              2  std logFC = 0.105
ENSG00000189067          random              3  std logFC = 0.102
ENSG00000178772          random              4  std logFC = 0.101
ENSG00000105202          random              5    std logFC = 0.1
ENSG00000204308          random              6  std logFC = 0.098
[1] 323
Running 1vALL Testing for up-regulated genes
2024-09-08 00:57:55.9055 - Find markers for: other
2024-09-08 00:57:59.916814 - Find markers for: random
2024-09-08 00:58:03.909516 - Building Table
** Done! **

                           gene       logFC log.p.value    log.FDR  std.logFC
ENSG00000160678 ENSG00000160678 0.030461221   -8.684445 -0.4126831 0.10005894
ENSG00000183389 ENSG00000183389 0.003526019   -8.615566 -0.4126831 0.09955548
ENSG00000130595 ENSG00000130595 0.002124281   -8.556646 -0.4126831 0.09912303
ENSG00000166963 ENSG00000166963 0.094537200   -8.138634 -0.4126831 0.09600597
ENSG00000276045 ENSG00000276045 0.016310743   -7.839950 -0.4126831 0.09372338
ENSG00000145494 ENSG00000145494 0.053746072   -7.699328 -0.4126831 0.09263182
                cellType.target std.logFC.rank     std.logFC.anno
ENSG00000160678          random              1    std logFC = 0.1
ENSG00000183389          random              2    std logFC = 0.1
ENSG00000130595          random              3  std logFC = 0.099
ENSG00000166963          random              4  std logFC = 0.096
ENSG00000276045          random              5  std logFC = 0.094
ENSG00000145494          random              6  std logFC = 0.093
[1] 324
Running 1vALL Testing for up-regulated genes
2024-09-08 00:58:04.090611 - Find markers for: random
2024-09-08 00:58:08.203478 - Find markers for: other
2024-09-08 00:58:12.299662 - Building Table
** Done! **

                           gene       logFC log.p.value    log.FDR  std.logFC
ENSG00000108839 ENSG00000108839 0.014787282  -10.349056 -0.6334659 0.11236014
ENSG00000171956 ENSG00000171956 0.015270884   -8.973512 -0.3492965 0.10283451
ENSG00000166359 ENSG00000166359 0.025084252   -8.966275 -0.3492965 0.10278232
ENSG00000075914 ENSG00000075914 0.068114715   -8.474527 -0.3212636 0.09917969
ENSG00000132464 ENSG00000132464 0.001833705   -8.213727 -0.3212636 0.09722152
ENSG00000125912 ENSG00000125912 0.054930979   -7.755165 -0.3212636 0.09369211
                cellType.target std.logFC.rank     std.logFC.anno
ENSG00000108839          random              1  std logFC = 0.112
ENSG00000171956          random              2  std logFC = 0.103
ENSG00000166359          random              3  std logFC = 0.103
ENSG00000075914          random              4  std logFC = 0.099
ENSG00000132464          random              5  std logFC = 0.097
ENSG00000125912          random              6  std logFC = 0.094
[1] 325
Running 1vALL Testing for up-regulated genes
2024-09-08 00:58:12.497318 - Find markers for: other
2024-09-08 00:58:16.573352 - Find markers for: random
2024-09-08 00:58:20.467902 - Building Table
** Done! **

                           gene       logFC log.p.value    log.FDR  std.logFC
ENSG00000188986 ENSG00000188986 0.070809223  -12.700549 -2.9849580 0.12609880
ENSG00000114796 ENSG00000114796 0.125544624  -10.384554 -1.3621110 0.11166741
ENSG00000147138 ENSG00000147138 0.008268693   -9.475781 -0.8588028 0.10552295
ENSG00000164406 ENSG00000164406 0.015240037   -9.072092 -0.7427956 0.10268877
ENSG00000126895 ENSG00000126895 0.004303608   -8.776400 -0.7168012 0.10056800
ENSG00000121380 ENSG00000121380 0.046919318   -8.524021 -0.7168012 0.09872616
                cellType.target std.logFC.rank     std.logFC.anno
ENSG00000188986          random              1  std logFC = 0.126
ENSG00000114796          random              2  std logFC = 0.112
ENSG00000147138          random              3  std logFC = 0.106
ENSG00000164406          random              4  std logFC = 0.103
ENSG00000126895          random              5  std logFC = 0.101
ENSG00000121380          random              6  std logFC = 0.099
[1] 326
Running 1vALL Testing for up-regulated genes
2024-09-08 00:58:20.645089 - Find markers for: other
2024-09-08 00:58:24.643974 - Find markers for: random
2024-09-08 00:58:28.520075 - Building Table
** Done! **

                           gene       logFC log.p.value   log.FDR  std.logFC
ENSG00000165458 ENSG00000165458 0.048565235  -10.913557 -1.197967 0.11560896
ENSG00000185198 ENSG00000185198 0.004519064  -10.188748 -1.166305 0.11084972
ENSG00000130158 ENSG00000130158 0.041755409   -8.725755 -0.564578 0.10063683
ENSG00000144589 ENSG00000144589 0.046881198   -8.481657 -0.564578 0.09884228
ENSG00000187860 ENSG00000187860 0.038767045   -8.303391 -0.564578 0.09751341
ENSG00000147454 ENSG00000147454 0.095575738   -8.251433 -0.564578 0.09712309
                cellType.target std.logFC.rank     std.logFC.anno
ENSG00000165458          random              1  std logFC = 0.116
ENSG00000185198          random              2  std logFC = 0.111
ENSG00000130158          random              3  std logFC = 0.101
ENSG00000144589          random              4  std logFC = 0.099
ENSG00000187860          random              5  std logFC = 0.098
ENSG00000147454          random              6  std logFC = 0.097
[1] 327
Running 1vALL Testing for up-regulated genes
2024-09-08 00:58:28.71059 - Find markers for: other
2024-09-08 00:58:32.698009 - Find markers for: random
2024-09-08 00:58:36.809267 - Building Table
** Done! **

                           gene       logFC log.p.value   log.FDR std.logFC
ENSG00000126458 ENSG00000126458 0.024922432  -12.203582 -2.487991 0.1236671
ENSG00000197587 ENSG00000197587 0.005420650  -10.896066 -2.104059 0.1154954
ENSG00000176953 ENSG00000176953 0.093525482  -10.721037 -2.104059 0.1143615
ENSG00000140043 ENSG00000140043 0.060267810  -10.012066 -1.835503 0.1096608
ENSG00000165966 ENSG00000165966 0.140169285   -9.941656 -1.835503 0.1091840
ENSG00000177354 ENSG00000177354 0.001267749   -9.087586 -1.163755 0.1032455
                cellType.target std.logFC.rank     std.logFC.anno
ENSG00000126458          random              1  std logFC = 0.124
ENSG00000197587          random              2  std logFC = 0.115
ENSG00000176953          random              3  std logFC = 0.114
ENSG00000140043          random              4   std logFC = 0.11
ENSG00000165966          random              5  std logFC = 0.109
ENSG00000177354          random              6  std logFC = 0.103
[1] 328
Running 1vALL Testing for up-regulated genes
2024-09-08 00:58:37.013438 - Find markers for: other
2024-09-08 00:58:41.032324 - Find markers for: random
2024-09-08 00:58:44.885385 - Building Table
** Done! **

                           gene       logFC log.p.value   log.FDR std.logFC
ENSG00000099985 ENSG00000099985 0.005649443  -10.868568 -1.265035 0.1144860
ENSG00000254004 ENSG00000254004 0.058675475  -10.277724 -1.265035 0.1106391
ENSG00000181444 ENSG00000181444 0.025185781   -9.615517 -1.265035 0.1061795
ENSG00000075073 ENSG00000075073 0.006786962   -9.392147 -1.265035 0.1046370
ENSG00000099821 ENSG00000099821 0.044825036   -9.371188 -1.265035 0.1044912
ENSG00000115705 ENSG00000115705 0.017829025   -9.156724 -1.240787 0.1029891
                cellType.target std.logFC.rank     std.logFC.anno
ENSG00000099985          random              1  std logFC = 0.114
ENSG00000254004          random              2  std logFC = 0.111
ENSG00000181444          random              3  std logFC = 0.106
ENSG00000075073          random              4  std logFC = 0.105
ENSG00000099821          random              5  std logFC = 0.104
ENSG00000115705          random              6  std logFC = 0.103
[1] 329
Running 1vALL Testing for up-regulated genes
2024-09-08 00:58:45.059745 - Find markers for: other
2024-09-08 00:58:49.10078 - Find markers for: random
2024-09-08 00:58:53.292442 - Building Table
** Done! **

                           gene       logFC log.p.value    log.FDR  std.logFC
ENSG00000108829 ENSG00000108829 0.039439435  -11.476850 -1.7612592 0.11882778
ENSG00000203870 ENSG00000203870 0.005934639  -10.521199 -1.4987559 0.11271263
ENSG00000116774 ENSG00000116774 0.013693395  -10.102203 -1.4852245 0.10993513
ENSG00000116032 ENSG00000116032 0.018775501   -8.630320 -0.7386514 0.09963589
ENSG00000123136 ENSG00000123136 0.039202451   -8.540754 -0.7386514 0.09897866
ENSG00000117020 ENSG00000117020 0.112617808   -8.398798 -0.7386514 0.09792906
                cellType.target std.logFC.rank     std.logFC.anno
ENSG00000108829          random              1  std logFC = 0.119
ENSG00000203870          random              2  std logFC = 0.113
ENSG00000116774          random              3   std logFC = 0.11
ENSG00000116032          random              4    std logFC = 0.1
ENSG00000123136          random              5  std logFC = 0.099
ENSG00000117020          random              6  std logFC = 0.098
[1] 330
Running 1vALL Testing for up-regulated genes
2024-09-08 00:58:53.494402 - Find markers for: random
2024-09-08 00:58:57.430204 - Find markers for: other
2024-09-08 00:59:01.458947 - Building Table
** Done! **

                           gene       logFC log.p.value    log.FDR std.logFC
ENSG00000104415 ENSG00000104415 0.014726644  -13.315918 -3.6003271 0.1309049
ENSG00000171121 ENSG00000171121 0.056791101  -12.300355 -3.2779122 0.1248777
ENSG00000145708 ENSG00000145708 0.041276418  -10.208015 -1.5910368 0.1115363
ENSG00000184697 ENSG00000184697 0.009852097   -9.383452 -1.0541563 0.1058665
ENSG00000159495 ENSG00000159495 0.003114777   -8.963275 -0.9411775 0.1028707
ENSG00000109861 ENSG00000109861 0.038208725   -8.788099 -0.9411775 0.1015987
                cellType.target std.logFC.rank     std.logFC.anno
ENSG00000104415          random              1  std logFC = 0.131
ENSG00000171121          random              2  std logFC = 0.125
ENSG00000145708          random              3  std logFC = 0.112
ENSG00000184697          random              4  std logFC = 0.106
ENSG00000159495          random              5  std logFC = 0.103
ENSG00000109861          random              6  std logFC = 0.102
[1] 331
Running 1vALL Testing for up-regulated genes
2024-09-08 00:59:01.648685 - Find markers for: other
2024-09-08 00:59:05.56045 - Find markers for: random
2024-09-08 00:59:09.500035 - Building Table
** Done! **

                           gene       logFC log.p.value    log.FDR std.logFC
ENSG00000204025 ENSG00000204025 0.012088683  -12.950183 -3.2345925 0.1274903
ENSG00000131050 ENSG00000131050 0.003147403  -11.893303 -2.8708597 0.1211751
ENSG00000174807 ENSG00000174807 0.006839582  -11.109087 -2.4921092 0.1162882
ENSG00000159352 ENSG00000159352 0.073010939   -9.535378 -1.2270200 0.1058735
ENSG00000116748 ENSG00000116748 0.002514865   -9.333173 -1.2270200 0.1044682
ENSG00000111732 ENSG00000111732 0.004617672   -8.857237 -0.9334057 0.1010923
                cellType.target std.logFC.rank     std.logFC.anno
ENSG00000204025          random              1  std logFC = 0.127
ENSG00000131050          random              2  std logFC = 0.121
ENSG00000174807          random              3  std logFC = 0.116
ENSG00000159352          random              4  std logFC = 0.106
ENSG00000116748          random              5  std logFC = 0.104
ENSG00000111732          random              6  std logFC = 0.101
[1] 332
Running 1vALL Testing for up-regulated genes
2024-09-08 00:59:09.679341 - Find markers for: other
2024-09-08 00:59:13.579007 - Find markers for: random
2024-09-08 00:59:17.472931 - Building Table
** Done! **

                           gene        logFC log.p.value    log.FDR std.logFC
ENSG00000092345 ENSG00000092345 0.0146789154  -15.811691 -6.0961000 0.1443436
ENSG00000104835 ENSG00000104835 0.0475789558  -10.268999 -1.2465554 0.1116453
ENSG00000079689 ENSG00000079689 0.0251421118   -9.570039 -0.9816641 0.1068856
ENSG00000149516 ENSG00000149516 0.0045768467   -9.310960 -0.9816641 0.1050726
ENSG00000183665 ENSG00000183665 0.0477231339   -9.025737 -0.9195842 0.1030439
ENSG00000186652 ENSG00000186652 0.0009250758   -8.799407 -0.8755761 0.1014086
                cellType.target std.logFC.rank     std.logFC.anno
ENSG00000092345          random              1  std logFC = 0.144
ENSG00000104835          random              2  std logFC = 0.112
ENSG00000079689          random              3  std logFC = 0.107
ENSG00000149516          random              4  std logFC = 0.105
ENSG00000183665          random              5  std logFC = 0.103
ENSG00000186652          random              6  std logFC = 0.101
[1] 333
Running 1vALL Testing for up-regulated genes
2024-09-08 00:59:17.656578 - Find markers for: other
2024-09-08 00:59:21.592326 - Find markers for: random
2024-09-08 00:59:25.724672 - Building Table
** Done! **

                           gene       logFC log.p.value    log.FDR  std.logFC
ENSG00000172322 ENSG00000172322 0.009369673  -11.787529 -2.0719389 0.12085370
ENSG00000113492 ENSG00000113492 0.005805057   -9.617767 -0.8198220 0.10673027
ENSG00000009765 ENSG00000009765 0.007078109   -9.436800 -0.8198220 0.10547602
ENSG00000178789 ENSG00000178789 0.007435905   -8.571422 -0.4697928 0.09928504
ENSG00000004939 ENSG00000004939 0.007324889   -8.501216 -0.4697928 0.09876779
ENSG00000203972 ENSG00000203972 0.002277421   -8.228274 -0.4697928 0.09673385
                cellType.target std.logFC.rank     std.logFC.anno
ENSG00000172322          random              1  std logFC = 0.121
ENSG00000113492          random              2  std logFC = 0.107
ENSG00000009765          random              3  std logFC = 0.105
ENSG00000178789          random              4  std logFC = 0.099
ENSG00000004939          random              5  std logFC = 0.099
ENSG00000203972          random              6  std logFC = 0.097
[1] 334
Running 1vALL Testing for up-regulated genes
2024-09-08 00:59:25.912756 - Find markers for: random
2024-09-08 00:59:30.683239 - Find markers for: other
2024-09-08 00:59:34.742026 - Building Table
** Done! **

                           gene       logFC log.p.value   log.FDR std.logFC
ENSG00000131037 ENSG00000131037 0.006400910  -12.162501 -2.929280 0.1229697
ENSG00000198704 ENSG00000198704 0.001885086  -11.951723 -2.929280 0.1216883
ENSG00000178585 ENSG00000178585 0.091452674  -10.695775 -2.078796 0.1137823
ENSG00000283267 ENSG00000283267 0.002850491   -9.895564 -1.566268 0.1084756
ENSG00000130821 ENSG00000130821 0.073319743   -9.488951 -1.382798 0.1056880
ENSG00000052802 ENSG00000052802 0.070814584   -9.017519 -1.195056 0.1023717
                cellType.target std.logFC.rank     std.logFC.anno
ENSG00000131037          random              1  std logFC = 0.123
ENSG00000198704          random              2  std logFC = 0.122
ENSG00000178585          random              3  std logFC = 0.114
ENSG00000283267          random              4  std logFC = 0.108
ENSG00000130821          random              5  std logFC = 0.106
ENSG00000052802          random              6  std logFC = 0.102
[1] 335
Running 1vALL Testing for up-regulated genes
2024-09-08 00:59:34.935877 - Find markers for: other
2024-09-08 00:59:38.862078 - Find markers for: random
2024-09-08 00:59:42.821762 - Building Table
** Done! **

                           gene      logFC log.p.value    log.FDR  std.logFC
ENSG00000100324 ENSG00000100324 0.08238912   -9.789009 -0.8050696 0.10771491
ENSG00000055917 ENSG00000055917 0.11757160   -9.382190 -0.8050696 0.10490967
ENSG00000166189 ENSG00000166189 0.01221134   -9.346701 -0.8050696 0.10466178
ENSG00000121351 ENSG00000121351 0.00382125   -8.419521 -0.8050696 0.09798986
ENSG00000126803 ENSG00000126803 0.06890091   -8.405640 -0.8050696 0.09788693
ENSG00000139842 ENSG00000139842 0.09485137   -8.399729 -0.8050696 0.09784308
                cellType.target std.logFC.rank     std.logFC.anno
ENSG00000100324          random              1  std logFC = 0.108
ENSG00000055917          random              2  std logFC = 0.105
ENSG00000166189          random              3  std logFC = 0.105
ENSG00000121351          random              4  std logFC = 0.098
ENSG00000126803          random              5  std logFC = 0.098
ENSG00000139842          random              6  std logFC = 0.098
[1] 336
Running 1vALL Testing for up-regulated genes
2024-09-08 00:59:43.01052 - Find markers for: other
2024-09-08 00:59:46.99113 - Find markers for: random
2024-09-08 00:59:50.936445 - Building Table
** Done! **

                           gene       logFC log.p.value    log.FDR  std.logFC
ENSG00000006606 ENSG00000006606 0.005253304   -8.960682 -0.5639001 0.10225514
ENSG00000150676 ENSG00000150676 0.009493990   -8.800193 -0.5639001 0.10109687
ENSG00000117399 ENSG00000117399 0.010737350   -8.525624 -0.5639001 0.09908762
ENSG00000144644 ENSG00000144644 0.006763655   -8.368801 -0.5639001 0.09792377
ENSG00000113141 ENSG00000113141 0.059451977   -8.302703 -0.5639001 0.09742957
ENSG00000243725 ENSG00000243725 0.061362185   -8.221686 -0.5639001 0.09682083
                cellType.target std.logFC.rank     std.logFC.anno
ENSG00000006606          random              1  std logFC = 0.102
ENSG00000150676          random              2  std logFC = 0.101
ENSG00000117399          random              3  std logFC = 0.099
ENSG00000144644          random              4  std logFC = 0.098
ENSG00000113141          random              5  std logFC = 0.097
ENSG00000243725          random              6  std logFC = 0.097
[1] 337
Running 1vALL Testing for up-regulated genes
2024-09-08 00:59:51.110465 - Find markers for: random
2024-09-08 00:59:55.115628 - Find markers for: other
2024-09-08 00:59:59.000402 - Building Table
** Done! **

                           gene       logFC log.p.value    log.FDR  std.logFC
ENSG00000068079 ENSG00000068079 0.020982056   -9.757317 -0.7574615 0.10795676
ENSG00000243729 ENSG00000243729 0.026705739   -9.423806 -0.7574615 0.10564793
ENSG00000141738 ENSG00000141738 0.009816085   -9.374440 -0.7574615 0.10530235
ENSG00000145757 ENSG00000145757 0.026456349   -8.456929 -0.3003791 0.09868546
ENSG00000127588 ENSG00000127588 0.002556297   -8.406532 -0.3003791 0.09831066
ENSG00000175283 ENSG00000175283 0.018293632   -8.037562 -0.1137313 0.09552750
                cellType.target std.logFC.rank     std.logFC.anno
ENSG00000068079          random              1  std logFC = 0.108
ENSG00000243729          random              2  std logFC = 0.106
ENSG00000141738          random              3  std logFC = 0.105
ENSG00000145757          random              4  std logFC = 0.099
ENSG00000127588          random              5  std logFC = 0.098
ENSG00000175283          random              6  std logFC = 0.096
[1] 338
Running 1vALL Testing for up-regulated genes
2024-09-08 00:59:59.17617 - Find markers for: other
2024-09-08 01:00:03.17163 - Find markers for: random
2024-09-08 01:00:07.103153 - Building Table
** Done! **

                           gene       logFC log.p.value    log.FDR std.logFC
ENSG00000109943 ENSG00000109943 0.011380014  -13.571768 -3.8561772 0.1319408
ENSG00000180346 ENSG00000180346 0.025983973  -11.360730 -2.3382864 0.1186560
ENSG00000164743 ENSG00000164743 0.009440679   -9.272060 -0.9212028 0.1047282
ENSG00000161888 ENSG00000161888 0.012398072   -9.250499 -0.9212028 0.1045759
ENSG00000149646 ENSG00000149646 0.028786200   -8.698750 -0.7360085 0.1006068
ENSG00000027869 ENSG00000027869 0.009148703   -8.659840 -0.7360085 0.1003217
                cellType.target std.logFC.rank     std.logFC.anno
ENSG00000109943          random              1  std logFC = 0.132
ENSG00000180346          random              2  std logFC = 0.119
ENSG00000164743          random              3  std logFC = 0.105
ENSG00000161888          random              4  std logFC = 0.105
ENSG00000149646          random              5  std logFC = 0.101
ENSG00000027869          random              6    std logFC = 0.1
[1] 339
Running 1vALL Testing for up-regulated genes
2024-09-08 01:00:07.281287 - Find markers for: other
2024-09-08 01:00:11.257691 - Find markers for: random
2024-09-08 01:00:15.094635 - Building Table
** Done! **

                           gene      logFC log.p.value    log.FDR  std.logFC
ENSG00000204310 ENSG00000204310 0.07087109  -13.498322 -3.7827316 0.13100436
ENSG00000115255 ENSG00000115255 0.02062911   -9.334790 -0.4130186 0.10475870
ENSG00000136274 ENSG00000136274 0.05784406   -8.663969 -0.4130186 0.09995906
ENSG00000250120 ENSG00000250120 0.04392239   -8.632203 -0.4130186 0.09972673
ENSG00000161677 ENSG00000161677 0.04077198   -8.416865 -0.4130186 0.09813902
ENSG00000134323 ENSG00000134323 0.02268779   -8.093217 -0.4130186 0.09570940
                cellType.target std.logFC.rank     std.logFC.anno
ENSG00000204310          random              1  std logFC = 0.131
ENSG00000115255          random              2  std logFC = 0.105
ENSG00000136274          random              3    std logFC = 0.1
ENSG00000250120          random              4    std logFC = 0.1
ENSG00000161677          random              5  std logFC = 0.098
ENSG00000134323          random              6  std logFC = 0.096
[1] 340
Running 1vALL Testing for up-regulated genes
2024-09-08 01:00:15.265963 - Find markers for: other
2024-09-08 01:00:19.210665 - Find markers for: random
2024-09-08 01:00:23.114044 - Building Table
** Done! **

                           gene       logFC log.p.value    log.FDR  std.logFC
ENSG00000277481 ENSG00000277481 0.022005876  -10.250925 -0.7586920 0.11101480
ENSG00000197632 ENSG00000197632 0.001760476   -9.684255 -0.7586920 0.10718409
ENSG00000185245 ENSG00000185245 0.007707956   -9.153380 -0.7586920 0.10348101
ENSG00000241186 ENSG00000241186 0.006328604   -9.087988 -0.7586920 0.10301671
ENSG00000160207 ENSG00000160207 0.036284251   -8.458236 -0.7404766 0.09844657
ENSG00000148965 ENSG00000148965 0.005055067   -8.360966 -0.7404766 0.09772393
                cellType.target std.logFC.rank     std.logFC.anno
ENSG00000277481          random              1  std logFC = 0.111
ENSG00000197632          random              2  std logFC = 0.107
ENSG00000185245          random              3  std logFC = 0.103
ENSG00000241186          random              4  std logFC = 0.103
ENSG00000160207          random              5  std logFC = 0.098
ENSG00000148965          random              6  std logFC = 0.098
[1] 341
Running 1vALL Testing for up-regulated genes
2024-09-08 01:00:23.285711 - Find markers for: random
2024-09-08 01:00:27.432348 - Find markers for: other
2024-09-08 01:00:31.477662 - Building Table
** Done! **

                           gene       logFC log.p.value   log.FDR std.logFC
ENSG00000112414 ENSG00000112414 0.042350643  -15.840077 -6.124486 0.1439977
ENSG00000180198 ENSG00000180198 0.040199171  -10.079665 -1.422363 0.1099955
ENSG00000203722 ENSG00000203722 0.004208275  -10.039341 -1.422363 0.1097240
ENSG00000198842 ENSG00000198842 0.014296305   -9.714189 -1.393237 0.1075125
ENSG00000026751 ENSG00000026751 0.005195037   -9.153308 -1.393237 0.1035990
ENSG00000169962 ENSG00000169962 0.002641387   -9.097160 -1.393237 0.1032000
                cellType.target std.logFC.rank     std.logFC.anno
ENSG00000112414          random              1  std logFC = 0.144
ENSG00000180198          random              2   std logFC = 0.11
ENSG00000203722          random              3   std logFC = 0.11
ENSG00000198842          random              4  std logFC = 0.108
ENSG00000026751          random              5  std logFC = 0.104
ENSG00000169962          random              6  std logFC = 0.103
[1] 342
Running 1vALL Testing for up-regulated genes
2024-09-08 01:00:31.657096 - Find markers for: other
2024-09-08 01:00:35.647426 - Find markers for: random
2024-09-08 01:00:39.517809 - Building Table
** Done! **

                           gene       logFC log.p.value   log.FDR std.logFC
ENSG00000213420 ENSG00000213420 0.017620382  -11.837892 -2.441927 0.1216557
ENSG00000131507 ENSG00000131507 0.131440394  -11.126132 -2.441927 0.1171862
ENSG00000099985 ENSG00000099985 0.005761348  -11.058905 -2.441927 0.1167561
ENSG00000155393 ENSG00000155393 0.082401086  -10.598686 -2.269390 0.1137719
ENSG00000120526 ENSG00000120526 0.069532974   -9.806774 -1.743087 0.1084649
ENSG00000149547 ENSG00000149547 0.063330212   -9.557388 -1.743087 0.1067449
                cellType.target std.logFC.rank     std.logFC.anno
ENSG00000213420          random              1  std logFC = 0.122
ENSG00000131507          random              2  std logFC = 0.117
ENSG00000099985          random              3  std logFC = 0.117
ENSG00000155393          random              4  std logFC = 0.114
ENSG00000120526          random              5  std logFC = 0.108
ENSG00000149547          random              6  std logFC = 0.107
[1] 343
Running 1vALL Testing for up-regulated genes
2024-09-08 01:00:39.700815 - Find markers for: other
2024-09-08 01:00:43.575608 - Find markers for: random
2024-09-08 01:00:47.492858 - Building Table
** Done! **

                           gene      logFC log.p.value   log.FDR std.logFC
ENSG00000119703 ENSG00000119703 0.04207132  -10.494533 -1.172153 0.1122678
ENSG00000103253 ENSG00000103253 0.07177061   -9.702582 -1.172153 0.1069690
ENSG00000038002 ENSG00000038002 0.04332669   -9.368763 -1.172153 0.1046638
ENSG00000123427 ENSG00000123427 0.02158616   -9.313434 -1.172153 0.1042774
ENSG00000164283 ENSG00000164283 0.00593557   -9.278306 -1.172153 0.1040314
ENSG00000158604 ENSG00000158604 0.07024891   -9.032740 -1.108909 0.1022969
                cellType.target std.logFC.rank     std.logFC.anno
ENSG00000119703          random              1  std logFC = 0.112
ENSG00000103253          random              2  std logFC = 0.107
ENSG00000038002          random              3  std logFC = 0.105
ENSG00000123427          random              4  std logFC = 0.104
ENSG00000164283          random              5  std logFC = 0.104
ENSG00000158604          random              6  std logFC = 0.102
[1] 344
Running 1vALL Testing for up-regulated genes
2024-09-08 01:00:47.665296 - Find markers for: other
2024-09-08 01:00:51.670878 - Find markers for: random
2024-09-08 01:00:55.737749 - Building Table
** Done! **

                           gene      logFC log.p.value    log.FDR  std.logFC
ENSG00000164300 ENSG00000164300 0.15068336  -10.349248 -1.1662519 0.11174398
ENSG00000182168 ENSG00000182168 0.21071907   -9.878726 -1.1662519 0.10858672
ENSG00000011590 ENSG00000011590 0.01555898   -9.584258 -1.1662519 0.10656832
ENSG00000170516 ENSG00000170516 0.01013001   -9.386735 -1.1662519 0.10519509
ENSG00000088926 ENSG00000088926 0.01426115   -9.272404 -1.1662519 0.10439291
ENSG00000177105 ENSG00000177105 0.05070210   -8.443565 -0.9766044 0.09840526
                cellType.target std.logFC.rank     std.logFC.anno
ENSG00000164300          random              1  std logFC = 0.112
ENSG00000182168          random              2  std logFC = 0.109
ENSG00000011590          random              3  std logFC = 0.107
ENSG00000170516          random              4  std logFC = 0.105
ENSG00000088926          random              5  std logFC = 0.104
ENSG00000177105          random              6  std logFC = 0.098
[1] 345
Running 1vALL Testing for up-regulated genes
2024-09-08 01:00:55.914457 - Find markers for: other
2024-09-08 01:00:59.776388 - Find markers for: random
2024-09-08 01:01:03.734687 - Building Table
** Done! **

                           gene       logFC log.p.value    log.FDR  std.logFC
ENSG00000163823 ENSG00000163823 0.015935809  -12.173231 -2.4576406 0.12285290
ENSG00000169896 ENSG00000169896 0.040510034   -9.991628 -0.9691847 0.10896373
ENSG00000171133 ENSG00000171133 0.001914124   -9.484660 -0.8676817 0.10550217
ENSG00000172320 ENSG00000172320 0.002909576   -8.618783 -0.7357012 0.09934371
ENSG00000177700 ENSG00000177700 0.039763524   -8.532783 -0.7357012 0.09871356
ENSG00000156150 ENSG00000156150 0.010167825   -8.374828 -0.7357012 0.09754687
                cellType.target std.logFC.rank     std.logFC.anno
ENSG00000163823          random              1  std logFC = 0.123
ENSG00000169896          random              2  std logFC = 0.109
ENSG00000171133          random              3  std logFC = 0.106
ENSG00000172320          random              4  std logFC = 0.099
ENSG00000177700          random              5  std logFC = 0.099
ENSG00000156150          random              6  std logFC = 0.098
[1] 346
Running 1vALL Testing for up-regulated genes
2024-09-08 01:01:03.914839 - Find markers for: other
2024-09-08 01:01:07.874195 - Find markers for: random
2024-09-08 01:01:12.003452 - Building Table
** Done! **

                           gene       logFC log.p.value    log.FDR  std.logFC
ENSG00000121281 ENSG00000121281 0.047324127   -9.547784 -0.7963586 0.10640356
ENSG00000165506 ENSG00000165506 0.042118872   -9.456590 -0.7963586 0.10576966
ENSG00000132972 ENSG00000132972 0.026177653   -9.112015 -0.7963586 0.10334333
ENSG00000105325 ENSG00000105325 0.064392982   -9.037225 -0.7963586 0.10280999
ENSG00000172725 ENSG00000172725 0.030429541   -8.613128 -0.7963586 0.09973814
ENSG00000142677 ENSG00000142677 0.007802959   -8.520698 -0.7963586 0.09905751
                cellType.target std.logFC.rank     std.logFC.anno
ENSG00000121281          random              1  std logFC = 0.106
ENSG00000165506          random              2  std logFC = 0.106
ENSG00000132972          random              3  std logFC = 0.103
ENSG00000105325          random              4  std logFC = 0.103
ENSG00000172725          random              5    std logFC = 0.1
ENSG00000142677          random              6  std logFC = 0.099
[1] 347
Running 1vALL Testing for up-regulated genes
2024-09-08 01:01:12.193536 - Find markers for: other
2024-09-08 01:01:16.143461 - Find markers for: random
2024-09-08 01:01:20.333945 - Building Table
** Done! **

                           gene       logFC log.p.value   log.FDR std.logFC
ENSG00000172409 ENSG00000172409 0.026410512  -11.575321 -1.859731 0.1200429
ENSG00000146085 ENSG00000146085 0.066656413  -10.216105 -1.474227 0.1112535
ENSG00000109805 ENSG00000109805 0.009993291  -10.037106 -1.474227 0.1100490
ENSG00000173402 ENSG00000173402 0.075504003   -9.603142 -1.474227 0.1070787
ENSG00000102854 ENSG00000102854 0.004423907   -9.336126 -1.474227 0.1052140
ENSG00000188487 ENSG00000188487 0.014303837   -9.255916 -1.474227 0.1046481
                cellType.target std.logFC.rank     std.logFC.anno
ENSG00000172409          random              1   std logFC = 0.12
ENSG00000146085          random              2  std logFC = 0.111
ENSG00000109805          random              3   std logFC = 0.11
ENSG00000173402          random              4  std logFC = 0.107
ENSG00000102854          random              5  std logFC = 0.105
ENSG00000188487          random              6  std logFC = 0.105
[1] 348
Running 1vALL Testing for up-regulated genes
2024-09-08 01:01:20.527821 - Find markers for: other
2024-09-08 01:01:24.539679 - Find markers for: random
2024-09-08 01:01:28.510488 - Building Table
** Done! **

                           gene       logFC log.p.value   log.FDR  std.logFC
ENSG00000172262 ENSG00000172262 0.134505431  -11.377846 -1.777044 0.11847381
ENSG00000150594 ENSG00000150594 0.015612235  -10.799487 -1.777044 0.11478175
ENSG00000159527 ENSG00000159527 0.002075312   -9.830539 -1.213560 0.10834362
ENSG00000160917 ENSG00000160917 0.050765839   -8.774933 -1.116684 0.10091585
ENSG00000203722 ENSG00000203722 0.003869630   -8.770185 -1.116684 0.10088134
ENSG00000134748 ENSG00000134748 0.055295180   -8.550324 -1.116684 0.09927215
                cellType.target std.logFC.rank     std.logFC.anno
ENSG00000172262          random              1  std logFC = 0.118
ENSG00000150594          random              2  std logFC = 0.115
ENSG00000159527          random              3  std logFC = 0.108
ENSG00000160917          random              4  std logFC = 0.101
ENSG00000203722          random              5  std logFC = 0.101
ENSG00000134748          random              6  std logFC = 0.099
[1] 349
Running 1vALL Testing for up-regulated genes
2024-09-08 01:01:28.681517 - Find markers for: other
2024-09-08 01:01:32.518009 - Find markers for: random
2024-09-08 01:01:36.512603 - Building Table
** Done! **

                           gene       logFC log.p.value    log.FDR  std.logFC
ENSG00000104938 ENSG00000104938 0.004175469  -10.873781 -1.1581908 0.11556395
ENSG00000163751 ENSG00000163751 0.003794780   -9.894453 -0.9293070 0.10906378
ENSG00000105383 ENSG00000105383 0.018951739   -9.546285 -0.9293070 0.10666762
ENSG00000120903 ENSG00000120903 0.010433794   -8.399290 -0.4926353 0.09841041
ENSG00000124839 ENSG00000124839 0.013401428   -8.350893 -0.4926353 0.09804856
ENSG00000075290 ENSG00000075290 0.005099153   -8.187890 -0.4926353 0.09682112
                cellType.target std.logFC.rank     std.logFC.anno
ENSG00000104938          random              1  std logFC = 0.116
ENSG00000163751          random              2  std logFC = 0.109
ENSG00000105383          random              3  std logFC = 0.107
ENSG00000120903          random              4  std logFC = 0.098
ENSG00000124839          random              5  std logFC = 0.098
ENSG00000075290          random              6  std logFC = 0.097
[1] 350
Running 1vALL Testing for up-regulated genes
2024-09-08 01:01:36.698371 - Find markers for: other
2024-09-08 01:01:40.596334 - Find markers for: random
2024-09-08 01:01:44.482353 - Building Table
** Done! **

                           gene       logFC log.p.value    log.FDR  std.logFC
ENSG00000113812 ENSG00000113812 0.050378139  -12.287857 -2.5722661 0.12510104
ENSG00000167513 ENSG00000167513 0.008406690   -9.851374 -0.8289305 0.10937794
ENSG00000197444 ENSG00000197444 0.060115034   -8.336603 -0.3341405 0.09848904
ENSG00000138303 ENSG00000138303 0.093740449   -8.248892 -0.3341405 0.09782592
ENSG00000137090 ENSG00000137090 0.007295566   -8.072820 -0.3341405 0.09648276
ENSG00000259431 ENSG00000259431 0.006995679   -7.633922 -0.3341405 0.09306135
                cellType.target std.logFC.rank     std.logFC.anno
ENSG00000113812          random              1  std logFC = 0.125
ENSG00000167513          random              2  std logFC = 0.109
ENSG00000197444          random              3  std logFC = 0.098
ENSG00000138303          random              4  std logFC = 0.098
ENSG00000137090          random              5  std logFC = 0.096
ENSG00000259431          random              6  std logFC = 0.093
[1] 351
Running 1vALL Testing for up-regulated genes
2024-09-08 01:01:44.653304 - Find markers for: other
2024-09-08 01:01:48.641207 - Find markers for: random
2024-09-08 01:01:52.716328 - Building Table
** Done! **

                           gene       logFC log.p.value    log.FDR  std.logFC
ENSG00000177272 ENSG00000177272 0.016509508  -12.141715 -2.7789288 0.12322843
ENSG00000139546 ENSG00000139546 0.035954752  -11.801372 -2.7789288 0.12114469
ENSG00000197238 ENSG00000197238 0.005069357   -8.800332 -0.3664507 0.10112703
ENSG00000105649 ENSG00000105649 0.044164073   -8.414190 -0.3664507 0.09829019
ENSG00000129195 ENSG00000129195 0.005058074   -8.279524 -0.3664507 0.09728379
ENSG00000197980 ENSG00000197980 0.075694994   -7.985259 -0.3664507 0.09505228
                cellType.target std.logFC.rank     std.logFC.anno
ENSG00000177272          random              1  std logFC = 0.123
ENSG00000139546          random              2  std logFC = 0.121
ENSG00000197238          random              3  std logFC = 0.101
ENSG00000105649          random              4  std logFC = 0.098
ENSG00000129195          random              5  std logFC = 0.097
ENSG00000197980          random              6  std logFC = 0.095
[1] 352
Running 1vALL Testing for up-regulated genes
2024-09-08 01:01:52.917877 - Find markers for: other
2024-09-08 01:01:56.81515 - Find markers for: random
2024-09-08 01:02:00.904433 - Building Table
** Done! **

                           gene       logFC log.p.value   log.FDR std.logFC
ENSG00000185101 ENSG00000185101 0.006779391  -11.693391 -1.977801 0.1207615
ENSG00000177302 ENSG00000177302 0.083819957  -10.975772 -1.953328 0.1162231
ENSG00000164976 ENSG00000164976 0.041035892   -9.702410 -1.127733 0.1077490
ENSG00000171596 ENSG00000171596 0.005089293   -8.924186 -1.127733 0.1022633
ENSG00000168612 ENSG00000168612 0.022716032   -8.775386 -1.127733 0.1011845
ENSG00000142627 ENSG00000142627 0.012991016   -8.643929 -1.127733 0.1002228
                cellType.target std.logFC.rank     std.logFC.anno
ENSG00000185101          random              1  std logFC = 0.121
ENSG00000177302          random              2  std logFC = 0.116
ENSG00000164976          random              3  std logFC = 0.108
ENSG00000171596          random              4  std logFC = 0.102
ENSG00000168612          random              5  std logFC = 0.101
ENSG00000142627          random              6    std logFC = 0.1
[1] 353
Running 1vALL Testing for up-regulated genes
2024-09-08 01:02:01.102674 - Find markers for: other
2024-09-08 01:02:05.093421 - Find markers for: random
2024-09-08 01:02:09.011341 - Building Table
** Done! **

                           gene       logFC log.p.value   log.FDR std.logFC
ENSG00000184939 ENSG00000184939 0.102420642   -9.842564 -0.869991 0.1084364
ENSG00000130182 ENSG00000130182 0.001171159   -9.736453 -0.869991 0.1077108
ENSG00000070669 ENSG00000070669 0.026791388   -9.401524 -0.869991 0.1053915
ENSG00000007952 ENSG00000007952 0.008744733   -9.040110 -0.869991 0.1028367
ENSG00000124788 ENSG00000124788 0.132263205   -8.830443 -0.869991 0.1013285
ENSG00000068745 ENSG00000068745 0.083417364   -8.658266 -0.869991 0.1000749
                cellType.target std.logFC.rank     std.logFC.anno
ENSG00000184939          random              1  std logFC = 0.108
ENSG00000130182          random              2  std logFC = 0.108
ENSG00000070669          random              3  std logFC = 0.105
ENSG00000007952          random              4  std logFC = 0.103
ENSG00000124788          random              5  std logFC = 0.101
ENSG00000068745          random              6    std logFC = 0.1
[1] 354
Running 1vALL Testing for up-regulated genes
2024-09-08 01:02:09.197182 - Find markers for: other
2024-09-08 01:02:13.421242 - Find markers for: random
2024-09-08 01:02:17.290392 - Building Table
** Done! **

                           gene      logFC log.p.value    log.FDR  std.logFC
ENSG00000101222 ENSG00000101222 0.05999615  -11.773565 -2.0579741 0.12019746
ENSG00000165029 ENSG00000165029 0.12154720   -8.449311 -0.5420059 0.09791939
ENSG00000109475 ENSG00000109475 0.08125135   -8.231623 -0.5420059 0.09630225
ENSG00000125740 ENSG00000125740 0.05586953   -8.215235 -0.5420059 0.09617954
ENSG00000137700 ENSG00000137700 0.02047950   -8.159882 -0.5420059 0.09576406
ENSG00000166451 ENSG00000166451 0.02193849   -8.086200 -0.5420059 0.09520856
                cellType.target std.logFC.rank     std.logFC.anno
ENSG00000101222          random              1   std logFC = 0.12
ENSG00000165029          random              2  std logFC = 0.098
ENSG00000109475          random              3  std logFC = 0.096
ENSG00000125740          random              4  std logFC = 0.096
ENSG00000137700          random              5  std logFC = 0.096
ENSG00000166451          random              6  std logFC = 0.095
[1] 355
Running 1vALL Testing for up-regulated genes
2024-09-08 01:02:17.462202 - Find markers for: other
2024-09-08 01:02:21.287433 - Find markers for: random
2024-09-08 01:02:25.202155 - Building Table
** Done! **

                           gene       logFC log.p.value   log.FDR std.logFC
ENSG00000156787 ENSG00000156787 0.099338327  -14.854011 -5.138420 0.1389955
ENSG00000250799 ENSG00000250799 0.004129719  -11.479349 -2.843520 0.1193051
ENSG00000156502 ENSG00000156502 0.080666149  -11.460499 -2.843520 0.1191868
ENSG00000121570 ENSG00000121570 0.005253997  -10.088988 -1.759692 0.1102733
ENSG00000130182 ENSG00000130182 0.001178329   -9.808728 -1.702575 0.1083710
ENSG00000122884 ENSG00000122884 0.104015675   -9.428617 -1.504786 0.1057423
                cellType.target std.logFC.rank     std.logFC.anno
ENSG00000156787          random              1  std logFC = 0.139
ENSG00000250799          random              2  std logFC = 0.119
ENSG00000156502          random              3  std logFC = 0.119
ENSG00000121570          random              4   std logFC = 0.11
ENSG00000130182          random              5  std logFC = 0.108
ENSG00000122884          random              6  std logFC = 0.106
[1] 356
Running 1vALL Testing for up-regulated genes
2024-09-08 01:02:25.389968 - Find markers for: other
2024-09-08 01:02:29.397343 - Find markers for: random
2024-09-08 01:02:33.580977 - Building Table
** Done! **

                           gene      logFC log.p.value   log.FDR std.logFC
ENSG00000126259 ENSG00000126259 0.01067786  -10.178866 -1.906806 0.1107133
ENSG00000153310 ENSG00000153310 0.14674917  -10.168972 -1.906806 0.1106471
ENSG00000074370 ENSG00000074370 0.02283557   -9.889966 -1.906806 0.1087646
ENSG00000135622 ENSG00000135622 0.06161536   -9.887757 -1.906806 0.1087496
ENSG00000151376 ENSG00000151376 0.14120168   -9.875237 -1.906806 0.1086644
ENSG00000156414 ENSG00000156414 0.04010129   -9.736389 -1.906806 0.1077158
                cellType.target std.logFC.rank     std.logFC.anno
ENSG00000126259          random              1  std logFC = 0.111
ENSG00000153310          random              2  std logFC = 0.111
ENSG00000074370          random              3  std logFC = 0.109
ENSG00000135622          random              4  std logFC = 0.109
ENSG00000151376          random              5  std logFC = 0.109
ENSG00000156414          random              6  std logFC = 0.108
[1] 357
Running 1vALL Testing for up-regulated genes
2024-09-08 01:02:33.770934 - Find markers for: random
2024-09-08 01:02:37.687954 - Find markers for: other
2024-09-08 01:02:41.562693 - Building Table
** Done! **

                           gene       logFC log.p.value    log.FDR  std.logFC
ENSG00000099899 ENSG00000099899 0.044935835  -10.181715 -0.4661245 0.11106792
ENSG00000080511 ENSG00000080511 0.004928837   -8.938317 -0.1099654 0.10242149
ENSG00000076924 ENSG00000076924 0.035782010   -8.641991 -0.1099654 0.10026369
ENSG00000162068 ENSG00000162068 0.003293263   -8.257868 -0.1099654 0.09740414
ENSG00000100867 ENSG00000100867 0.006688775   -8.213317 -0.1099654 0.09706772
ENSG00000101115 ENSG00000101115 0.011148152   -7.679252 -0.1099654 0.09295232
                cellType.target std.logFC.rank     std.logFC.anno
ENSG00000099899          random              1  std logFC = 0.111
ENSG00000080511          random              2  std logFC = 0.102
ENSG00000076924          random              3    std logFC = 0.1
ENSG00000162068          random              4  std logFC = 0.097
ENSG00000100867          random              5  std logFC = 0.097
ENSG00000101115          random              6  std logFC = 0.093
[1] 358
Running 1vALL Testing for up-regulated genes
2024-09-08 01:02:41.73995 - Find markers for: other
2024-09-08 01:02:45.634342 - Find markers for: random
2024-09-08 01:02:49.656036 - Building Table
** Done! **

                           gene       logFC log.p.value    log.FDR std.logFC
ENSG00000122585 ENSG00000122585 0.049332042  -10.901557 -1.6815883 0.1149923
ENSG00000086717 ENSG00000086717 0.038755482  -10.375693 -1.6815883 0.1115714
ENSG00000165837 ENSG00000165837 0.034537587  -10.298567 -1.6815883 0.1110617
ENSG00000134183 ENSG00000134183 0.003956259   -9.221495 -0.9928593 0.1037107
ENSG00000132840 ENSG00000132840 0.034379744   -9.012227 -0.9928593 0.1022281
ENSG00000171747 ENSG00000171747 0.014573014   -8.916690 -0.9928593 0.1015449
                cellType.target std.logFC.rank     std.logFC.anno
ENSG00000122585          random              1  std logFC = 0.115
ENSG00000086717          random              2  std logFC = 0.112
ENSG00000165837          random              3  std logFC = 0.111
ENSG00000134183          random              4  std logFC = 0.104
ENSG00000132840          random              5  std logFC = 0.102
ENSG00000171747          random              6  std logFC = 0.102
[1] 359
Running 1vALL Testing for up-regulated genes
2024-09-08 01:02:49.836771 - Find markers for: other
2024-09-08 01:02:53.891144 - Find markers for: random
2024-09-08 01:02:57.834527 - Building Table
** Done! **

                           gene       logFC log.p.value    log.FDR  std.logFC
ENSG00000166211 ENSG00000166211 0.007394938  -14.566117 -4.8505267 0.13737623
ENSG00000173597 ENSG00000173597 0.013761724   -9.388680 -0.5809251 0.10543119
ENSG00000113073 ENSG00000113073 0.028054331   -9.188335 -0.5809251 0.10401905
ENSG00000117983 ENSG00000117983 0.002736049   -8.910221 -0.5809251 0.10203007
ENSG00000204618 ENSG00000204618 0.002328313   -8.340202 -0.3371155 0.09784241
ENSG00000168803 ENSG00000168803 0.061920762   -8.217453 -0.3371155 0.09691988
                cellType.target std.logFC.rank     std.logFC.anno
ENSG00000166211          random              1  std logFC = 0.137
ENSG00000173597          random              2  std logFC = 0.105
ENSG00000113073          random              3  std logFC = 0.104
ENSG00000117983          random              4  std logFC = 0.102
ENSG00000204618          random              5  std logFC = 0.098
ENSG00000168803          random              6  std logFC = 0.097
[1] 360
Running 1vALL Testing for up-regulated genes
2024-09-08 01:02:58.00252 - Find markers for: other
2024-09-08 01:03:01.8955 - Find markers for: random
2024-09-08 01:03:05.72605 - Building Table
** Done! **

                           gene       logFC log.p.value    log.FDR std.logFC
ENSG00000163888 ENSG00000163888 0.052532444  -10.551468 -1.8787826 0.1133896
ENSG00000121552 ENSG00000121552 0.004624224  -10.334798 -1.8787826 0.1119573
ENSG00000205022 ENSG00000205022 0.006259716  -10.208632 -1.8787826 0.1111157
ENSG00000167779 ENSG00000167779 0.022934064  -10.208079 -1.8787826 0.1111120
ENSG00000101160 ENSG00000101160 0.036756067   -9.142677 -1.0365243 0.1037625
ENSG00000186591 ENSG00000186591 0.115534264   -8.788623 -0.9217656 0.1012156
                cellType.target std.logFC.rank     std.logFC.anno
ENSG00000163888          random              1  std logFC = 0.113
ENSG00000121552          random              2  std logFC = 0.112
ENSG00000205022          random              3  std logFC = 0.111
ENSG00000167779          random              4  std logFC = 0.111
ENSG00000101160          random              5  std logFC = 0.104
ENSG00000186591          random              6  std logFC = 0.101
[1] 361
Running 1vALL Testing for up-regulated genes
2024-09-08 01:03:05.891127 - Find markers for: random
2024-09-08 01:03:09.938343 - Find markers for: other
2024-09-08 01:03:13.82413 - Building Table
** Done! **

                           gene       logFC log.p.value    log.FDR  std.logFC
ENSG00000136098 ENSG00000136098 0.093009314   -9.338462 -0.7948425 0.10431804
ENSG00000198771 ENSG00000198771 0.051295745   -9.327151 -0.7948425 0.10423910
ENSG00000175463 ENSG00000175463 0.010411812   -9.131800 -0.7948425 0.10286728
ENSG00000125492 ENSG00000125492 0.003432765   -9.124139 -0.7948425 0.10281315
ENSG00000120329 ENSG00000120329 0.005552310   -8.444940 -0.5944368 0.09790955
ENSG00000182333 ENSG00000182333 0.009363253   -8.021568 -0.5944368 0.09474063
                cellType.target std.logFC.rank     std.logFC.anno
ENSG00000136098          random              1  std logFC = 0.104
ENSG00000198771          random              2  std logFC = 0.104
ENSG00000175463          random              3  std logFC = 0.103
ENSG00000125492          random              4  std logFC = 0.103
ENSG00000120329          random              5  std logFC = 0.098
ENSG00000182333          random              6  std logFC = 0.095
[1] 362
Running 1vALL Testing for up-regulated genes
2024-09-08 01:03:13.994962 - Find markers for: other
2024-09-08 01:03:17.953582 - Find markers for: random
2024-09-08 01:03:21.953953 - Building Table
** Done! **

                           gene       logFC log.p.value    log.FDR  std.logFC
ENSG00000164284 ENSG00000164284 0.030561073  -10.429224 -0.8386804 0.11205188
ENSG00000147168 ENSG00000147168 0.003759847   -9.861124 -0.8386804 0.10825369
ENSG00000102104 ENSG00000102104 0.005619149   -9.072575 -0.4555966 0.10277499
ENSG00000159579 ENSG00000159579 0.084880414   -8.450972 -0.3377958 0.09826654
ENSG00000283297 ENSG00000283297 0.007915519   -8.004767 -0.3377958 0.09491479
ENSG00000159784 ENSG00000159784 0.046490783   -7.984314 -0.3377958 0.09475867
                cellType.target std.logFC.rank     std.logFC.anno
ENSG00000164284          random              1  std logFC = 0.112
ENSG00000147168          random              2  std logFC = 0.108
ENSG00000102104          random              3  std logFC = 0.103
ENSG00000159579          random              4  std logFC = 0.098
ENSG00000283297          random              5  std logFC = 0.095
ENSG00000159784          random              6  std logFC = 0.095
[1] 363
Running 1vALL Testing for up-regulated genes
2024-09-08 01:03:22.140594 - Find markers for: random
2024-09-08 01:03:26.010343 - Find markers for: other
2024-09-08 01:03:30.036053 - Building Table
** Done! **

                           gene       logFC log.p.value    log.FDR  std.logFC
ENSG00000244355 ENSG00000244355 0.003306430  -11.024375 -2.0706809 0.11619278
ENSG00000101000 ENSG00000101000 0.032979634  -10.855481 -2.0706809 0.11510702
ENSG00000176092 ENSG00000176092 0.006469230  -10.687659 -2.0706809 0.11401893
ENSG00000060566 ENSG00000060566 0.007804049   -9.019748 -0.6904522 0.10264805
ENSG00000110777 ENSG00000110777 0.059515642   -8.345122 -0.3618053 0.09771798
ENSG00000206384 ENSG00000206384 0.021318621   -8.108239 -0.3618053 0.09593425
                cellType.target std.logFC.rank     std.logFC.anno
ENSG00000244355          random              1  std logFC = 0.116
ENSG00000101000          random              2  std logFC = 0.115
ENSG00000176092          random              3  std logFC = 0.114
ENSG00000060566          random              4  std logFC = 0.103
ENSG00000110777          random              5  std logFC = 0.098
ENSG00000206384          random              6  std logFC = 0.096
[1] 364
Running 1vALL Testing for up-regulated genes
2024-09-08 01:03:30.23316 - Find markers for: random
2024-09-08 01:03:34.105619 - Find markers for: other
2024-09-08 01:03:38.087194 - Building Table
** Done! **

                           gene       logFC log.p.value   log.FDR std.logFC
ENSG00000214827 ENSG00000214827 0.035210713   -13.07951 -3.363917 0.1292167
ENSG00000168672 ENSG00000168672 0.051220840   -12.12436 -3.143012 0.1235114
ENSG00000142623 ENSG00000142623 0.010205529   -11.75999 -3.143012 0.1212705
ENSG00000184860 ENSG00000184860 0.009435407   -11.10363 -2.774334 0.1171358
ENSG00000156983 ENSG00000156983 0.038458340   -10.69595 -2.589793 0.1144997
ENSG00000141579 ENSG00000141579 0.009650947   -10.13873 -2.214896 0.1108057
                cellType.target std.logFC.rank     std.logFC.anno
ENSG00000214827          random              1  std logFC = 0.129
ENSG00000168672          random              2  std logFC = 0.124
ENSG00000142623          random              3  std logFC = 0.121
ENSG00000184860          random              4  std logFC = 0.117
ENSG00000156983          random              5  std logFC = 0.114
ENSG00000141579          random              6  std logFC = 0.111
[1] 365
Running 1vALL Testing for up-regulated genes
2024-09-08 01:03:38.270191 - Find markers for: random
2024-09-08 01:03:42.134869 - Find markers for: other
2024-09-08 01:03:46.149976 - Building Table
** Done! **

                           gene       logFC log.p.value   log.FDR std.logFC
ENSG00000075073 ENSG00000075073 0.008158181  -12.593173 -2.877583 0.1258190
ENSG00000178467 ENSG00000178467 0.087082950  -10.354455 -1.332012 0.1117848
ENSG00000127948 ENSG00000127948 0.080029607   -9.334347 -1.093078 0.1048342
ENSG00000186272 ENSG00000186272 0.042581072   -9.069628 -1.093078 0.1029624
ENSG00000099769 ENSG00000099769 0.008527003   -8.998386 -1.093078 0.1024535
ENSG00000205884 ENSG00000205884 0.002615728   -8.830348 -1.093078 0.1012441
                cellType.target std.logFC.rank     std.logFC.anno
ENSG00000075073          random              1  std logFC = 0.126
ENSG00000178467          random              2  std logFC = 0.112
ENSG00000127948          random              3  std logFC = 0.105
ENSG00000186272          random              4  std logFC = 0.103
ENSG00000099769          random              5  std logFC = 0.102
ENSG00000205884          random              6  std logFC = 0.101
[1] 366
Running 1vALL Testing for up-regulated genes
2024-09-08 01:03:46.323321 - Find markers for: other
2024-09-08 01:03:50.468043 - Find markers for: random
2024-09-08 01:03:54.419008 - Building Table
** Done! **

                           gene       logFC log.p.value   log.FDR std.logFC
ENSG00000166415 ENSG00000166415 0.014737812  -11.890982 -2.175391 0.1220791
ENSG00000168256 ENSG00000168256 0.040913124   -9.819097 -1.166099 0.1086347
ENSG00000137331 ENSG00000137331 0.032430143   -9.478416 -1.166099 0.1062786
ENSG00000125170 ENSG00000125170 0.033868226   -9.394943 -1.166099 0.1056942
ENSG00000214943 ENSG00000214943 0.001263752   -9.077176 -1.166099 0.1034426
ENSG00000050327 ENSG00000050327 0.010116254   -9.001824 -1.166099 0.1029023
                cellType.target std.logFC.rank     std.logFC.anno
ENSG00000166415          random              1  std logFC = 0.122
ENSG00000168256          random              2  std logFC = 0.109
ENSG00000137331          random              3  std logFC = 0.106
ENSG00000125170          random              4  std logFC = 0.106
ENSG00000214943          random              5  std logFC = 0.103
ENSG00000050327          random              6  std logFC = 0.103
[1] 367
Running 1vALL Testing for up-regulated genes
2024-09-08 01:03:54.587446 - Find markers for: random
2024-09-08 01:03:58.517252 - Find markers for: other
2024-09-08 01:04:02.421476 - Building Table
** Done! **

                           gene      logFC log.p.value    log.FDR std.logFC
ENSG00000113368 ENSG00000113368 0.05029473  -10.831001 -1.5659444 0.1144825
ENSG00000151778 ENSG00000151778 0.08173730  -10.588388 -1.5659444 0.1129109
ENSG00000188779 ENSG00000188779 0.01800735   -9.619298 -1.0023201 0.1064262
ENSG00000101977 ENSG00000101977 0.05987935   -9.305138 -0.9758421 0.1042470
ENSG00000196189 ENSG00000196189 0.05858598   -8.908404 -0.9757258 0.1014356
ENSG00000053747 ENSG00000053747 0.06089143   -8.899557 -0.9757258 0.1013722
                cellType.target std.logFC.rank     std.logFC.anno
ENSG00000113368          random              1  std logFC = 0.114
ENSG00000151778          random              2  std logFC = 0.113
ENSG00000188779          random              3  std logFC = 0.106
ENSG00000101977          random              4  std logFC = 0.104
ENSG00000196189          random              5  std logFC = 0.101
ENSG00000053747          random              6  std logFC = 0.101
[1] 368
Running 1vALL Testing for up-regulated genes
2024-09-08 01:04:02.600594 - Find markers for: other
2024-09-08 01:04:06.509608 - Find markers for: random
2024-09-08 01:04:10.434485 - Building Table
** Done! **

                           gene       logFC log.p.value   log.FDR std.logFC
ENSG00000129038 ENSG00000129038 0.046367516  -14.114578 -4.398988 0.1348434
ENSG00000130675 ENSG00000130675 0.005464987  -10.254943 -1.512608 0.1113328
ENSG00000143815 ENSG00000143815 0.075488045   -9.885443 -1.512608 0.1088427
ENSG00000087510 ENSG00000087510 0.005236428   -9.494975 -1.512608 0.1061547
ENSG00000110436 ENSG00000110436 0.167675620   -9.379038 -1.512608 0.1053448
ENSG00000179397 ENSG00000179397 0.090588425   -9.323437 -1.512608 0.1049545
                cellType.target std.logFC.rank     std.logFC.anno
ENSG00000129038          random              1  std logFC = 0.135
ENSG00000130675          random              2  std logFC = 0.111
ENSG00000143815          random              3  std logFC = 0.109
ENSG00000087510          random              4  std logFC = 0.106
ENSG00000110436          random              5  std logFC = 0.105
ENSG00000179397          random              6  std logFC = 0.105
[1] 369
Running 1vALL Testing for up-regulated genes
2024-09-08 01:04:10.637664 - Find markers for: other
2024-09-08 01:04:14.659981 - Find markers for: random
2024-09-08 01:04:18.708278 - Building Table
** Done! **

                           gene       logFC log.p.value    log.FDR std.logFC
ENSG00000116218 ENSG00000116218 0.007288591  -11.996682 -2.2810916 0.1228608
ENSG00000121764 ENSG00000121764 0.013607040  -10.211296 -1.1888523 0.1114113
ENSG00000130640 ENSG00000130640 0.089907442   -9.655009 -1.0380308 0.1076211
ENSG00000134684 ENSG00000134684 0.088846016   -9.302418 -0.9731214 0.1051558
ENSG00000089327 ENSG00000089327 0.025969678   -8.854273 -0.7481206 0.1019462
ENSG00000204257 ENSG00000204257 0.033137920   -8.332129 -0.4105845 0.0980903
                cellType.target std.logFC.rank     std.logFC.anno
ENSG00000116218          random              1  std logFC = 0.123
ENSG00000121764          random              2  std logFC = 0.111
ENSG00000130640          random              3  std logFC = 0.108
ENSG00000134684          random              4  std logFC = 0.105
ENSG00000089327          random              5  std logFC = 0.102
ENSG00000204257          random              6  std logFC = 0.098
[1] 370
Running 1vALL Testing for up-regulated genes
2024-09-08 01:04:18.886254 - Find markers for: other
2024-09-08 01:04:22.997654 - Find markers for: random
2024-09-08 01:04:26.891613 - Building Table
** Done! **

                           gene       logFC log.p.value    log.FDR  std.logFC
ENSG00000215203 ENSG00000215203 0.006288212  -10.113402 -0.5949605 0.11029685
ENSG00000166900 ENSG00000166900 0.067845063   -9.617404 -0.5949605 0.10691866
ENSG00000184154 ENSG00000184154 0.040353701   -8.953696 -0.3807965 0.10224340
ENSG00000171872 ENSG00000171872 0.004790216   -8.710093 -0.3807965 0.10047920
ENSG00000106927 ENSG00000106927 0.009369314   -8.134352 -0.3734360 0.09619700
ENSG00000136155 ENSG00000136155 0.010398832   -8.024345 -0.3734360 0.09535967
                cellType.target std.logFC.rank     std.logFC.anno
ENSG00000215203          random              1   std logFC = 0.11
ENSG00000166900          random              2  std logFC = 0.107
ENSG00000184154          random              3  std logFC = 0.102
ENSG00000171872          random              4    std logFC = 0.1
ENSG00000106927          random              5  std logFC = 0.096
ENSG00000136155          random              6  std logFC = 0.095
[1] 371
Running 1vALL Testing for up-regulated genes
2024-09-08 01:04:27.08009 - Find markers for: other
2024-09-08 01:04:31.091394 - Find markers for: random
2024-09-08 01:04:35.028027 - Building Table
** Done! **

                           gene       logFC log.p.value    log.FDR std.logFC
ENSG00000130518 ENSG00000130518 0.050454174  -11.107745 -1.9445919 0.1162905
ENSG00000277932 ENSG00000277932 0.006518749  -10.967035 -1.9445919 0.1153937
ENSG00000227471 ENSG00000227471 0.002554658  -10.284425 -1.8779372 0.1109505
ENSG00000203791 ENSG00000203791 0.100562247  -10.207233 -1.8779372 0.1104380
ENSG00000134216 ENSG00000134216 0.004296410   -9.231849 -1.1256962 0.1037673
ENSG00000100490 ENSG00000100490 0.095615741   -8.794005 -0.9743116 0.1006456
                cellType.target std.logFC.rank     std.logFC.anno
ENSG00000130518          random              1  std logFC = 0.116
ENSG00000277932          random              2  std logFC = 0.115
ENSG00000227471          random              3  std logFC = 0.111
ENSG00000203791          random              4   std logFC = 0.11
ENSG00000134216          random              5  std logFC = 0.104
ENSG00000100490          random              6  std logFC = 0.101
[1] 372
Running 1vALL Testing for up-regulated genes
2024-09-08 01:04:35.196629 - Find markers for: random
2024-09-08 01:04:39.04197 - Find markers for: other
2024-09-08 01:04:43.092546 - Building Table
** Done! **

                           gene       logFC log.p.value   log.FDR std.logFC
ENSG00000121594 ENSG00000121594 0.008012476  -12.118801 -2.739533 0.1229948
ENSG00000147443 ENSG00000147443 0.007067358  -11.761977 -2.739533 0.1208087
ENSG00000100479 ENSG00000100479 0.046676707  -11.283651 -2.666673 0.1178205
ENSG00000171053 ENSG00000171053 0.003799509  -10.818378 -2.489082 0.1148464
ENSG00000172689 ENSG00000172689 0.002809385   -9.858714 -1.858712 0.1084812
ENSG00000136273 ENSG00000136273 0.059499759   -9.782543 -1.858712 0.1079616
                cellType.target std.logFC.rank     std.logFC.anno
ENSG00000121594          random              1  std logFC = 0.123
ENSG00000147443          random              2  std logFC = 0.121
ENSG00000100479          random              3  std logFC = 0.118
ENSG00000171053          random              4  std logFC = 0.115
ENSG00000172689          random              5  std logFC = 0.108
ENSG00000136273          random              6  std logFC = 0.108
[1] 373
Running 1vALL Testing for up-regulated genes
2024-09-08 01:04:43.292232 - Find markers for: random
2024-09-08 01:04:47.190491 - Find markers for: other
2024-09-08 01:04:51.127214 - Building Table
** Done! **

                           gene       logFC log.p.value    log.FDR  std.logFC
ENSG00000129467 ENSG00000129467 0.021650643  -13.123152 -3.4075616 0.12842989
ENSG00000148584 ENSG00000148584 0.006794858  -12.268388 -3.2459448 0.12338593
ENSG00000181616 ENSG00000181616 0.005898144  -10.035320 -1.4183418 0.10922171
ENSG00000219073 ENSG00000219073 0.003326078   -9.201989 -0.9254638 0.10349357
ENSG00000250423 ENSG00000250423 0.005800609   -9.031616 -0.9254638 0.10228743
ENSG00000126246 ENSG00000126246 0.014425859   -8.513574 -0.5897425 0.09854008
                cellType.target std.logFC.rank     std.logFC.anno
ENSG00000129467          random              1  std logFC = 0.128
ENSG00000148584          random              2  std logFC = 0.123
ENSG00000181616          random              3  std logFC = 0.109
ENSG00000219073          random              4  std logFC = 0.103
ENSG00000250423          random              5  std logFC = 0.102
ENSG00000126246          random              6  std logFC = 0.099
[1] 374
Running 1vALL Testing for up-regulated genes
2024-09-08 01:04:51.322811 - Find markers for: other
2024-09-08 01:04:55.292282 - Find markers for: random
2024-09-08 01:04:59.235661 - Building Table
** Done! **

                           gene       logFC log.p.value    log.FDR std.logFC
ENSG00000162068 ENSG00000162068 0.004206494  -12.415532 -2.6999420 0.1244677
ENSG00000101892 ENSG00000101892 0.004303319  -10.117971 -1.3119123 0.1099520
ENSG00000005421 ENSG00000005421 0.015637132   -9.928890 -1.3119123 0.1086799
ENSG00000135838 ENSG00000135838 0.096580217   -9.276122 -0.9468257 0.1041820
ENSG00000140022 ENSG00000140022 0.121049407   -8.946391 -0.9451644 0.1018430
ENSG00000103266 ENSG00000103266 0.053000206   -8.736910 -0.9451644 0.1003321
                cellType.target std.logFC.rank     std.logFC.anno
ENSG00000162068          random              1  std logFC = 0.124
ENSG00000101892          random              2   std logFC = 0.11
ENSG00000005421          random              3  std logFC = 0.109
ENSG00000135838          random              4  std logFC = 0.104
ENSG00000140022          random              5  std logFC = 0.102
ENSG00000103266          random              6    std logFC = 0.1
[1] 375
Running 1vALL Testing for up-regulated genes
2024-09-08 01:04:59.41622 - Find markers for: other
2024-09-08 01:05:03.348409 - Find markers for: random
2024-09-08 01:05:07.274082 - Building Table
** Done! **

                           gene      logFC log.p.value   log.FDR std.logFC
ENSG00000153208 ENSG00000153208 0.10719847  -11.458450 -1.974636 0.1188302
ENSG00000163106 ENSG00000163106 0.03575415  -10.997079 -1.974636 0.1159089
ENSG00000100290 ENSG00000100290 0.01042845  -10.122713 -1.645923 0.1101815
ENSG00000198521 ENSG00000198521 0.08178259   -9.975219 -1.645923 0.1091888
ENSG00000138614 ENSG00000138614 0.05882501   -9.117265 -1.100816 0.1032463
ENSG00000255274 ENSG00000255274 0.03262183   -9.024648 -1.100816 0.1025866
                cellType.target std.logFC.rank     std.logFC.anno
ENSG00000153208          random              1  std logFC = 0.119
ENSG00000163106          random              2  std logFC = 0.116
ENSG00000100290          random              3   std logFC = 0.11
ENSG00000198521          random              4  std logFC = 0.109
ENSG00000138614          random              5  std logFC = 0.103
ENSG00000255274          random              6  std logFC = 0.103
[1] 376
Running 1vALL Testing for up-regulated genes
2024-09-08 01:05:07.452998 - Find markers for: other
2024-09-08 01:05:11.368505 - Find markers for: random
2024-09-08 01:05:15.326092 - Building Table
** Done! **

                           gene       logFC log.p.value    log.FDR  std.logFC
ENSG00000092200 ENSG00000092200 0.016931759  -10.111114 -0.6748409 0.10996725
ENSG00000248746 ENSG00000248746 0.006821770   -9.058796 -0.6748409 0.10270280
ENSG00000149499 ENSG00000149499 0.035396071   -8.953628 -0.6748409 0.10195158
ENSG00000166188 ENSG00000166188 0.018361998   -8.795795 -0.6748409 0.10081488
ENSG00000168505 ENSG00000168505 0.008250432   -8.780993 -0.6748409 0.10070770
ENSG00000144741 ENSG00000144741 0.096155424   -8.358225 -0.4682353 0.09760274
                cellType.target std.logFC.rank     std.logFC.anno
ENSG00000092200          random              1   std logFC = 0.11
ENSG00000248746          random              2  std logFC = 0.103
ENSG00000149499          random              3  std logFC = 0.102
ENSG00000166188          random              4  std logFC = 0.101
ENSG00000168505          random              5  std logFC = 0.101
ENSG00000144741          random              6  std logFC = 0.098
[1] 377
Running 1vALL Testing for up-regulated genes
2024-09-08 01:05:15.523356 - Find markers for: other
2024-09-08 01:05:19.572493 - Find markers for: random
2024-09-08 01:05:23.607529 - Building Table
** Done! **

                           gene       logFC log.p.value    log.FDR  std.logFC
ENSG00000173531 ENSG00000173531 0.036023940  -14.048951 -4.3333605 0.13456654
ENSG00000105204 ENSG00000105204 0.049070711   -9.855396 -1.2151785 0.10871169
ENSG00000066185 ENSG00000066185 0.034811350   -9.832157 -1.2151785 0.10855300
ENSG00000067225 ENSG00000067225 0.101144835   -8.528528 -0.4173917 0.09929279
ENSG00000133101 ENSG00000133101 0.027755945   -8.434560 -0.4173917 0.09859570
ENSG00000244476 ENSG00000244476 0.004644321   -8.341223 -0.4173917 0.09789899
                cellType.target std.logFC.rank     std.logFC.anno
ENSG00000173531          random              1  std logFC = 0.135
ENSG00000105204          random              2  std logFC = 0.109
ENSG00000066185          random              3  std logFC = 0.109
ENSG00000067225          random              4  std logFC = 0.099
ENSG00000133101          random              5  std logFC = 0.099
ENSG00000244476          random              6  std logFC = 0.098
[1] 378
Running 1vALL Testing for up-regulated genes
2024-09-08 01:05:23.780894 - Find markers for: random
2024-09-08 01:05:27.700572 - Find markers for: other
2024-09-08 01:05:31.714822 - Building Table
** Done! **

                           gene       logFC log.p.value    log.FDR  std.logFC
ENSG00000204930 ENSG00000204930 0.010883764   -9.893891 -0.6821106 0.10856330
ENSG00000187210 ENSG00000187210 0.064380118   -8.922862 -0.6821106 0.10178713
ENSG00000186652 ENSG00000186652 0.000915009   -8.717780 -0.6821106 0.10030426
ENSG00000153531 ENSG00000153531 0.039890118   -8.605157 -0.6821106 0.09948164
ENSG00000096654 ENSG00000096654 0.037326318   -8.531744 -0.6821106 0.09894218
ENSG00000109674 ENSG00000109674 0.004189085   -8.281440 -0.6821106 0.09708309
                cellType.target std.logFC.rank     std.logFC.anno
ENSG00000204930          random              1  std logFC = 0.109
ENSG00000187210          random              2  std logFC = 0.102
ENSG00000186652          random              3    std logFC = 0.1
ENSG00000153531          random              4  std logFC = 0.099
ENSG00000096654          random              5  std logFC = 0.099
ENSG00000109674          random              6  std logFC = 0.097
[1] 379
Running 1vALL Testing for up-regulated genes
2024-09-08 01:05:31.882555 - Find markers for: other
2024-09-08 01:05:35.885552 - Find markers for: random
2024-09-08 01:05:39.862333 - Building Table
** Done! **

                           gene       logFC log.p.value    log.FDR  std.logFC
ENSG00000105370 ENSG00000105370 0.002983801  -15.747139 -6.0315482 0.14410113
ENSG00000182885 ENSG00000182885 0.007324665  -11.425354 -2.4029105 0.11922434
ENSG00000124374 ENSG00000124374 0.067980730   -9.521936 -0.9049578 0.10662411
ENSG00000060566 ENSG00000060566 0.007545635   -8.495548 -0.6251051 0.09924380
ENSG00000182600 ENSG00000182600 0.053435933   -8.228014 -0.6251051 0.09723931
ENSG00000129480 ENSG00000129480 0.063750682   -8.087323 -0.6251051 0.09617052
                cellType.target std.logFC.rank     std.logFC.anno
ENSG00000105370          random              1  std logFC = 0.144
ENSG00000182885          random              2  std logFC = 0.119
ENSG00000124374          random              3  std logFC = 0.107
ENSG00000060566          random              4  std logFC = 0.099
ENSG00000182600          random              5  std logFC = 0.097
ENSG00000129480          random              6  std logFC = 0.096
[1] 380
Running 1vALL Testing for up-regulated genes
2024-09-08 01:05:40.039662 - Find markers for: other
2024-09-08 01:05:43.984867 - Find markers for: random
2024-09-08 01:05:47.874828 - Building Table
** Done! **

                           gene       logFC log.p.value   log.FDR std.logFC
ENSG00000170627 ENSG00000170627 0.005448245  -14.270393 -4.554802 0.1353519
ENSG00000260903 ENSG00000260903 0.045728889  -10.881211 -2.244835 0.1151348
ENSG00000112320 ENSG00000112320 0.152804620  -10.824080 -2.244835 0.1147663
ENSG00000128604 ENSG00000128604 0.023108776  -10.523513 -2.244835 0.1128101
ENSG00000144161 ENSG00000144161 0.098813236  -10.350988 -2.244835 0.1116733
ENSG00000188761 ENSG00000188761 0.027285292   -9.910735 -1.986904 0.1087240
                cellType.target std.logFC.rank     std.logFC.anno
ENSG00000170627          random              1  std logFC = 0.135
ENSG00000260903          random              2  std logFC = 0.115
ENSG00000112320          random              3  std logFC = 0.115
ENSG00000128604          random              4  std logFC = 0.113
ENSG00000144161          random              5  std logFC = 0.112
ENSG00000188761          random              6  std logFC = 0.109
[1] 381
Running 1vALL Testing for up-regulated genes
2024-09-08 01:05:48.04342 - Find markers for: other
2024-09-08 01:05:52.078063 - Find markers for: random
2024-09-08 01:05:55.917429 - Building Table
** Done! **

                           gene       logFC log.p.value    log.FDR std.logFC
ENSG00000121570 ENSG00000121570 0.005824095  -12.050915 -2.3353250 0.1222635
ENSG00000005102 ENSG00000005102 0.010380433  -10.924340 -2.1334937 0.1152299
ENSG00000170262 ENSG00000170262 0.019143360  -10.704446 -2.1334937 0.1138113
ENSG00000165917 ENSG00000165917 0.006178709  -10.462790 -2.1334937 0.1122336
ENSG00000161653 ENSG00000161653 0.009648565   -9.909433 -1.8032808 0.1085435
ENSG00000146410 ENSG00000146410 0.007989306   -8.840035 -0.9918459 0.1010740
                cellType.target std.logFC.rank     std.logFC.anno
ENSG00000121570          random              1  std logFC = 0.122
ENSG00000005102          random              2  std logFC = 0.115
ENSG00000170262          random              3  std logFC = 0.114
ENSG00000165917          random              4  std logFC = 0.112
ENSG00000161653          random              5  std logFC = 0.109
ENSG00000146410          random              6  std logFC = 0.101
[1] 382
Running 1vALL Testing for up-regulated genes
2024-09-08 01:05:56.087701 - Find markers for: random
2024-09-08 01:06:00.098248 - Find markers for: other
2024-09-08 01:06:04.129484 - Building Table
** Done! **

                           gene       logFC log.p.value    log.FDR  std.logFC
ENSG00000117280 ENSG00000117280 0.044028461  -10.753801 -1.0382103 0.11473681
ENSG00000112972 ENSG00000112972 0.087288205   -9.584365 -0.6885863 0.10688673
ENSG00000197181 ENSG00000197181 0.034155413   -8.553378 -0.6885863 0.09951261
ENSG00000102383 ENSG00000102383 0.065198825   -8.009275 -0.6885863 0.09541987
ENSG00000204007 ENSG00000204007 0.003870891   -7.963598 -0.6885863 0.09506929
ENSG00000129646 ENSG00000129646 0.052127045   -7.943105 -0.6885863 0.09491163
                cellType.target std.logFC.rank     std.logFC.anno
ENSG00000117280          random              1  std logFC = 0.115
ENSG00000112972          random              2  std logFC = 0.107
ENSG00000197181          random              3    std logFC = 0.1
ENSG00000102383          random              4  std logFC = 0.095
ENSG00000204007          random              5  std logFC = 0.095
ENSG00000129646          random              6  std logFC = 0.095
[1] 383
Running 1vALL Testing for up-regulated genes
2024-09-08 01:06:04.303536 - Find markers for: other
2024-09-08 01:06:08.144246 - Find markers for: random
2024-09-08 01:06:12.163171 - Building Table
** Done! **

                           gene       logFC log.p.value   log.FDR std.logFC
ENSG00000171431 ENSG00000171431 0.006657764  -11.374459 -1.658868 0.1188292
ENSG00000147697 ENSG00000147697 0.003252386  -10.226571 -1.616275 0.1113686
ENSG00000169906 ENSG00000169906 0.002596337  -10.126984 -1.616275 0.1107001
ENSG00000162006 ENSG00000162006 0.006094689   -9.945571 -1.616275 0.1094728
ENSG00000078246 ENSG00000078246 0.090409205   -9.611677 -1.505525 0.1071812
ENSG00000080618 ENSG00000080618 0.020915642   -9.321884 -1.398053 0.1051562
                cellType.target std.logFC.rank     std.logFC.anno
ENSG00000171431          random              1  std logFC = 0.119
ENSG00000147697          random              2  std logFC = 0.111
ENSG00000169906          random              3  std logFC = 0.111
ENSG00000162006          random              4  std logFC = 0.109
ENSG00000078246          random              5  std logFC = 0.107
ENSG00000080618          random              6  std logFC = 0.105
[1] 384
Running 1vALL Testing for up-regulated genes
2024-09-08 01:06:12.326869 - Find markers for: other
2024-09-08 01:06:16.35008 - Find markers for: random
2024-09-08 01:06:20.181424 - Building Table
** Done! **

                           gene       logFC log.p.value    log.FDR  std.logFC
ENSG00000157999 ENSG00000157999 0.011310856  -17.544787 -7.8291960 0.15235226
ENSG00000185480 ENSG00000185480 0.049284539  -12.473360 -3.4509167 0.12485849
ENSG00000125319 ENSG00000125319 0.011893975   -8.793786 -0.7536862 0.10078090
ENSG00000178338 ENSG00000178338 0.058378026   -8.705061 -0.7536862 0.10013696
ENSG00000188710 ENSG00000188710 0.001665561   -8.672753 -0.7536862 0.09990156
ENSG00000125510 ENSG00000125510 0.032381578   -8.530315 -0.7536862 0.09885790
                cellType.target std.logFC.rank     std.logFC.anno
ENSG00000157999          random              1  std logFC = 0.152
ENSG00000185480          random              2  std logFC = 0.125
ENSG00000125319          random              3  std logFC = 0.101
ENSG00000178338          random              4    std logFC = 0.1
ENSG00000188710          random              5    std logFC = 0.1
ENSG00000125510          random              6  std logFC = 0.099
[1] 385
Running 1vALL Testing for up-regulated genes
2024-09-08 01:06:20.352292 - Find markers for: random
2024-09-08 01:06:24.333531 - Find markers for: other
2024-09-08 01:06:28.327847 - Building Table
** Done! **

                           gene       logFC log.p.value    log.FDR  std.logFC
ENSG00000107014 ENSG00000107014 0.006361565   -9.253719 -0.4142439 0.10440104
ENSG00000165272 ENSG00000165272 0.004912594   -8.875892 -0.4142439 0.10170352
ENSG00000204421 ENSG00000204421 0.004935067   -8.793170 -0.4142439 0.10110444
ENSG00000166927 ENSG00000166927 0.033704977   -8.137678 -0.4142439 0.09624174
ENSG00000128340 ENSG00000128340 0.010050079   -7.903685 -0.4142439 0.09445299
ENSG00000213995 ENSG00000213995 0.054392016   -7.891204 -0.4142439 0.09435675
                cellType.target std.logFC.rank     std.logFC.anno
ENSG00000107014          random              1  std logFC = 0.104
ENSG00000165272          random              2  std logFC = 0.102
ENSG00000204421          random              3  std logFC = 0.101
ENSG00000166927          random              4  std logFC = 0.096
ENSG00000128340          random              5  std logFC = 0.094
ENSG00000213995          random              6  std logFC = 0.094
[1] 386
Running 1vALL Testing for up-regulated genes
2024-09-08 01:06:28.513725 - Find markers for: random
2024-09-08 01:06:32.527434 - Find markers for: other
2024-09-08 01:06:36.387255 - Building Table
** Done! **

                           gene       logFC log.p.value    log.FDR  std.logFC
ENSG00000006634 ENSG00000006634 0.052789719   -9.733976 -0.7167857 0.10771133
ENSG00000163126 ENSG00000163126 0.074204637   -9.350206 -0.7167857 0.10504916
ENSG00000166068 ENSG00000166068 0.132124172   -9.157744 -0.7167857 0.10369122
ENSG00000153786 ENSG00000153786 0.062251305   -9.046082 -0.7167857 0.10289609
ENSG00000175143 ENSG00000175143 0.003013992   -8.820300 -0.7141472 0.10127147
ENSG00000213901 ENSG00000213901 0.008640863   -8.479276 -0.6612354 0.09877304
                cellType.target std.logFC.rank     std.logFC.anno
ENSG00000006634          random              1  std logFC = 0.108
ENSG00000163126          random              2  std logFC = 0.105
ENSG00000166068          random              3  std logFC = 0.104
ENSG00000153786          random              4  std logFC = 0.103
ENSG00000175143          random              5  std logFC = 0.101
ENSG00000213901          random              6  std logFC = 0.099
[1] 387
Running 1vALL Testing for up-regulated genes
2024-09-08 01:06:36.558841 - Find markers for: other
2024-09-08 01:06:40.578221 - Find markers for: random
2024-09-08 01:06:44.520278 - Building Table
** Done! **

                           gene       logFC log.p.value    log.FDR  std.logFC
ENSG00000283267 ENSG00000283267 0.002775916   -9.457024 -0.9892627 0.10563291
ENSG00000100362 ENSG00000100362 0.005797101   -9.447131 -0.9892627 0.10556403
ENSG00000121933 ENSG00000121933 0.033437018   -9.319452 -0.9892627 0.10467148
ENSG00000176678 ENSG00000176678 0.005573851   -9.318559 -0.9892627 0.10466521
ENSG00000167851 ENSG00000167851 0.022730812   -8.849505 -0.7433520 0.10132634
ENSG00000127837 ENSG00000127837 0.047205574   -8.595176 -0.6713448 0.09947464
                cellType.target std.logFC.rank     std.logFC.anno
ENSG00000283267          random              1  std logFC = 0.106
ENSG00000100362          random              2  std logFC = 0.106
ENSG00000121933          random              3  std logFC = 0.105
ENSG00000176678          random              4  std logFC = 0.105
ENSG00000167851          random              5  std logFC = 0.101
ENSG00000127837          random              6  std logFC = 0.099
[1] 388
Running 1vALL Testing for up-regulated genes
2024-09-08 01:06:44.705254 - Find markers for: random
2024-09-08 01:06:48.620754 - Find markers for: other
2024-09-08 01:06:52.679792 - Building Table
** Done! **

                           gene       logFC log.p.value    log.FDR  std.logFC
ENSG00000173889 ENSG00000173889 0.130574550  -11.189802 -1.7448638 0.11740953
ENSG00000164113 ENSG00000164113 0.002479000  -10.767307 -1.7448638 0.11469487
ENSG00000089225 ENSG00000089225 0.005569237   -9.808937 -1.1919587 0.10831111
ENSG00000159248 ENSG00000159248 0.011725874   -8.836087 -0.7236229 0.10146696
ENSG00000181029 ENSG00000181029 0.047473840   -8.829775 -0.7236229 0.10142123
ENSG00000080166 ENSG00000080166 0.035882783   -8.573906 -0.7012855 0.09955148
                cellType.target std.logFC.rank     std.logFC.anno
ENSG00000173889          random              1  std logFC = 0.117
ENSG00000164113          random              2  std logFC = 0.115
ENSG00000089225          random              3  std logFC = 0.108
ENSG00000159248          random              4  std logFC = 0.101
ENSG00000181029          random              5  std logFC = 0.101
ENSG00000080166          random              6    std logFC = 0.1
[1] 389
Running 1vALL Testing for up-regulated genes
2024-09-08 01:06:52.848706 - Find markers for: other
2024-09-08 01:06:56.822609 - Find markers for: random
2024-09-08 01:07:00.769308 - Building Table
** Done! **

                           gene       logFC log.p.value   log.FDR std.logFC
ENSG00000006377 ENSG00000006377 0.048835668  -12.087328 -2.914507 0.1231366
ENSG00000132031 ENSG00000132031 0.008804977  -11.936950 -2.914507 0.1222158
ENSG00000124089 ENSG00000124089 0.006019141  -11.378289 -2.761311 0.1187384
ENSG00000174016 ENSG00000174016 0.009750374  -10.871774 -2.542478 0.1155037
ENSG00000135740 ENSG00000135740 0.069558897  -10.362695 -2.256542 0.1121681
ENSG00000066032 ENSG00000066032 0.241921448   -9.643544 -1.741038 0.1072979
                cellType.target std.logFC.rank     std.logFC.anno
ENSG00000006377          random              1  std logFC = 0.123
ENSG00000132031          random              2  std logFC = 0.122
ENSG00000124089          random              3  std logFC = 0.119
ENSG00000174016          random              4  std logFC = 0.116
ENSG00000135740          random              5  std logFC = 0.112
ENSG00000066032          random              6  std logFC = 0.107
[1] 390
Running 1vALL Testing for up-regulated genes
2024-09-08 01:07:00.958226 - Find markers for: other
2024-09-08 01:07:04.919029 - Find markers for: random
2024-09-08 01:07:08.897313 - Building Table
** Done! **

                           gene      logFC log.p.value    log.FDR std.logFC
ENSG00000010671 ENSG00000010671 0.03127762  -16.994150 -7.2785593 0.1493808
ENSG00000122122 ENSG00000122122 0.01907390  -11.967141 -2.9446977 0.1216282
ENSG00000102034 ENSG00000102034 0.02643770  -10.497043 -1.8800645 0.1123430
ENSG00000153060 ENSG00000153060 0.01669447   -9.827142 -1.4978454 0.1078742
ENSG00000156466 ENSG00000156466 0.01093027   -9.173908 -1.0677555 0.1033512
ENSG00000167291 ENSG00000167291 0.07476979   -8.912916 -0.9890849 0.1014942
                cellType.target std.logFC.rank     std.logFC.anno
ENSG00000010671          random              1  std logFC = 0.149
ENSG00000122122          random              2  std logFC = 0.122
ENSG00000102034          random              3  std logFC = 0.112
ENSG00000153060          random              4  std logFC = 0.108
ENSG00000156466          random              5  std logFC = 0.103
ENSG00000167291          random              6  std logFC = 0.101
[1] 391
Running 1vALL Testing for up-regulated genes
2024-09-08 01:07:09.071683 - Find markers for: other
2024-09-08 01:07:12.958848 - Find markers for: random
2024-09-08 01:07:16.860517 - Building Table
** Done! **

                           gene       logFC log.p.value    log.FDR std.logFC
ENSG00000186510 ENSG00000186510 0.007183569  -12.180938 -2.4653476 0.1231940
ENSG00000233493 ENSG00000233493 0.021092745  -11.039884 -2.0174411 0.1161032
ENSG00000165527 ENSG00000165527 0.030880341  -10.396757 -1.7797792 0.1119283
ENSG00000183269 ENSG00000183269 0.002518085   -9.327499 -0.9982032 0.1046586
ENSG00000171368 ENSG00000171368 0.103554051   -8.752728 -0.7085827 0.1005586
ENSG00000204021 ENSG00000204021 0.003127477   -8.571559 -0.7085827 0.0992354
                cellType.target std.logFC.rank     std.logFC.anno
ENSG00000186510          random              1  std logFC = 0.123
ENSG00000233493          random              2  std logFC = 0.116
ENSG00000165527          random              3  std logFC = 0.112
ENSG00000183269          random              4  std logFC = 0.105
ENSG00000171368          random              5  std logFC = 0.101
ENSG00000204021          random              6  std logFC = 0.099
[1] 392
Running 1vALL Testing for up-regulated genes
2024-09-08 01:07:17.028672 - Find markers for: other
2024-09-08 01:07:20.946208 - Find markers for: random
2024-09-08 01:07:24.920202 - Building Table
** Done! **

                           gene      logFC log.p.value    log.FDR std.logFC
ENSG00000213937 ENSG00000213937 0.01105140   -9.097704 -0.7935633 0.1041617
ENSG00000198754 ENSG00000198754 0.01276204   -8.775087 -0.7935633 0.1018205
ENSG00000158315 ENSG00000158315 0.07217424   -8.685567 -0.7935633 0.1011624
ENSG00000163867 ENSG00000163867 0.08305426   -8.648259 -0.7935633 0.1008870
ENSG00000012124 ENSG00000012124 0.12569048   -8.577227 -0.7935633 0.1003609
ENSG00000048471 ENSG00000048471 0.13087251   -8.569379 -0.7935633 0.1003026
                cellType.target std.logFC.rank     std.logFC.anno
ENSG00000213937          random              1  std logFC = 0.104
ENSG00000198754          random              2  std logFC = 0.102
ENSG00000158315          random              3  std logFC = 0.101
ENSG00000163867          random              4  std logFC = 0.101
ENSG00000012124          random              5    std logFC = 0.1
ENSG00000048471          random              6    std logFC = 0.1
[1] 393
Running 1vALL Testing for up-regulated genes
2024-09-08 01:07:25.09136 - Find markers for: other
2024-09-08 01:07:28.94554 - Find markers for: random
2024-09-08 01:07:32.984282 - Building Table
** Done! **

                           gene       logFC log.p.value   log.FDR std.logFC
ENSG00000186625 ENSG00000186625 0.078058595  -12.261077 -2.545486 0.1237900
ENSG00000176294 ENSG00000176294 0.009461605  -11.448496 -2.426053 0.1187941
ENSG00000124279 ENSG00000124279 0.032921212  -10.713947 -2.199864 0.1141078
ENSG00000177272 ENSG00000177272 0.015128445  -10.529160 -2.199864 0.1129013
ENSG00000175820 ENSG00000175820 0.012628305  -10.052144 -1.945991 0.1097317
ENSG00000126266 ENSG00000126266 0.019870680   -9.752535 -1.828704 0.1076983
                cellType.target std.logFC.rank     std.logFC.anno
ENSG00000186625          random              1  std logFC = 0.124
ENSG00000176294          random              2  std logFC = 0.119
ENSG00000124279          random              3  std logFC = 0.114
ENSG00000177272          random              4  std logFC = 0.113
ENSG00000175820          random              5   std logFC = 0.11
ENSG00000126266          random              6  std logFC = 0.108
[1] 394
Running 1vALL Testing for up-regulated genes
2024-09-08 01:07:33.165606 - Find markers for: other
2024-09-08 01:07:37.19404 - Find markers for: random
2024-09-08 01:07:41.150485 - Building Table
** Done! **

                           gene       logFC log.p.value    log.FDR  std.logFC
ENSG00000118655 ENSG00000118655 0.019179585   -9.959820 -0.2901987 0.10934008
ENSG00000184012 ENSG00000184012 0.008576992   -8.476444 -0.2901987 0.09883271
ENSG00000188295 ENSG00000188295 0.027353012   -8.431498 -0.2901987 0.09849892
ENSG00000173401 ENSG00000173401 0.021922480   -7.675150 -0.2901987 0.09272543
ENSG00000155849 ENSG00000155849 0.192209857   -7.651470 -0.2901987 0.09253962
ENSG00000118972 ENSG00000118972 0.004889470   -7.623292 -0.2901987 0.09231810
                cellType.target std.logFC.rank     std.logFC.anno
ENSG00000118655          random              1  std logFC = 0.109
ENSG00000184012          random              2  std logFC = 0.099
ENSG00000188295          random              3  std logFC = 0.098
ENSG00000173401          random              4  std logFC = 0.093
ENSG00000155849          random              5  std logFC = 0.093
ENSG00000118972          random              6  std logFC = 0.092
[1] 395
Running 1vALL Testing for up-regulated genes
2024-09-08 01:07:41.321704 - Find markers for: other
2024-09-08 01:07:45.149949 - Find markers for: random
2024-09-08 01:07:49.005521 - Building Table
** Done! **

                           gene       logFC log.p.value   log.FDR std.logFC
ENSG00000135677 ENSG00000135677 0.094355889  -12.791886 -3.076296 0.1271249
ENSG00000164532 ENSG00000164532 0.003835503  -10.690928 -1.668485 0.1141093
ENSG00000135114 ENSG00000135114 0.009868650  -10.266456 -1.649478 0.1113133
ENSG00000175857 ENSG00000175857 0.007896533   -9.780729 -1.451433 0.1080343
ENSG00000166669 ENSG00000166669 0.109987571   -9.479670 -1.373518 0.1059565
ENSG00000283980 ENSG00000283980 0.002328246   -9.263917 -1.372990 0.1044448
                cellType.target std.logFC.rank     std.logFC.anno
ENSG00000135677          random              1  std logFC = 0.127
ENSG00000164532          random              2  std logFC = 0.114
ENSG00000135114          random              3  std logFC = 0.111
ENSG00000175857          random              4  std logFC = 0.108
ENSG00000166669          random              5  std logFC = 0.106
ENSG00000283980          random              6  std logFC = 0.104
[1] 396
Running 1vALL Testing for up-regulated genes
2024-09-08 01:07:49.195548 - Find markers for: other
2024-09-08 01:07:53.18027 - Find markers for: random
2024-09-08 01:07:57.14791 - Building Table
** Done! **

                           gene       logFC log.p.value    log.FDR  std.logFC
ENSG00000221836 ENSG00000221836 0.004995310  -13.953231 -4.2376407 0.13428172
ENSG00000181323 ENSG00000181323 0.003688008  -12.043599 -3.0211560 0.12305588
ENSG00000174429 ENSG00000174429 0.002138758   -9.279509 -0.8379622 0.10491474
ENSG00000146232 ENSG00000146232 0.014625863   -9.167258 -0.8379622 0.10411854
ENSG00000198435 ENSG00000198435 0.026409029   -8.127844 -0.4223142 0.09647228
ENSG00000249158 ENSG00000249158 0.013335172   -8.096383 -0.4223142 0.09623254
                cellType.target std.logFC.rank     std.logFC.anno
ENSG00000221836          random              1  std logFC = 0.134
ENSG00000181323          random              2  std logFC = 0.123
ENSG00000174429          random              3  std logFC = 0.105
ENSG00000146232          random              4  std logFC = 0.104
ENSG00000198435          random              5  std logFC = 0.096
ENSG00000249158          random              6  std logFC = 0.096
[1] 397
Running 1vALL Testing for up-regulated genes
2024-09-08 01:07:57.314778 - Find markers for: random
2024-09-08 01:08:01.187007 - Find markers for: other
2024-09-08 01:08:05.187936 - Building Table
** Done! **

                           gene        logFC log.p.value    log.FDR  std.logFC
ENSG00000112333 ENSG00000112333 0.0290743743  -10.057825 -0.5512377 0.10963473
ENSG00000096696 ENSG00000096696 0.0166028644   -8.576091 -0.5512377 0.09923613
ENSG00000170442 ENSG00000170442 0.0116955189   -8.323158 -0.5512377 0.09736349
ENSG00000132677 ENSG00000132677 0.0035606303   -8.286184 -0.5512377 0.09708709
ENSG00000147813 ENSG00000147813 0.0308566260   -8.083408 -0.5512377 0.09555881
ENSG00000170929 ENSG00000170929 0.0007345502   -7.973640 -0.5512377 0.09472254
                cellType.target std.logFC.rank     std.logFC.anno
ENSG00000112333          random              1   std logFC = 0.11
ENSG00000096696          random              2  std logFC = 0.099
ENSG00000170442          random              3  std logFC = 0.097
ENSG00000132677          random              4  std logFC = 0.097
ENSG00000147813          random              5  std logFC = 0.096
ENSG00000170929          random              6  std logFC = 0.095
[1] 398
Running 1vALL Testing for up-regulated genes
2024-09-08 01:08:05.3639 - Find markers for: other
2024-09-08 01:08:09.255759 - Find markers for: random
2024-09-08 01:08:13.202251 - Building Table
** Done! **

                           gene       logFC log.p.value   log.FDR std.logFC
ENSG00000131059 ENSG00000131059 0.002841509  -10.808182 -1.605548 0.1144840
ENSG00000147889 ENSG00000147889 0.028433146  -10.617688 -1.605548 0.1132486
ENSG00000172061 ENSG00000172061 0.005402950  -10.222526 -1.605548 0.1106464
ENSG00000123473 ENSG00000123473 0.031421160   -9.790971 -1.575110 0.1077402
ENSG00000180318 ENSG00000180318 0.005911920   -9.555382 -1.575110 0.1061238
ENSG00000167779 ENSG00000167779 0.021825457   -9.498942 -1.575110 0.1057333
                cellType.target std.logFC.rank     std.logFC.anno
ENSG00000131059          random              1  std logFC = 0.114
ENSG00000147889          random              2  std logFC = 0.113
ENSG00000172061          random              3  std logFC = 0.111
ENSG00000123473          random              4  std logFC = 0.108
ENSG00000180318          random              5  std logFC = 0.106
ENSG00000167779          random              6  std logFC = 0.106
[1] 399
Running 1vALL Testing for up-regulated genes
2024-09-08 01:08:13.374285 - Find markers for: other
2024-09-08 01:08:17.263315 - Find markers for: random
2024-09-08 01:08:21.367086 - Building Table
** Done! **

                           gene      logFC log.p.value   log.FDR std.logFC
ENSG00000167552 ENSG00000167552 0.15604845  -12.796046 -3.080455 0.1276049
ENSG00000180929 ENSG00000180929 0.04086723  -11.878155 -2.855712 0.1220558
ENSG00000129757 ENSG00000129757 0.07826152  -10.432598 -2.003715 0.1128178
ENSG00000181019 ENSG00000181019 0.03400772  -10.333011 -2.003715 0.1121561
ENSG00000150510 ENSG00000150510 0.13201569   -9.624870 -1.518717 0.1073462
ENSG00000001460 ENSG00000001460 0.07374807   -9.213271 -1.434379 0.1044599
                cellType.target std.logFC.rank     std.logFC.anno
ENSG00000167552          random              1  std logFC = 0.128
ENSG00000180929          random              2  std logFC = 0.122
ENSG00000129757          random              3  std logFC = 0.113
ENSG00000181019          random              4  std logFC = 0.112
ENSG00000150510          random              5  std logFC = 0.107
ENSG00000001460          random              6  std logFC = 0.104
[1] 400
Running 1vALL Testing for up-regulated genes
2024-09-08 01:08:21.550088 - Find markers for: random
2024-09-08 01:08:25.571109 - Find markers for: other
2024-09-08 01:08:29.622197 - Building Table
** Done! **

                           gene      logFC log.p.value   log.FDR std.logFC
ENSG00000179008 ENSG00000179008 0.06837825   -11.72364 -3.164058 0.1211083
ENSG00000106100 ENSG00000106100 0.05371941   -11.67995 -3.164058 0.1208365
ENSG00000142910 ENSG00000142910 0.01784988   -11.53613 -3.164058 0.1199377
ENSG00000257987 ENSG00000257987 0.01082638   -11.49335 -3.164058 0.1196692
ENSG00000172724 ENSG00000172724 0.01029490   -10.20354 -2.136490 0.1112993
ENSG00000115596 ENSG00000115596 0.02030114    -9.91766 -2.136490 0.1093663
                cellType.target std.logFC.rank     std.logFC.anno
ENSG00000179008          random              1  std logFC = 0.121
ENSG00000106100          random              2  std logFC = 0.121
ENSG00000142910          random              3   std logFC = 0.12
ENSG00000257987          random              4   std logFC = 0.12
ENSG00000172724          random              5  std logFC = 0.111
ENSG00000115596          random              6  std logFC = 0.109
[1] 401
Running 1vALL Testing for up-regulated genes
2024-09-08 01:08:29.807478 - Find markers for: other
2024-09-08 01:08:33.888917 - Find markers for: random
2024-09-08 01:08:37.944681 - Building Table
** Done! **

                           gene       logFC log.p.value    log.FDR  std.logFC
ENSG00000188162 ENSG00000188162 0.009167855  -10.323603 -0.6080126 0.11104634
ENSG00000148225 ENSG00000148225 0.061677473   -8.961243 -0.3806482 0.10169821
ENSG00000167005 ENSG00000167005 0.073474439   -8.798336 -0.3806482 0.10052889
ENSG00000005483 ENSG00000005483 0.113227916   -8.570339 -0.3806482 0.09887191
ENSG00000107831 ENSG00000107831 0.009672821   -8.486801 -0.3806482 0.09825864
ENSG00000160803 ENSG00000160803 0.042408387   -7.884929 -0.3408959 0.09373670
                cellType.target std.logFC.rank     std.logFC.anno
ENSG00000188162          random              1  std logFC = 0.111
ENSG00000148225          random              2  std logFC = 0.102
ENSG00000167005          random              3  std logFC = 0.101
ENSG00000005483          random              4  std logFC = 0.099
ENSG00000107831          random              5  std logFC = 0.098
ENSG00000160803          random              6  std logFC = 0.094
[1] 402
Running 1vALL Testing for up-regulated genes
2024-09-08 01:08:38.129671 - Find markers for: other
2024-09-08 01:08:42.04349 - Find markers for: random
2024-09-08 01:08:46.141826 - Building Table
** Done! **

                           gene       logFC log.p.value    log.FDR std.logFC
ENSG00000162739 ENSG00000162739 0.008712976  -10.639092 -0.9235018 0.1138627
ENSG00000172345 ENSG00000172345 0.016444356   -9.335723 -0.8919823 0.1050345
ENSG00000213424 ENSG00000213424 0.051099752   -9.279072 -0.8919823 0.1046357
ENSG00000143369 ENSG00000143369 0.026396095   -9.048270 -0.8919823 0.1029970
ENSG00000137203 ENSG00000137203 0.006720346   -8.998135 -0.8919823 0.1026380
ENSG00000171421 ENSG00000171421 0.028095356   -8.551988 -0.7470081 0.0993927
                cellType.target std.logFC.rank     std.logFC.anno
ENSG00000162739          random              1  std logFC = 0.114
ENSG00000172345          random              2  std logFC = 0.105
ENSG00000213424          random              3  std logFC = 0.105
ENSG00000143369          random              4  std logFC = 0.103
ENSG00000137203          random              5  std logFC = 0.103
ENSG00000171421          random              6  std logFC = 0.099
[1] 403
Running 1vALL Testing for up-regulated genes
2024-09-08 01:08:46.322489 - Find markers for: other
2024-09-08 01:08:50.351771 - Find markers for: random
2024-09-08 01:08:54.30127 - Building Table
** Done! **

                           gene       logFC log.p.value    log.FDR std.logFC
ENSG00000112246 ENSG00000112246 0.009333419  -10.765608 -1.5019474 0.1145335
ENSG00000138386 ENSG00000138386 0.096705239  -10.524391 -1.5019474 0.1129592
ENSG00000211817 ENSG00000211817 0.001380228   -9.644671 -1.2016139 0.1070423
ENSG00000100593 ENSG00000100593 0.025347168   -9.530910 -1.2016139 0.1062557
ENSG00000213999 ENSG00000213999 0.049547513   -9.005036 -0.9290524 0.1025500
ENSG00000206199 ENSG00000206199 0.074480721   -8.794406 -0.9290524 0.1010320
                cellType.target std.logFC.rank     std.logFC.anno
ENSG00000112246          random              1  std logFC = 0.115
ENSG00000138386          random              2  std logFC = 0.113
ENSG00000211817          random              3  std logFC = 0.107
ENSG00000100593          random              4  std logFC = 0.106
ENSG00000213999          random              5  std logFC = 0.103
ENSG00000206199          random              6  std logFC = 0.101
[1] 404
Running 1vALL Testing for up-regulated genes
2024-09-08 01:08:54.484778 - Find markers for: random
2024-09-08 01:08:58.434615 - Find markers for: other
2024-09-08 01:09:02.434463 - Building Table
** Done! **

                           gene       logFC log.p.value    log.FDR  std.logFC
ENSG00000125319 ENSG00000125319 0.015931906  -14.217267 -4.5016764 0.13507094
ENSG00000124253 ENSG00000124253 0.010759826   -9.516475 -0.5709867 0.10603212
ENSG00000182612 ENSG00000182612 0.015417113   -9.187965 -0.5709867 0.10373161
ENSG00000131059 ENSG00000131059 0.002436458   -8.416237 -0.5378143 0.09814059
ENSG00000159224 ENSG00000159224 0.004808567   -8.321927 -0.5378143 0.09743802
ENSG00000204740 ENSG00000204740 0.095871006   -8.200467 -0.5378143 0.09652658
                cellType.target std.logFC.rank     std.logFC.anno
ENSG00000125319          random              1  std logFC = 0.135
ENSG00000124253          random              2  std logFC = 0.106
ENSG00000182612          random              3  std logFC = 0.104
ENSG00000131059          random              4  std logFC = 0.098
ENSG00000159224          random              5  std logFC = 0.097
ENSG00000204740          random              6  std logFC = 0.097
[1] 405
Running 1vALL Testing for up-regulated genes
2024-09-08 01:09:02.6082 - Find markers for: other
2024-09-08 01:09:06.543846 - Find markers for: random
2024-09-08 01:09:10.484977 - Building Table
** Done! **

                           gene       logFC log.p.value   log.FDR std.logFC
ENSG00000180083 ENSG00000180083 0.004788156  -12.369093 -3.080516 0.1245361
ENSG00000164626 ENSG00000164626 0.003835028  -11.986912 -3.080516 0.1222192
ENSG00000197953 ENSG00000197953 0.007339316  -11.697494 -3.080516 0.1204377
ENSG00000168158 ENSG00000168158 0.005214846  -10.342452 -2.013156 0.1117563
ENSG00000132003 ENSG00000132003 0.040285719   -9.732752 -1.745949 0.1076456
ENSG00000076555 ENSG00000076555 0.112904888   -9.669780 -1.745949 0.1072131
                cellType.target std.logFC.rank     std.logFC.anno
ENSG00000180083          random              1  std logFC = 0.125
ENSG00000164626          random              2  std logFC = 0.122
ENSG00000197953          random              3   std logFC = 0.12
ENSG00000168158          random              4  std logFC = 0.112
ENSG00000132003          random              5  std logFC = 0.108
ENSG00000076555          random              6  std logFC = 0.107
[1] 406
Running 1vALL Testing for up-regulated genes
2024-09-08 01:09:10.657957 - Find markers for: other
2024-09-08 01:09:14.664079 - Find markers for: random
2024-09-08 01:09:18.526078 - Building Table
** Done! **

                           gene       logFC log.p.value    log.FDR std.logFC
ENSG00000143867 ENSG00000143867 0.006139765  -11.519358 -2.4671887 0.1196139
ENSG00000166152 ENSG00000166152 0.002836353  -11.489632 -2.4671887 0.1194276
ENSG00000174109 ENSG00000174109 0.022052943  -11.028843 -2.4118649 0.1165045
ENSG00000168447 ENSG00000168447 0.008670883   -9.180744 -0.8514483 0.1040468
ENSG00000124334 ENSG00000124334 0.006325461   -8.910592 -0.8044398 0.1021128
ENSG00000175489 ENSG00000175489 0.007403882   -8.678162 -0.7543310 0.1004226
                cellType.target std.logFC.rank     std.logFC.anno
ENSG00000143867          random              1   std logFC = 0.12
ENSG00000166152          random              2  std logFC = 0.119
ENSG00000174109          random              3  std logFC = 0.117
ENSG00000168447          random              4  std logFC = 0.104
ENSG00000124334          random              5  std logFC = 0.102
ENSG00000175489          random              6    std logFC = 0.1
[1] 407
Running 1vALL Testing for up-regulated genes
2024-09-08 01:09:18.70578 - Find markers for: other
2024-09-08 01:09:22.681405 - Find markers for: random
2024-09-08 01:09:26.581488 - Building Table
** Done! **

                           gene       logFC log.p.value    log.FDR  std.logFC
ENSG00000121236 ENSG00000121236 0.015296257  -11.088356 -1.3727657 0.11624947
ENSG00000148153 ENSG00000148153 0.075420298  -10.295930 -1.3388010 0.11110528
ENSG00000197632 ENSG00000197632 0.001762982   -9.735987 -1.3388010 0.10733726
ENSG00000184005 ENSG00000184005 0.187096227   -9.668097 -1.3388010 0.10687234
ENSG00000188313 ENSG00000188313 0.064720929   -8.857067 -0.7509140 0.10117201
ENSG00000198851 ENSG00000198851 0.004272094   -8.298189 -0.5774058 0.09707273
                cellType.target std.logFC.rank     std.logFC.anno
ENSG00000121236          random              1  std logFC = 0.116
ENSG00000148153          random              2  std logFC = 0.111
ENSG00000197632          random              3  std logFC = 0.107
ENSG00000184005          random              4  std logFC = 0.107
ENSG00000188313          random              5  std logFC = 0.101
ENSG00000198851          random              6  std logFC = 0.097
[1] 408
Running 1vALL Testing for up-regulated genes
2024-09-08 01:09:26.757382 - Find markers for: other
2024-09-08 01:09:30.869715 - Find markers for: random
2024-09-08 01:09:35.027765 - Building Table
** Done! **

                           gene      logFC log.p.value   log.FDR std.logFC
ENSG00000176170 ENSG00000176170 0.01238384  -12.065299 -3.343347 0.1220891
ENSG00000183779 ENSG00000183779 0.03187355  -11.962054 -3.343347 0.1214616
ENSG00000244617 ENSG00000244617 0.02396630  -11.960325 -3.343347 0.1214511
ENSG00000041802 ENSG00000041802 0.06790147  -10.717392 -2.388096 0.1136515
ENSG00000182704 ENSG00000182704 0.01354662  -10.158648 -2.052495 0.1099833
ENSG00000121966 ENSG00000121966 0.02318137   -9.784621 -1.860790 0.1074651
                cellType.target std.logFC.rank     std.logFC.anno
ENSG00000176170          random              1  std logFC = 0.122
ENSG00000183779          random              2  std logFC = 0.121
ENSG00000244617          random              3  std logFC = 0.121
ENSG00000041802          random              4  std logFC = 0.114
ENSG00000182704          random              5   std logFC = 0.11
ENSG00000121966          random              6  std logFC = 0.107
[1] 409
Running 1vALL Testing for up-regulated genes
2024-09-08 01:09:35.21608 - Find markers for: random
2024-09-08 01:09:39.122045 - Find markers for: other
2024-09-08 01:09:43.281582 - Building Table
** Done! **

                           gene       logFC log.p.value    log.FDR  std.logFC
ENSG00000180549 ENSG00000180549 0.005170783  -10.881240 -1.1656492 0.11515422
ENSG00000132912 ENSG00000132912 0.098239423   -9.602485 -0.9832154 0.10663355
ENSG00000188112 ENSG00000188112 0.013615559   -9.600194 -0.9832154 0.10661774
ENSG00000244588 ENSG00000244588 0.013419893   -8.851219 -0.6466278 0.10133158
ENSG00000137288 ENSG00000137288 0.067433965   -8.752780 -0.6466278 0.10061857
ENSG00000110628 ENSG00000110628 0.016755809   -8.540232 -0.6164009 0.09906362
                cellType.target std.logFC.rank     std.logFC.anno
ENSG00000180549          random              1  std logFC = 0.115
ENSG00000132912          random              2  std logFC = 0.107
ENSG00000188112          random              3  std logFC = 0.107
ENSG00000244588          random              4  std logFC = 0.101
ENSG00000137288          random              5  std logFC = 0.101
ENSG00000110628          random              6  std logFC = 0.099
[1] 410
Running 1vALL Testing for up-regulated genes
2024-09-08 01:09:43.465774 - Find markers for: random
2024-09-08 01:09:47.630974 - Find markers for: other
2024-09-08 01:09:51.525342 - Building Table
** Done! **

                           gene       logFC log.p.value   log.FDR std.logFC
ENSG00000197249 ENSG00000197249 0.011572222   -13.23369 -3.518104 0.1306109
ENSG00000187714 ENSG00000187714 0.011342872   -11.40840 -2.892916 0.1195246
ENSG00000197580 ENSG00000197580 0.108428613   -11.27124 -2.892916 0.1186536
ENSG00000135549 ENSG00000135549 0.064677891   -11.22221 -2.892916 0.1183408
ENSG00000071203 ENSG00000071203 0.001754826   -10.98166 -2.875509 0.1167952
ENSG00000033100 ENSG00000033100 0.035355906    -9.60714 -1.683309 0.1075829
                cellType.target std.logFC.rank     std.logFC.anno
ENSG00000197249          random              1  std logFC = 0.131
ENSG00000187714          random              2   std logFC = 0.12
ENSG00000197580          random              3  std logFC = 0.119
ENSG00000135549          random              4  std logFC = 0.118
ENSG00000071203          random              5  std logFC = 0.117
ENSG00000033100          random              6  std logFC = 0.108
[1] 411
Running 1vALL Testing for up-regulated genes
2024-09-08 01:09:51.706099 - Find markers for: other
2024-09-08 01:09:55.741361 - Find markers for: random
2024-09-08 01:09:59.622795 - Building Table
** Done! **

                           gene       logFC log.p.value   log.FDR std.logFC
ENSG00000171223 ENSG00000171223 0.106625703  -13.946871 -4.231280 0.1337320
ENSG00000153266 ENSG00000153266 0.023946986  -11.221373 -2.596635 0.1174722
ENSG00000198435 ENSG00000198435 0.032134108  -11.213613 -2.596635 0.1174230
ENSG00000278828 ENSG00000278828 0.005377859   -9.502907 -1.551797 0.1060760
ENSG00000105664 ENSG00000105664 0.004868675   -9.321982 -1.551797 0.1048119
ENSG00000137975 ENSG00000137975 0.008537887   -9.298308 -1.551797 0.1046455
                cellType.target std.logFC.rank     std.logFC.anno
ENSG00000171223          random              1  std logFC = 0.134
ENSG00000153266          random              2  std logFC = 0.117
ENSG00000198435          random              3  std logFC = 0.117
ENSG00000278828          random              4  std logFC = 0.106
ENSG00000105664          random              5  std logFC = 0.105
ENSG00000137975          random              6  std logFC = 0.105
[1] 412
Running 1vALL Testing for up-regulated genes
2024-09-08 01:09:59.802191 - Find markers for: other
2024-09-08 01:10:03.80575 - Find markers for: random
2024-09-08 01:10:07.877782 - Building Table
** Done! **

                           gene       logFC log.p.value   log.FDR std.logFC
ENSG00000174004 ENSG00000174004 0.009646413  -10.634658 -1.921945 0.1137107
ENSG00000275832 ENSG00000275832 0.134067666  -10.587556 -1.921945 0.1134027
ENSG00000033327 ENSG00000033327 0.179944964  -10.384386 -1.921945 0.1120653
ENSG00000137124 ENSG00000137124 0.014081579   -9.982692 -1.921945 0.1093780
ENSG00000128594 ENSG00000128594 0.046669464   -9.874695 -1.921945 0.1086454
ENSG00000164086 ENSG00000164086 0.046964964   -9.845776 -1.921945 0.1084484
                cellType.target std.logFC.rank     std.logFC.anno
ENSG00000174004          random              1  std logFC = 0.114
ENSG00000275832          random              2  std logFC = 0.113
ENSG00000033327          random              3  std logFC = 0.112
ENSG00000137124          random              4  std logFC = 0.109
ENSG00000128594          random              5  std logFC = 0.109
ENSG00000164086          random              6  std logFC = 0.108
[1] 413
Running 1vALL Testing for up-regulated genes
2024-09-08 01:10:08.070322 - Find markers for: other
2024-09-08 01:10:12.20183 - Find markers for: random
2024-09-08 01:10:16.301731 - Building Table
** Done! **

                           gene       logFC log.p.value   log.FDR std.logFC
ENSG00000152611 ENSG00000152611 0.047281731   -9.231843 -1.151905 0.1044694
ENSG00000188523 ENSG00000188523 0.060841200   -8.894122 -1.151905 0.1020529
ENSG00000175183 ENSG00000175183 0.042727112   -8.888111 -1.151905 0.1020094
ENSG00000173610 ENSG00000173610 0.001312948   -8.830872 -1.151905 0.1015946
ENSG00000230873 ENSG00000230873 0.023885988   -8.799880 -1.151905 0.1013694
ENSG00000139926 ENSG00000139926 0.082149863   -8.721066 -1.151905 0.1007947
                cellType.target std.logFC.rank     std.logFC.anno
ENSG00000152611          random              1  std logFC = 0.104
ENSG00000188523          random              2  std logFC = 0.102
ENSG00000175183          random              3  std logFC = 0.102
ENSG00000173610          random              4  std logFC = 0.102
ENSG00000230873          random              5  std logFC = 0.101
ENSG00000139926          random              6  std logFC = 0.101
[1] 414
Running 1vALL Testing for up-regulated genes
2024-09-08 01:10:16.475172 - Find markers for: other
2024-09-08 01:10:20.563602 - Find markers for: random
2024-09-08 01:10:24.685362 - Building Table
** Done! **

                           gene       logFC log.p.value    log.FDR  std.logFC
ENSG00000109956 ENSG00000109956 0.118344297   -9.633335 -0.7474001 0.10716664
ENSG00000155890 ENSG00000155890 0.001609911   -9.331395 -0.7474001 0.10506196
ENSG00000115607 ENSG00000115607 0.002297011   -8.957498 -0.7474001 0.10240257
ENSG00000139192 ENSG00000139192 0.029251249   -8.919249 -0.7474001 0.10212707
ENSG00000257057 ENSG00000257057 0.021550227   -8.698189 -0.7474001 0.10052174
ENSG00000077254 ENSG00000077254 0.109463924   -8.447926 -0.7474001 0.09867661
                cellType.target std.logFC.rank     std.logFC.anno
ENSG00000109956          random              1  std logFC = 0.107
ENSG00000155890          random              2  std logFC = 0.105
ENSG00000115607          random              3  std logFC = 0.102
ENSG00000139192          random              4  std logFC = 0.102
ENSG00000257057          random              5  std logFC = 0.101
ENSG00000077254          random              6  std logFC = 0.099
[1] 415
Running 1vALL Testing for up-regulated genes
2024-09-08 01:10:24.880155 - Find markers for: other
2024-09-08 01:10:28.819644 - Find markers for: random
2024-09-08 01:10:32.859623 - Building Table
** Done! **

                           gene       logFC log.p.value    log.FDR  std.logFC
ENSG00000034971 ENSG00000034971 0.003897859   -9.865627 -0.3397141 0.10837595
ENSG00000174016 ENSG00000174016 0.008733159   -9.153343 -0.3397141 0.10343552
ENSG00000084693 ENSG00000084693 0.045829293   -8.870443 -0.3397141 0.10141418
ENSG00000141736 ENSG00000141736 0.041975983   -8.282350 -0.3397141 0.09709398
ENSG00000124151 ENSG00000124151 0.102007542   -8.027876 -0.3397141 0.09517143
ENSG00000164049 ENSG00000164049 0.026474436   -8.012335 -0.3397141 0.09505292
                cellType.target std.logFC.rank     std.logFC.anno
ENSG00000034971          random              1  std logFC = 0.108
ENSG00000174016          random              2  std logFC = 0.103
ENSG00000084693          random              3  std logFC = 0.101
ENSG00000141736          random              4  std logFC = 0.097
ENSG00000124151          random              5  std logFC = 0.095
ENSG00000164049          random              6  std logFC = 0.095
[1] 416
Running 1vALL Testing for up-regulated genes
2024-09-08 01:10:33.057906 - Find markers for: other
2024-09-08 01:10:37.117251 - Find markers for: random
2024-09-08 01:10:41.108014 - Building Table
** Done! **

                           gene       logFC log.p.value   log.FDR std.logFC
ENSG00000113905 ENSG00000113905 0.003400797  -11.977157 -2.261567 0.1220022
ENSG00000144395 ENSG00000144395 0.048267265  -10.894555 -1.872112 0.1152161
ENSG00000197506 ENSG00000197506 0.020780939   -9.760431 -1.202327 0.1076964
ENSG00000177938 ENSG00000177938 0.001330695   -9.531623 -1.202327 0.1061216
ENSG00000184647 ENSG00000184647 0.014592756   -9.030650 -1.067364 0.1025987
ENSG00000127129 ENSG00000127129 0.008177554   -8.991195 -1.067364 0.1023167
                cellType.target std.logFC.rank     std.logFC.anno
ENSG00000113905          random              1  std logFC = 0.122
ENSG00000144395          random              2  std logFC = 0.115
ENSG00000197506          random              3  std logFC = 0.108
ENSG00000177938          random              4  std logFC = 0.106
ENSG00000184647          random              5  std logFC = 0.103
ENSG00000127129          random              6  std logFC = 0.102
[1] 417
Running 1vALL Testing for up-regulated genes
2024-09-08 01:10:41.281682 - Find markers for: other
2024-09-08 01:10:45.118648 - Find markers for: random
2024-09-08 01:10:48.966069 - Building Table
** Done! **

                           gene       logFC log.p.value    log.FDR  std.logFC
ENSG00000183864 ENSG00000183864 0.101604919   -9.835917 -1.0983799 0.10863762
ENSG00000180233 ENSG00000180233 0.101075389   -9.761169 -1.0983799 0.10812561
ENSG00000102854 ENSG00000102854 0.004478244   -9.527137 -1.0983799 0.10650836
ENSG00000204389 ENSG00000204389 0.119266661   -9.427676 -1.0983799 0.10581438
ENSG00000174600 ENSG00000174600 0.033065153   -8.289918 -0.4761361 0.09756709
ENSG00000197599 ENSG00000197599 0.032415026   -8.158623 -0.4761361 0.09657564
                cellType.target std.logFC.rank     std.logFC.anno
ENSG00000183864          random              1  std logFC = 0.109
ENSG00000180233          random              2  std logFC = 0.108
ENSG00000102854          random              3  std logFC = 0.107
ENSG00000204389          random              4  std logFC = 0.106
ENSG00000174600          random              5  std logFC = 0.098
ENSG00000197599          random              6  std logFC = 0.097
[1] 418
Running 1vALL Testing for up-regulated genes
2024-09-08 01:10:49.148825 - Find markers for: other
2024-09-08 01:10:53.203882 - Find markers for: random
2024-09-08 01:10:57.213733 - Building Table
** Done! **

                           gene       logFC log.p.value    log.FDR  std.logFC
ENSG00000144843 ENSG00000144843 0.013913947  -11.313264 -1.5976739 0.11757880
ENSG00000165623 ENSG00000165623 0.001687657   -9.862899 -1.1216247 0.10811550
ENSG00000133962 ENSG00000133962 0.037741203   -9.738603 -1.1216247 0.10726974
ENSG00000269313 ENSG00000269313 0.028278576   -9.195001 -0.9645556 0.10349863
ENSG00000099985 ENSG00000099985 0.005064789   -9.070708 -0.9645556 0.10261911
ENSG00000083817 ENSG00000083817 0.018156034   -8.583232 -0.8027919 0.09910321
                cellType.target std.logFC.rank     std.logFC.anno
ENSG00000144843          random              1  std logFC = 0.118
ENSG00000165623          random              2  std logFC = 0.108
ENSG00000133962          random              3  std logFC = 0.107
ENSG00000269313          random              4  std logFC = 0.103
ENSG00000099985          random              5  std logFC = 0.103
ENSG00000083817          random              6  std logFC = 0.099
[1] 419
Running 1vALL Testing for up-regulated genes
2024-09-08 01:10:57.409591 - Find markers for: other
2024-09-08 01:11:01.362278 - Find markers for: random
2024-09-08 01:11:05.331352 - Building Table
** Done! **

                           gene       logFC log.p.value     log.FDR  std.logFC
ENSG00000178732 ENSG00000178732 0.009053050  -12.801254 -3.08566359 0.12636580
ENSG00000183918 ENSG00000183918 0.002284547   -8.661843 -0.04928648 0.09947872
ENSG00000168671 ENSG00000168671 0.008153684   -8.280296 -0.04928648 0.09666862
ENSG00000204539 ENSG00000204539 0.004320488   -8.077610 -0.04928648 0.09514631
ENSG00000197142 ENSG00000197142 0.017123254   -7.953026 -0.04928648 0.09419995
ENSG00000136944 ENSG00000136944 0.012487474   -7.568002 -0.04928648 0.09122145
                cellType.target std.logFC.rank     std.logFC.anno
ENSG00000178732          random              1  std logFC = 0.126
ENSG00000183918          random              2  std logFC = 0.099
ENSG00000168671          random              3  std logFC = 0.097
ENSG00000204539          random              4  std logFC = 0.095
ENSG00000197142          random              5  std logFC = 0.094
ENSG00000136944          random              6  std logFC = 0.091
[1] 420
Running 1vALL Testing for up-regulated genes
2024-09-08 01:11:05.512498 - Find markers for: other
2024-09-08 01:11:09.468364 - Find markers for: random
2024-09-08 01:11:13.431454 - Building Table
** Done! **

                           gene       logFC log.p.value    log.FDR  std.logFC
ENSG00000178093 ENSG00000178093 0.011842367  -10.408155 -0.7046484 0.11231793
ENSG00000101323 ENSG00000101323 0.003422365   -9.699527 -0.7046484 0.10753893
ENSG00000183508 ENSG00000183508 0.008829595   -9.057032 -0.7046484 0.10303578
ENSG00000099821 ENSG00000099821 0.043592941   -8.859219 -0.7046484 0.10161378
ENSG00000175564 ENSG00000175564 0.025980155   -8.656279 -0.7046484 0.10013642
ENSG00000184922 ENSG00000184922 0.043349491   -8.628479 -0.7046484 0.09993255
                cellType.target std.logFC.rank     std.logFC.anno
ENSG00000178093          random              1  std logFC = 0.112
ENSG00000101323          random              2  std logFC = 0.108
ENSG00000183508          random              3  std logFC = 0.103
ENSG00000099821          random              4  std logFC = 0.102
ENSG00000175564          random              5    std logFC = 0.1
ENSG00000184922          random              6    std logFC = 0.1
[1] 421
Running 1vALL Testing for up-regulated genes
2024-09-08 01:11:13.629445 - Find markers for: other
2024-09-08 01:11:17.571267 - Find markers for: random
2024-09-08 01:11:21.613675 - Building Table
** Done! **

                           gene       logFC log.p.value    log.FDR  std.logFC
ENSG00000141485 ENSG00000141485 0.025407918   -9.655301 -0.6904927 0.10693427
ENSG00000187527 ENSG00000187527 0.036943098   -9.185535 -0.6904927 0.10365939
ENSG00000204928 ENSG00000204928 0.011667430   -8.868995 -0.6904927 0.10139991
ENSG00000079112 ENSG00000079112 0.006607011   -8.592029 -0.6904927 0.09938576
ENSG00000005001 ENSG00000005001 0.004045156   -8.535231 -0.6904927 0.09896827
ENSG00000141756 ENSG00000141756 0.033325031   -8.523676 -0.6904927 0.09888314
                cellType.target std.logFC.rank     std.logFC.anno
ENSG00000141485          random              1  std logFC = 0.107
ENSG00000187527          random              2  std logFC = 0.104
ENSG00000204928          random              3  std logFC = 0.101
ENSG00000079112          random              4  std logFC = 0.099
ENSG00000005001          random              5  std logFC = 0.099
ENSG00000141756          random              6  std logFC = 0.099
[1] 422
Running 1vALL Testing for up-regulated genes
2024-09-08 01:11:21.792106 - Find markers for: other
2024-09-08 01:11:25.718783 - Find markers for: random
2024-09-08 01:11:29.926938 - Building Table
** Done! **

                           gene       logFC log.p.value    log.FDR  std.logFC
ENSG00000079689 ENSG00000079689 0.029097782  -12.255883 -2.5402929 0.12373640
ENSG00000147168 ENSG00000147168 0.003753470   -9.809704 -0.9965219 0.10806951
ENSG00000270882 ENSG00000270882 0.004979917   -9.613500 -0.9965219 0.10672374
ENSG00000250799 ENSG00000250799 0.003514675   -8.874041 -0.7063914 0.10150975
ENSG00000197153 ENSG00000197153 0.003568017   -8.793648 -0.7063914 0.10092854
ENSG00000187533 ENSG00000187533 0.002111156   -8.516656 -0.7063914 0.09890297
                cellType.target std.logFC.rank     std.logFC.anno
ENSG00000079689          random              1  std logFC = 0.124
ENSG00000147168          random              2  std logFC = 0.108
ENSG00000270882          random              3  std logFC = 0.107
ENSG00000250799          random              4  std logFC = 0.102
ENSG00000197153          random              5  std logFC = 0.101
ENSG00000187533          random              6  std logFC = 0.099
[1] 423
Running 1vALL Testing for up-regulated genes
2024-09-08 01:11:30.124844 - Find markers for: other
2024-09-08 01:11:34.211283 - Find markers for: random
2024-09-08 01:11:38.128206 - Building Table
** Done! **

                           gene       logFC log.p.value   log.FDR std.logFC
ENSG00000254470 ENSG00000254470 0.052325593  -10.695108 -1.849103 0.1144424
ENSG00000123342 ENSG00000123342 0.007865432  -10.255618 -1.849103 0.1115391
ENSG00000150750 ENSG00000150750 0.004046280  -10.228347 -1.849103 0.1113567
ENSG00000186765 ENSG00000186765 0.005346723  -10.178399 -1.849103 0.1110220
ENSG00000248098 ENSG00000248098 0.044584137   -9.227642 -1.242352 0.1044679
ENSG00000187486 ENSG00000187486 0.014694061   -9.166183 -1.242352 0.1040316
                cellType.target std.logFC.rank     std.logFC.anno
ENSG00000254470          random              1  std logFC = 0.114
ENSG00000123342          random              2  std logFC = 0.112
ENSG00000150750          random              3  std logFC = 0.111
ENSG00000186765          random              4  std logFC = 0.111
ENSG00000248098          random              5  std logFC = 0.104
ENSG00000187486          random              6  std logFC = 0.104
[1] 424
Running 1vALL Testing for up-regulated genes
2024-09-08 01:11:38.305803 - Find markers for: other
2024-09-08 01:11:42.391249 - Find markers for: random
2024-09-08 01:11:46.554007 - Building Table
** Done! **

                           gene       logFC log.p.value   log.FDR  std.logFC
ENSG00000188981 ENSG00000188981 0.046312570   -8.885167 -0.270878 0.10187353
ENSG00000106415 ENSG00000106415 0.138619279   -8.699903 -0.270878 0.10052687
ENSG00000105369 ENSG00000105369 0.003499586   -8.658927 -0.270878 0.10022687
ENSG00000253457 ENSG00000253457 0.022512681   -8.556389 -0.270878 0.09947266
ENSG00000176125 ENSG00000176125 0.008224745   -7.805871 -0.270878 0.09379131
ENSG00000164100 ENSG00000164100 0.155175074   -7.690307 -0.270878 0.09288967
                cellType.target std.logFC.rank     std.logFC.anno
ENSG00000188981          random              1  std logFC = 0.102
ENSG00000106415          random              2  std logFC = 0.101
ENSG00000105369          random              3    std logFC = 0.1
ENSG00000253457          random              4  std logFC = 0.099
ENSG00000176125          random              5  std logFC = 0.094
ENSG00000164100          random              6  std logFC = 0.093
[1] 425
Running 1vALL Testing for up-regulated genes
2024-09-08 01:11:46.748809 - Find markers for: other
2024-09-08 01:11:50.64237 - Find markers for: random
2024-09-08 01:11:54.534128 - Building Table
** Done! **

                           gene      logFC log.p.value   log.FDR std.logFC
ENSG00000173456 ENSG00000173456 0.02824722  -11.666329 -2.166855 0.1202310
ENSG00000213047 ENSG00000213047 0.12857574  -10.357234 -2.166855 0.1118418
ENSG00000196072 ENSG00000196072 0.05840569  -10.257383 -2.166855 0.1111785
ENSG00000133943 ENSG00000133943 0.12487752  -10.138907 -2.166855 0.1103869
ENSG00000188508 ENSG00000188508 0.01265389  -10.057077 -2.166855 0.1098372
ENSG00000168490 ENSG00000168490 0.08669612   -9.900172 -2.166855 0.1087761
                cellType.target std.logFC.rank     std.logFC.anno
ENSG00000173456          random              1   std logFC = 0.12
ENSG00000213047          random              2  std logFC = 0.112
ENSG00000196072          random              3  std logFC = 0.111
ENSG00000133943          random              4   std logFC = 0.11
ENSG00000188508          random              5   std logFC = 0.11
ENSG00000168490          random              6  std logFC = 0.109
[1] 426
Running 1vALL Testing for up-regulated genes
2024-09-08 01:11:54.717799 - Find markers for: other
2024-09-08 01:11:58.579621 - Find markers for: random
2024-09-08 01:12:02.611897 - Building Table
** Done! **

                           gene       logFC log.p.value    log.FDR  std.logFC
ENSG00000100065 ENSG00000100065 0.013448925  -11.671577 -1.9559864 0.12025714
ENSG00000109182 ENSG00000109182 0.009929461   -9.314912 -0.6987097 0.10472830
ENSG00000131969 ENSG00000131969 0.040286618   -9.104816 -0.6987097 0.10324303
ENSG00000167034 ENSG00000167034 0.007726972   -9.028006 -0.6987097 0.10269527
ENSG00000160683 ENSG00000160683 0.003752084   -8.600645 -0.4944926 0.09959911
ENSG00000165458 ENSG00000165458 0.041079186   -8.352650 -0.4288187 0.09776293
                cellType.target std.logFC.rank     std.logFC.anno
ENSG00000100065          random              1   std logFC = 0.12
ENSG00000109182          random              2  std logFC = 0.105
ENSG00000131969          random              3  std logFC = 0.103
ENSG00000167034          random              4  std logFC = 0.103
ENSG00000160683          random              5    std logFC = 0.1
ENSG00000165458          random              6  std logFC = 0.098
[1] 427
Running 1vALL Testing for up-regulated genes
2024-09-08 01:12:02.792458 - Find markers for: random
2024-09-08 01:12:06.805484 - Find markers for: other
2024-09-08 01:12:10.923835 - Building Table
** Done! **

                           gene       logFC log.p.value   log.FDR std.logFC
ENSG00000154589 ENSG00000154589 0.027842287   -11.07428 -2.259054 0.1172879
ENSG00000105825 ENSG00000105825 0.009431292   -11.02264 -2.259054 0.1169556
ENSG00000137965 ENSG00000137965 0.050281536   -10.48611 -2.259054 0.1134504
ENSG00000011332 ENSG00000011332 0.073086556   -10.20983 -2.259054 0.1116068
ENSG00000179886 ENSG00000179886 0.028050012   -10.07209 -2.259054 0.1106774
ENSG00000104368 ENSG00000104368 0.035478029   -10.03980 -2.259054 0.1104585
                cellType.target std.logFC.rank     std.logFC.anno
ENSG00000154589          random              1  std logFC = 0.117
ENSG00000105825          random              2  std logFC = 0.117
ENSG00000137965          random              3  std logFC = 0.113
ENSG00000011332          random              4  std logFC = 0.112
ENSG00000179886          random              5  std logFC = 0.111
ENSG00000104368          random              6   std logFC = 0.11
[1] 428
Running 1vALL Testing for up-regulated genes
2024-09-08 01:12:11.095115 - Find markers for: other
2024-09-08 01:12:15.02459 - Find markers for: random
2024-09-08 01:12:19.221893 - Building Table
** Done! **

                           gene       logFC log.p.value    log.FDR  std.logFC
ENSG00000105011 ENSG00000105011 0.011612881  -11.860590 -2.1449996 0.12085398
ENSG00000112077 ENSG00000112077 0.006695134  -10.692942 -1.6704990 0.11350433
ENSG00000099994 ENSG00000099994 0.023644216   -9.854407 -1.2374291 0.10794947
ENSG00000181323 ENSG00000181323 0.003011748   -8.783221 -0.7406981 0.10045784
ENSG00000064490 ENSG00000064490 0.022230799   -8.575813 -0.7406981 0.09894945
ENSG00000132141 ENSG00000132141 0.048201916   -8.396789 -0.7406981 0.09763103
                cellType.target std.logFC.rank     std.logFC.anno
ENSG00000105011          random              1  std logFC = 0.121
ENSG00000112077          random              2  std logFC = 0.114
ENSG00000099994          random              3  std logFC = 0.108
ENSG00000181323          random              4    std logFC = 0.1
ENSG00000064490          random              5  std logFC = 0.099
ENSG00000132141          random              6  std logFC = 0.098
[1] 429
Running 1vALL Testing for up-regulated genes
2024-09-08 01:12:19.415781 - Find markers for: other
2024-09-08 01:12:23.460906 - Find markers for: random
2024-09-08 01:12:27.506724 - Building Table
** Done! **

                           gene       logFC log.p.value   log.FDR std.logFC
ENSG00000159337 ENSG00000159337 0.008681679  -11.680206 -1.964616 0.1204987
ENSG00000170703 ENSG00000170703 0.040756200  -10.581462 -1.559019 0.1134896
ENSG00000167098 ENSG00000167098 0.004199166   -9.315456 -1.142264 0.1048958
ENSG00000165912 ENSG00000165912 0.027888611   -9.226305 -1.142264 0.1042669
ENSG00000189043 ENSG00000189043 0.068015633   -9.186930 -1.142264 0.1039881
ENSG00000256660 ENSG00000256660 0.003014460   -8.871927 -1.142264 0.1017329
                cellType.target std.logFC.rank     std.logFC.anno
ENSG00000159337          random              1   std logFC = 0.12
ENSG00000170703          random              2  std logFC = 0.113
ENSG00000167098          random              3  std logFC = 0.105
ENSG00000165912          random              4  std logFC = 0.104
ENSG00000189043          random              5  std logFC = 0.104
ENSG00000256660          random              6  std logFC = 0.102
[1] 430
Running 1vALL Testing for up-regulated genes
2024-09-08 01:12:27.678409 - Find markers for: other
2024-09-08 01:12:31.570922 - Find markers for: random
2024-09-08 01:12:35.559612 - Building Table
** Done! **

                           gene       logFC log.p.value   log.FDR std.logFC
ENSG00000140650 ENSG00000140650 0.105201832  -12.501916 -2.786326 0.1252040
ENSG00000180644 ENSG00000180644 0.005520266  -11.018104 -1.995661 0.1160396
ENSG00000222038 ENSG00000222038 0.009967066  -10.260505 -1.643527 0.1110980
ENSG00000140067 ENSG00000140067 0.021871029   -9.015827 -1.115394 0.1025201
ENSG00000162664 ENSG00000162664 0.096820317   -8.850387 -1.115394 0.1013316
ENSG00000117791 ENSG00000117791 0.066040970   -8.758022 -1.115394 0.1006626
                cellType.target std.logFC.rank     std.logFC.anno
ENSG00000140650          random              1  std logFC = 0.125
ENSG00000180644          random              2  std logFC = 0.116
ENSG00000222038          random              3  std logFC = 0.111
ENSG00000140067          random              4  std logFC = 0.103
ENSG00000162664          random              5  std logFC = 0.101
ENSG00000117791          random              6  std logFC = 0.101
[1] 431
Running 1vALL Testing for up-regulated genes
2024-09-08 01:12:35.747183 - Find markers for: other
2024-09-08 01:12:39.871135 - Find markers for: random
2024-09-08 01:12:43.790182 - Building Table
** Done! **

                           gene       logFC log.p.value    log.FDR  std.logFC
ENSG00000008197 ENSG00000008197 0.005880723  -13.498834 -3.7832437 0.13203591
ENSG00000104321 ENSG00000104321 0.004956978   -9.484870 -0.7118232 0.10663676
ENSG00000186603 ENSG00000186603 0.007352914   -9.328801 -0.7118232 0.10553892
ENSG00000172534 ENSG00000172534 0.048710198   -8.673420 -0.4698313 0.10081348
ENSG00000102265 ENSG00000102265 0.019587254   -8.053349 -0.4698313 0.09615546
ENSG00000132911 ENSG00000132911 0.012468621   -8.027729 -0.4698313 0.09595875
                cellType.target std.logFC.rank     std.logFC.anno
ENSG00000008197          random              1  std logFC = 0.132
ENSG00000104321          random              2  std logFC = 0.107
ENSG00000186603          random              3  std logFC = 0.106
ENSG00000172534          random              4  std logFC = 0.101
ENSG00000102265          random              5  std logFC = 0.096
ENSG00000132911          random              6  std logFC = 0.096
[1] 432
Running 1vALL Testing for up-regulated genes
2024-09-08 01:12:43.986703 - Find markers for: other
2024-09-08 01:12:48.041436 - Find markers for: random
2024-09-08 01:12:52.039479 - Building Table
** Done! **

                           gene      logFC log.p.value   log.FDR std.logFC
ENSG00000148843 ENSG00000148843 0.07213487  -10.863867 -1.874236 0.1149818
ENSG00000166148 ENSG00000166148 0.01188255  -10.769717 -1.874236 0.1143737
ENSG00000163462 ENSG00000163462 0.06499785  -10.259268 -1.874236 0.1110248
ENSG00000111667 ENSG00000111667 0.06182152  -10.203532 -1.874236 0.1106536
ENSG00000133135 ENSG00000133135 0.06598098   -9.769738 -1.750198 0.1077256
ENSG00000077238 ENSG00000077238 0.05380656   -9.674029 -1.750198 0.1070699
                cellType.target std.logFC.rank     std.logFC.anno
ENSG00000148843          random              1  std logFC = 0.115
ENSG00000166148          random              2  std logFC = 0.114
ENSG00000163462          random              3  std logFC = 0.111
ENSG00000111667          random              4  std logFC = 0.111
ENSG00000133135          random              5  std logFC = 0.108
ENSG00000077238          random              6  std logFC = 0.107
[1] 433
Running 1vALL Testing for up-regulated genes
2024-09-08 01:12:52.222098 - Find markers for: other
2024-09-08 01:12:56.120406 - Find markers for: random
2024-09-08 01:13:00.166452 - Building Table
** Done! **

                           gene       logFC log.p.value   log.FDR std.logFC
ENSG00000142632 ENSG00000142632 0.016032279  -12.649522 -2.933932 0.1262200
ENSG00000177613 ENSG00000177613 0.037547821  -11.407892 -2.385449 0.1186388
ENSG00000270647 ENSG00000270647 0.127713148  -10.853096 -2.236118 0.1151052
ENSG00000162763 ENSG00000162763 0.003397971  -10.155995 -1.904902 0.1105213
ENSG00000074317 ENSG00000074317 0.060921026  -10.011055 -1.904902 0.1095466
ENSG00000074855 ENSG00000074855 0.052893138   -9.720174 -1.796343 0.1075667
                cellType.target std.logFC.rank     std.logFC.anno
ENSG00000142632          random              1  std logFC = 0.126
ENSG00000177613          random              2  std logFC = 0.119
ENSG00000270647          random              3  std logFC = 0.115
ENSG00000162763          random              4  std logFC = 0.111
ENSG00000074317          random              5   std logFC = 0.11
ENSG00000074855          random              6  std logFC = 0.108
[1] 434
Running 1vALL Testing for up-regulated genes
2024-09-08 01:13:00.349722 - Find markers for: random
2024-09-08 01:13:04.361186 - Find markers for: other
2024-09-08 01:13:08.366837 - Building Table
** Done! **

                           gene       logFC log.p.value    log.FDR  std.logFC
ENSG00000230778 ENSG00000230778 0.006544289  -11.963692 -2.3548337 0.12179872
ENSG00000189051 ENSG00000189051 0.004256615  -11.377277 -2.3548337 0.11816806
ENSG00000197446 ENSG00000197446 0.002806480  -10.508354 -1.8913758 0.11259415
ENSG00000153179 ENSG00000153179 0.058890475   -8.827126 -0.5569706 0.10103607
ENSG00000181693 ENSG00000181693 0.001816656   -8.663123 -0.5569706 0.09984528
ENSG00000082641 ENSG00000082641 0.078004876   -7.870841 -0.5449407 0.09390709
                cellType.target std.logFC.rank     std.logFC.anno
ENSG00000230778          random              1  std logFC = 0.122
ENSG00000189051          random              2  std logFC = 0.118
ENSG00000197446          random              3  std logFC = 0.113
ENSG00000153179          random              4  std logFC = 0.101
ENSG00000181693          random              5    std logFC = 0.1
ENSG00000082641          random              6  std logFC = 0.094
[1] 435
Running 1vALL Testing for up-regulated genes
2024-09-08 01:13:08.5503 - Find markers for: other
2024-09-08 01:13:12.416635 - Find markers for: random
2024-09-08 01:13:16.366861 - Building Table
** Done! **

                           gene       logFC log.p.value    log.FDR  std.logFC
ENSG00000164258 ENSG00000164258 0.099408317   -9.253965 -0.7115065 0.10389170
ENSG00000127083 ENSG00000127083 0.016424831   -9.201620 -0.7115065 0.10352350
ENSG00000179913 ENSG00000179913 0.004854998   -9.121747 -0.7115065 0.10295941
ENSG00000148341 ENSG00000148341 0.074497764   -8.670705 -0.7115065 0.09972117
ENSG00000171053 ENSG00000171053 0.003269973   -8.547089 -0.7115065 0.09881735
ENSG00000132622 ENSG00000132622 0.012993930   -8.204988 -0.7115065 0.09627732
                cellType.target std.logFC.rank     std.logFC.anno
ENSG00000164258          random              1  std logFC = 0.104
ENSG00000127083          random              2  std logFC = 0.104
ENSG00000179913          random              3  std logFC = 0.103
ENSG00000148341          random              4    std logFC = 0.1
ENSG00000171053          random              5  std logFC = 0.099
ENSG00000132622          random              6  std logFC = 0.096
[1] 436
Running 1vALL Testing for up-regulated genes
2024-09-08 01:13:16.544109 - Find markers for: other
2024-09-08 01:13:20.54615 - Find markers for: random
2024-09-08 01:13:24.589807 - Building Table
** Done! **

                           gene       logFC log.p.value    log.FDR  std.logFC
ENSG00000102891 ENSG00000102891 0.005044935  -10.877524 -1.1619332 0.11520889
ENSG00000242252 ENSG00000242252 0.019262285   -9.817896 -0.8266184 0.10818481
ENSG00000182685 ENSG00000182685 0.041162661   -9.402850 -0.8266184 0.10531968
ENSG00000131055 ENSG00000131055 0.009716878   -9.155915 -0.8266184 0.10358166
ENSG00000188710 ENSG00000188710 0.001685382   -8.808517 -0.7897145 0.10109180
ENSG00000005243 ENSG00000005243 0.020213188   -8.566259 -0.7897145 0.09932295
                cellType.target std.logFC.rank     std.logFC.anno
ENSG00000102891          random              1  std logFC = 0.115
ENSG00000242252          random              2  std logFC = 0.108
ENSG00000182685          random              3  std logFC = 0.105
ENSG00000131055          random              4  std logFC = 0.104
ENSG00000188710          random              5  std logFC = 0.101
ENSG00000005243          random              6  std logFC = 0.099
[1] 437
Running 1vALL Testing for up-regulated genes
2024-09-08 01:13:24.777414 - Find markers for: other
2024-09-08 01:13:28.850968 - Find markers for: random
2024-09-08 01:13:32.77253 - Building Table
** Done! **

                           gene       logFC log.p.value   log.FDR std.logFC
ENSG00000110315 ENSG00000110315 0.088890874  -13.148417 -3.432826 0.1287443
ENSG00000118322 ENSG00000118322 0.163500902  -10.663744 -1.641301 0.1135176
ENSG00000187642 ENSG00000187642 0.002184106   -9.868296 -1.521440 0.1082367
ENSG00000107736 ENSG00000107736 0.078593238   -9.813803 -1.521440 0.1078664
ENSG00000116690 ENSG00000116690 0.005248758   -9.627593 -1.521440 0.1065926
ENSG00000171316 ENSG00000171316 0.150198534   -8.948468 -1.076474 0.1018271
                cellType.target std.logFC.rank     std.logFC.anno
ENSG00000110315          random              1  std logFC = 0.129
ENSG00000118322          random              2  std logFC = 0.114
ENSG00000187642          random              3  std logFC = 0.108
ENSG00000107736          random              4  std logFC = 0.108
ENSG00000116690          random              5  std logFC = 0.107
ENSG00000171316          random              6  std logFC = 0.102
[1] 438
Running 1vALL Testing for up-regulated genes
2024-09-08 01:13:32.955969 - Find markers for: other
2024-09-08 01:13:36.846932 - Find markers for: random
2024-09-08 01:13:40.906843 - Building Table
** Done! **

                           gene       logFC log.p.value   log.FDR std.logFC
ENSG00000162438 ENSG00000162438 0.007142411  -13.375006 -3.659415 0.1301820
ENSG00000283654 ENSG00000283654 0.006640178  -11.113096 -2.278154 0.1165219
ENSG00000080822 ENSG00000080822 0.149375552  -10.895132 -2.278154 0.1151280
ENSG00000204278 ENSG00000204278 0.087632220  -10.305489 -1.976192 0.1112786
ENSG00000127533 ENSG00000127533 0.004273752   -9.677481 -1.571328 0.1070425
ENSG00000176381 ENSG00000176381 0.064662504   -8.854252 -0.930421 0.1012518
                cellType.target std.logFC.rank     std.logFC.anno
ENSG00000162438          random              1   std logFC = 0.13
ENSG00000283654          random              2  std logFC = 0.117
ENSG00000080822          random              3  std logFC = 0.115
ENSG00000204278          random              4  std logFC = 0.111
ENSG00000127533          random              5  std logFC = 0.107
ENSG00000176381          random              6  std logFC = 0.101
[1] 439
Running 1vALL Testing for up-regulated genes
2024-09-08 01:13:41.090464 - Find markers for: other
2024-09-08 01:13:45.241652 - Find markers for: random
2024-09-08 01:13:49.119279 - Building Table
** Done! **

                           gene       logFC log.p.value   log.FDR  std.logFC
ENSG00000166261 ENSG00000166261 0.052010442  -10.019087 -0.708307 0.10921235
ENSG00000131037 ENSG00000131037 0.005479767   -9.438544 -0.708307 0.10524388
ENSG00000180318 ENSG00000180318 0.005747886   -9.143478 -0.708307 0.10317489
ENSG00000159251 ENSG00000159251 0.007514235   -9.001274 -0.708307 0.10216451
ENSG00000164283 ENSG00000164283 0.005657132   -8.583583 -0.708307 0.09914426
ENSG00000166825 ENSG00000166825 0.008722026   -8.558137 -0.708307 0.09895764
                cellType.target std.logFC.rank     std.logFC.anno
ENSG00000166261          random              1  std logFC = 0.109
ENSG00000131037          random              2  std logFC = 0.105
ENSG00000180318          random              3  std logFC = 0.103
ENSG00000159251          random              4  std logFC = 0.102
ENSG00000164283          random              5  std logFC = 0.099
ENSG00000166825          random              6  std logFC = 0.099
[1] 440
Running 1vALL Testing for up-regulated genes
2024-09-08 01:13:49.303846 - Find markers for: other
2024-09-08 01:13:53.155577 - Find markers for: random
2024-09-08 01:13:57.233441 - Building Table
** Done! **

                           gene       logFC log.p.value   log.FDR std.logFC
ENSG00000187583 ENSG00000187583 0.007208310  -10.596527 -1.432051 0.1135506
ENSG00000111729 ENSG00000111729 0.028759339  -10.165727 -1.432051 0.1106967
ENSG00000070413 ENSG00000070413 0.098682495   -9.833122 -1.432051 0.1084473
ENSG00000196411 ENSG00000196411 0.019391002   -9.761347 -1.432051 0.1079564
ENSG00000100014 ENSG00000100014 0.119092026   -9.191239 -1.345202 0.1039840
ENSG00000214782 ENSG00000214782 0.002979175   -9.154386 -1.345202 0.1037226
                cellType.target std.logFC.rank     std.logFC.anno
ENSG00000187583          random              1  std logFC = 0.114
ENSG00000111729          random              2  std logFC = 0.111
ENSG00000070413          random              3  std logFC = 0.108
ENSG00000196411          random              4  std logFC = 0.108
ENSG00000100014          random              5  std logFC = 0.104
ENSG00000214782          random              6  std logFC = 0.104
[1] 441
Running 1vALL Testing for up-regulated genes
2024-09-08 01:13:57.410175 - Find markers for: other
2024-09-08 01:14:01.507138 - Find markers for: random
2024-09-08 01:14:05.677908 - Building Table
** Done! **

                           gene       logFC log.p.value   log.FDR std.logFC
ENSG00000083544 ENSG00000083544 0.141975745  -11.531867 -1.816277 0.1195958
ENSG00000142609 ENSG00000142609 0.070855224   -9.769460 -1.560579 0.1080675
ENSG00000231925 ENSG00000231925 0.074617968   -9.246818 -1.560579 0.1044308
ENSG00000123342 ENSG00000123342 0.007345253   -9.207317 -1.560579 0.1041514
ENSG00000163914 ENSG00000163914 0.003209824   -9.200421 -1.560579 0.1041025
ENSG00000196834 ENSG00000196834 0.025304552   -9.177930 -1.560579 0.1039430
                cellType.target std.logFC.rank     std.logFC.anno
ENSG00000083544          random              1   std logFC = 0.12
ENSG00000142609          random              2  std logFC = 0.108
ENSG00000231925          random              3  std logFC = 0.104
ENSG00000123342          random              4  std logFC = 0.104
ENSG00000163914          random              5  std logFC = 0.104
ENSG00000196834          random              6  std logFC = 0.104
[1] 442
Running 1vALL Testing for up-regulated genes
2024-09-08 01:14:05.870349 - Find markers for: other
2024-09-08 01:14:09.905682 - Find markers for: random
2024-09-08 01:14:13.768792 - Building Table
** Done! **

                           gene      logFC log.p.value   log.FDR std.logFC
ENSG00000129226 ENSG00000129226 0.01800737  -12.832731 -3.388146 0.1268529
ENSG00000105518 ENSG00000105518 0.07167737  -12.410589 -3.388146 0.1243519
ENSG00000172046 ENSG00000172046 0.04533001  -11.963152 -3.346174 0.1216499
ENSG00000172456 ENSG00000172456 0.13034937  -10.875972 -2.546676 0.1148447
ENSG00000132964 ENSG00000132964 0.12957107   -9.928642 -1.822489 0.1086030
ENSG00000133317 ENSG00000133317 0.00270912   -9.708236 -1.784405 0.1071041
                cellType.target std.logFC.rank     std.logFC.anno
ENSG00000129226          random              1  std logFC = 0.127
ENSG00000105518          random              2  std logFC = 0.124
ENSG00000172046          random              3  std logFC = 0.122
ENSG00000172456          random              4  std logFC = 0.115
ENSG00000132964          random              5  std logFC = 0.109
ENSG00000133317          random              6  std logFC = 0.107
[1] 443
Running 1vALL Testing for up-regulated genes
2024-09-08 01:14:13.966511 - Find markers for: other
2024-09-08 01:14:18.00637 - Find markers for: random
2024-09-08 01:14:22.002509 - Building Table
** Done! **

                           gene       logFC log.p.value   log.FDR std.logFC
ENSG00000183463 ENSG00000183463 0.004672146  -11.911414 -2.195824 0.1216953
ENSG00000074935 ENSG00000074935 0.093201237  -10.533673 -1.511230 0.1129608
ENSG00000168701 ENSG00000168701 0.037858405   -9.643258 -1.311587 0.1069763
ENSG00000161835 ENSG00000161835 0.049799069   -9.334903 -1.311587 0.1048330
ENSG00000143851 ENSG00000143851 0.041411749   -9.328484 -1.311587 0.1047879
ENSG00000185231 ENSG00000185231 0.001256010   -9.108563 -1.311587 0.1032345
                cellType.target std.logFC.rank     std.logFC.anno
ENSG00000183463          random              1  std logFC = 0.122
ENSG00000074935          random              2  std logFC = 0.113
ENSG00000168701          random              3  std logFC = 0.107
ENSG00000161835          random              4  std logFC = 0.105
ENSG00000143851          random              5  std logFC = 0.105
ENSG00000185231          random              6  std logFC = 0.103
[1] 444
Running 1vALL Testing for up-regulated genes
2024-09-08 01:14:22.187103 - Find markers for: other
2024-09-08 01:14:26.273735 - Find markers for: random
2024-09-08 01:14:30.252664 - Building Table
** Done! **

                           gene       logFC log.p.value   log.FDR  std.logFC
ENSG00000147155 ENSG00000147155 0.044919367  -13.909247 -4.193657 0.13339516
ENSG00000164129 ENSG00000164129 0.027453426  -10.226984 -1.204540 0.11090225
ENSG00000165623 ENSG00000165623 0.001615594   -9.148671 -1.017288 0.10349140
ENSG00000134152 ENSG00000134152 0.107365719   -8.971860 -1.017288 0.10223077
ENSG00000101052 ENSG00000101052 0.085267372   -8.717500 -1.017288 0.10039273
ENSG00000178685 ENSG00000178685 0.033450284   -8.558653 -1.017288 0.09922968
                cellType.target std.logFC.rank     std.logFC.anno
ENSG00000147155          random              1  std logFC = 0.133
ENSG00000164129          random              2  std logFC = 0.111
ENSG00000165623          random              3  std logFC = 0.103
ENSG00000134152          random              4  std logFC = 0.102
ENSG00000101052          random              5    std logFC = 0.1
ENSG00000178685          random              6  std logFC = 0.099
[1] 445
Running 1vALL Testing for up-regulated genes
2024-09-08 01:14:30.435296 - Find markers for: other
2024-09-08 01:14:34.473226 - Find markers for: random
2024-09-08 01:14:38.349789 - Building Table
** Done! **

                           gene      logFC log.p.value   log.FDR std.logFC
ENSG00000272047 ENSG00000272047 0.07300028  -12.925383 -3.209792 0.1277184
ENSG00000170473 ENSG00000170473 0.04433019  -11.301033 -2.278590 0.1178455
ENSG00000137273 ENSG00000137273 0.01108083  -10.250052 -1.995811 0.1110365
ENSG00000147432 ENSG00000147432 0.01422114  -10.219071 -1.995811 0.1108301
ENSG00000145736 ENSG00000145736 0.07198210   -9.795586 -1.995811 0.1079731
ENSG00000235863 ENSG00000235863 0.03801183   -9.777461 -1.995811 0.1078493
                cellType.target std.logFC.rank     std.logFC.anno
ENSG00000272047          random              1  std logFC = 0.128
ENSG00000170473          random              2  std logFC = 0.118
ENSG00000137273          random              3  std logFC = 0.111
ENSG00000147432          random              4  std logFC = 0.111
ENSG00000145736          random              5  std logFC = 0.108
ENSG00000235863          random              6  std logFC = 0.108
[1] 446
Running 1vALL Testing for up-regulated genes
2024-09-08 01:14:38.526734 - Find markers for: other
2024-09-08 01:14:42.630173 - Find markers for: random
2024-09-08 01:14:46.545313 - Building Table
** Done! **

                           gene       logFC log.p.value   log.FDR std.logFC
ENSG00000204420 ENSG00000204420 0.005089747   -9.920428 -1.397397 0.1085882
ENSG00000168267 ENSG00000168267 0.004614984   -9.706308 -1.397397 0.1071311
ENSG00000147140 ENSG00000147140 0.069181243   -9.663604 -1.397397 0.1068384
ENSG00000186193 ENSG00000186193 0.023552239   -9.474281 -1.397397 0.1055319
ENSG00000188549 ENSG00000188549 0.029762642   -9.254391 -1.397397 0.1039962
ENSG00000143554 ENSG00000143554 0.026479357   -9.235453 -1.397397 0.1038630
                cellType.target std.logFC.rank     std.logFC.anno
ENSG00000204420          random              1  std logFC = 0.109
ENSG00000168267          random              2  std logFC = 0.107
ENSG00000147140          random              3  std logFC = 0.107
ENSG00000186193          random              4  std logFC = 0.106
ENSG00000188549          random              5  std logFC = 0.104
ENSG00000143554          random              6  std logFC = 0.104
[1] 447
Running 1vALL Testing for up-regulated genes
2024-09-08 01:14:46.728761 - Find markers for: other
2024-09-08 01:14:50.587632 - Find markers for: random
2024-09-08 01:14:54.59813 - Building Table
** Done! **

                           gene       logFC log.p.value    log.FDR std.logFC
ENSG00000216588 ENSG00000216588 0.009481776  -11.170245 -1.4850966 0.1173169
ENSG00000186329 ENSG00000186329 0.022284519  -10.507540 -1.4850966 0.1130272
ENSG00000104921 ENSG00000104921 0.003990131  -10.009736 -1.3927580 0.1097060
ENSG00000138592 ENSG00000138592 0.101285364   -9.164583 -0.9675245 0.1038509
ENSG00000109272 ENSG00000109272 0.001439751   -9.073677 -0.9675245 0.1032036
ENSG00000173702 ENSG00000173702 0.005605256   -8.660120 -0.7362893 0.1002121
                cellType.target std.logFC.rank     std.logFC.anno
ENSG00000216588          random              1  std logFC = 0.117
ENSG00000186329          random              2  std logFC = 0.113
ENSG00000104921          random              3   std logFC = 0.11
ENSG00000138592          random              4  std logFC = 0.104
ENSG00000109272          random              5  std logFC = 0.103
ENSG00000173702          random              6    std logFC = 0.1
[1] 448
Running 1vALL Testing for up-regulated genes
2024-09-08 01:14:54.778098 - Find markers for: other
2024-09-08 01:14:58.782558 - Find markers for: random
2024-09-08 01:15:02.85486 - Building Table
** Done! **

                           gene      logFC log.p.value    log.FDR  std.logFC
ENSG00000138035 ENSG00000138035 0.09987804   -9.266432 -0.6059519 0.10501461
ENSG00000161265 ENSG00000161265 0.03498204   -9.118769 -0.6059519 0.10396335
ENSG00000087502 ENSG00000087502 0.08380744   -9.007542 -0.6059519 0.10316523
ENSG00000180044 ENSG00000180044 0.01812275   -8.935248 -0.6059519 0.10264353
ENSG00000147400 ENSG00000147400 0.05209664   -8.609379 -0.5065164 0.10026222
ENSG00000235118 ENSG00000235118 0.01320379   -8.301995 -0.5065164 0.09796943
                cellType.target std.logFC.rank     std.logFC.anno
ENSG00000138035          random              1  std logFC = 0.105
ENSG00000161265          random              2  std logFC = 0.104
ENSG00000087502          random              3  std logFC = 0.103
ENSG00000180044          random              4  std logFC = 0.103
ENSG00000147400          random              5    std logFC = 0.1
ENSG00000235118          random              6  std logFC = 0.098
[1] 449
Running 1vALL Testing for up-regulated genes
2024-09-08 01:15:03.035571 - Find markers for: other
2024-09-08 01:15:07.123515 - Find markers for: random
2024-09-08 01:15:11.138246 - Building Table
** Done! **

                           gene       logFC log.p.value    log.FDR std.logFC
ENSG00000204930 ENSG00000204930 0.013188148  -13.586464 -3.8708740 0.1315993
ENSG00000183128 ENSG00000183128 0.002730059  -11.318248 -2.6875701 0.1180057
ENSG00000172410 ENSG00000172410 0.010905662  -11.304548 -2.6875701 0.1179193
ENSG00000168994 ENSG00000168994 0.046974163  -10.586779 -2.2574829 0.1133078
ENSG00000125430 ENSG00000125430 0.019257359   -8.741392 -0.8668442 0.1005931
ENSG00000162493 ENSG00000162493 0.027357484   -8.669394 -0.8668442 0.1000680
                cellType.target std.logFC.rank     std.logFC.anno
ENSG00000204930          random              1  std logFC = 0.132
ENSG00000183128          random              2  std logFC = 0.118
ENSG00000172410          random              3  std logFC = 0.118
ENSG00000168994          random              4  std logFC = 0.113
ENSG00000125430          random              5  std logFC = 0.101
ENSG00000162493          random              6    std logFC = 0.1
[1] 450
Running 1vALL Testing for up-regulated genes
2024-09-08 01:15:11.320512 - Find markers for: other
2024-09-08 01:15:15.377975 - Find markers for: random
2024-09-08 01:15:19.279844 - Building Table
** Done! **

                           gene      logFC log.p.value   log.FDR std.logFC
ENSG00000122386 ENSG00000122386 0.03533771  -10.416553 -1.374545 0.1123405
ENSG00000144230 ENSG00000144230 0.03213643  -10.019412 -1.374545 0.1096871
ENSG00000144214 ENSG00000144214 0.03033293   -9.619449 -1.374545 0.1069555
ENSG00000168040 ENSG00000168040 0.02199031   -9.536918 -1.374545 0.1063840
ENSG00000138623 ENSG00000138623 0.04351341   -9.480697 -1.374545 0.1059932
ENSG00000196843 ENSG00000196843 0.03418349   -9.164729 -1.371873 0.1037722
                cellType.target std.logFC.rank     std.logFC.anno
ENSG00000122386          random              1  std logFC = 0.112
ENSG00000144230          random              2   std logFC = 0.11
ENSG00000144214          random              3  std logFC = 0.107
ENSG00000168040          random              4  std logFC = 0.106
ENSG00000138623          random              5  std logFC = 0.106
ENSG00000196843          random              6  std logFC = 0.104
[1] 451
Running 1vALL Testing for up-regulated genes
2024-09-08 01:15:19.466471 - Find markers for: other
2024-09-08 01:15:23.570317 - Find markers for: random
2024-09-08 01:15:27.400955 - Building Table
** Done! **

                           gene       logFC log.p.value    log.FDR  std.logFC
ENSG00000170545 ENSG00000170545 0.016630060  -11.692874 -1.9772838 0.12047342
ENSG00000180901 ENSG00000180901 0.071750516  -10.245867 -1.2234233 0.11117363
ENSG00000185722 ENSG00000185722 0.101140849   -8.589023 -0.2811595 0.09958335
ENSG00000215148 ENSG00000215148 0.003629248   -8.330758 -0.2811595 0.09766766
ENSG00000149657 ENSG00000149657 0.045489541   -7.887014 -0.2811595 0.09429693
ENSG00000102409 ENSG00000102409 0.076994813   -7.886036 -0.2811595 0.09428938
                cellType.target std.logFC.rank     std.logFC.anno
ENSG00000170545          random              1   std logFC = 0.12
ENSG00000180901          random              2  std logFC = 0.111
ENSG00000185722          random              3    std logFC = 0.1
ENSG00000215148          random              4  std logFC = 0.098
ENSG00000149657          random              5  std logFC = 0.094
ENSG00000102409          random              6  std logFC = 0.094
[1] 452
Running 1vALL Testing for up-regulated genes
2024-09-08 01:15:27.584459 - Find markers for: other
2024-09-08 01:15:31.484681 - Find markers for: random
2024-09-08 01:15:35.504365 - Building Table
** Done! **

                           gene      logFC log.p.value   log.FDR std.logFC
ENSG00000139324 ENSG00000139324 0.11443343  -13.701174 -3.985583 0.1317800
ENSG00000256870 ENSG00000256870 0.04925282  -11.410548 -2.388105 0.1181627
ENSG00000159840 ENSG00000159840 0.05706648  -10.182521 -1.565543 0.1102392
ENSG00000197170 ENSG00000197170 0.07658966   -9.694483 -1.560313 0.1069443
ENSG00000138449 ENSG00000138449 0.03658080   -9.666466 -1.560313 0.1067524
ENSG00000156345 ENSG00000156345 0.03122924   -9.019812 -1.454399 0.1022343
                cellType.target std.logFC.rank     std.logFC.anno
ENSG00000139324          random              1  std logFC = 0.132
ENSG00000256870          random              2  std logFC = 0.118
ENSG00000159840          random              3   std logFC = 0.11
ENSG00000197170          random              4  std logFC = 0.107
ENSG00000138449          random              5  std logFC = 0.107
ENSG00000156345          random              6  std logFC = 0.102
[1] 453
Running 1vALL Testing for up-regulated genes
2024-09-08 01:15:35.678551 - Find markers for: other
2024-09-08 01:15:39.680475 - Find markers for: random
2024-09-08 01:15:43.630056 - Building Table
** Done! **

                           gene       logFC log.p.value    log.FDR std.logFC
ENSG00000131019 ENSG00000131019 0.023002527  -11.412358 -1.6967670 0.1184742
ENSG00000176198 ENSG00000176198 0.002684666   -9.218768 -0.8954948 0.1039062
ENSG00000186895 ENSG00000186895 0.008849882   -9.080172 -0.8954948 0.1029242
ENSG00000140263 ENSG00000140263 0.053320776   -9.002322 -0.8954948 0.1023690
ENSG00000255302 ENSG00000255302 0.084352745   -9.001647 -0.8954948 0.1023641
ENSG00000165280 ENSG00000165280 0.080502621   -8.738791 -0.8783464 0.1004692
                cellType.target std.logFC.rank     std.logFC.anno
ENSG00000131019          random              1  std logFC = 0.118
ENSG00000176198          random              2  std logFC = 0.104
ENSG00000186895          random              3  std logFC = 0.103
ENSG00000140263          random              4  std logFC = 0.102
ENSG00000255302          random              5  std logFC = 0.102
ENSG00000165280          random              6    std logFC = 0.1
[1] 454
Running 1vALL Testing for up-regulated genes
2024-09-08 01:15:43.81212 - Find markers for: other
2024-09-08 01:15:47.819596 - Find markers for: random
2024-09-08 01:15:51.974596 - Building Table
** Done! **

                           gene       logFC log.p.value    log.FDR  std.logFC
ENSG00000205423 ENSG00000205423 0.052253859  -10.885358 -1.1697676 0.11494726
ENSG00000069482 ENSG00000069482 0.009715574   -9.844181 -0.8334175 0.10807052
ENSG00000171540 ENSG00000171540 0.004333436   -9.348870 -0.8334175 0.10465775
ENSG00000189334 ENSG00000189334 0.005707202   -8.747584 -0.8334175 0.10037692
ENSG00000122482 ENSG00000122482 0.117462471   -8.715701 -0.8334175 0.10014541
ENSG00000083782 ENSG00000083782 0.001866047   -8.483820 -0.8334175 0.09844733
                cellType.target std.logFC.rank     std.logFC.anno
ENSG00000205423          random              1  std logFC = 0.115
ENSG00000069482          random              2  std logFC = 0.108
ENSG00000171540          random              3  std logFC = 0.105
ENSG00000189334          random              4    std logFC = 0.1
ENSG00000122482          random              5    std logFC = 0.1
ENSG00000083782          random              6  std logFC = 0.098
[1] 455
Running 1vALL Testing for up-regulated genes
2024-09-08 01:15:52.160931 - Find markers for: other
2024-09-08 01:15:56.126961 - Find markers for: random
2024-09-08 01:16:00.197372 - Building Table
** Done! **

                           gene       logFC log.p.value   log.FDR std.logFC
ENSG00000160606 ENSG00000160606 0.013132395  -11.922029 -2.723429 0.1219471
ENSG00000105967 ENSG00000105967 0.043109056  -11.745872 -2.723429 0.1208612
ENSG00000204252 ENSG00000204252 0.012491469  -10.831943 -2.214965 0.1150788
ENSG00000156482 ENSG00000156482 0.077892376   -9.874167 -1.634100 0.1087231
ENSG00000213215 ENSG00000213215 0.007633454   -9.698130 -1.634100 0.1075184
ENSG00000277494 ENSG00000277494 0.035414838   -9.212748 -1.634100 0.1041325
                cellType.target std.logFC.rank     std.logFC.anno
ENSG00000160606          random              1  std logFC = 0.122
ENSG00000105967          random              2  std logFC = 0.121
ENSG00000204252          random              3  std logFC = 0.115
ENSG00000156482          random              4  std logFC = 0.109
ENSG00000213215          random              5  std logFC = 0.108
ENSG00000277494          random              6  std logFC = 0.104
[1] 456
Running 1vALL Testing for up-regulated genes
2024-09-08 01:16:00.376499 - Find markers for: other
2024-09-08 01:16:04.243442 - Find markers for: random
2024-09-08 01:16:08.179697 - Building Table
** Done! **

                           gene       logFC log.p.value   log.FDR std.logFC
ENSG00000177096 ENSG00000177096 0.010211873  -12.428556 -3.110720 0.1247836
ENSG00000120457 ENSG00000120457 0.024956358  -12.133164 -3.110720 0.1230026
ENSG00000169291 ENSG00000169291 0.024593102  -11.257148 -2.640169 0.1175769
ENSG00000122224 ENSG00000122224 0.007768912   -9.535929 -1.349266 0.1061951
ENSG00000105497 ENSG00000105497 0.054603018   -9.408469 -1.349266 0.1053087
ENSG00000186810 ENSG00000186810 0.004346500   -9.273097 -1.349266 0.1043598
                cellType.target std.logFC.rank     std.logFC.anno
ENSG00000177096          random              1  std logFC = 0.125
ENSG00000120457          random              2  std logFC = 0.123
ENSG00000169291          random              3  std logFC = 0.118
ENSG00000122224          random              4  std logFC = 0.106
ENSG00000105497          random              5  std logFC = 0.105
ENSG00000186810          random              6  std logFC = 0.104
[1] 457
Running 1vALL Testing for up-regulated genes
2024-09-08 01:16:08.34881 - Find markers for: other
2024-09-08 01:16:12.326695 - Find markers for: random
2024-09-08 01:16:16.301051 - Building Table
** Done! **

                           gene      logFC log.p.value   log.FDR std.logFC
ENSG00000100504 ENSG00000100504 0.04610490  -11.934055 -2.218465 0.1219651
ENSG00000205307 ENSG00000205307 0.03146623  -11.150755 -2.128312 0.1170717
ENSG00000269404 ENSG00000269404 0.01411174  -10.143697 -1.629252 0.1104943
ENSG00000185668 ENSG00000185668 0.03363511   -9.958548 -1.629252 0.1092463
ENSG00000135624 ENSG00000135624 0.05175628   -9.618788 -1.512635 0.1069225
ENSG00000141655 ENSG00000141655 0.02931129   -8.560209 -1.022821 0.0993747
                cellType.target std.logFC.rank     std.logFC.anno
ENSG00000100504          random              1  std logFC = 0.122
ENSG00000205307          random              2  std logFC = 0.117
ENSG00000269404          random              3   std logFC = 0.11
ENSG00000185668          random              4  std logFC = 0.109
ENSG00000135624          random              5  std logFC = 0.107
ENSG00000141655          random              6  std logFC = 0.099
[1] 458
Running 1vALL Testing for up-regulated genes
2024-09-08 01:16:16.482674 - Find markers for: random
2024-09-08 01:16:20.470756 - Find markers for: other
2024-09-08 01:16:24.563726 - Building Table
** Done! **

                           gene       logFC log.p.value   log.FDR std.logFC
ENSG00000055332 ENSG00000055332 0.108486670  -10.689532 -1.109579 0.1137457
ENSG00000198178 ENSG00000198178 0.004834265   -9.945655 -1.109579 0.1088183
ENSG00000167700 ENSG00000167700 0.027848255   -9.300089 -1.109579 0.1043742
ENSG00000147596 ENSG00000147596 0.004356281   -9.070574 -1.109579 0.1027532
ENSG00000015413 ENSG00000015413 0.010464709   -9.068361 -1.109579 0.1027374
ENSG00000039987 ENSG00000039987 0.002807721   -9.033410 -1.109579 0.1024885
                cellType.target std.logFC.rank     std.logFC.anno
ENSG00000055332          random              1  std logFC = 0.114
ENSG00000198178          random              2  std logFC = 0.109
ENSG00000167700          random              3  std logFC = 0.104
ENSG00000147596          random              4  std logFC = 0.103
ENSG00000015413          random              5  std logFC = 0.103
ENSG00000039987          random              6  std logFC = 0.102
[1] 459
Running 1vALL Testing for up-regulated genes
2024-09-08 01:16:24.734552 - Find markers for: other
2024-09-08 01:16:28.684499 - Find markers for: random
2024-09-08 01:16:32.727344 - Building Table
** Done! **

                           gene       logFC log.p.value    log.FDR  std.logFC
ENSG00000156574 ENSG00000156574 0.007551009  -11.702472 -1.9868817 0.12004456
ENSG00000049768 ENSG00000049768 0.007570206   -9.273126 -0.6787621 0.10408401
ENSG00000162344 ENSG00000162344 0.016352179   -9.191988 -0.6787621 0.10351312
ENSG00000167900 ENSG00000167900 0.012807223   -9.008058 -0.6787621 0.10220853
ENSG00000187833 ENSG00000187833 0.001633797   -8.245763 -0.3292290 0.09663683
ENSG00000164220 ENSG00000164220 0.007561111   -7.925862 -0.3292290 0.09421292
                cellType.target std.logFC.rank     std.logFC.anno
ENSG00000156574          random              1   std logFC = 0.12
ENSG00000049768          random              2  std logFC = 0.104
ENSG00000162344          random              3  std logFC = 0.104
ENSG00000167900          random              4  std logFC = 0.102
ENSG00000187833          random              5  std logFC = 0.097
ENSG00000164220          random              6  std logFC = 0.094
[1] 460
Running 1vALL Testing for up-regulated genes
2024-09-08 01:16:32.925395 - Find markers for: other
2024-09-08 01:16:36.9123 - Find markers for: random
2024-09-08 01:16:40.964413 - Building Table
** Done! **

                           gene       logFC log.p.value    log.FDR  std.logFC
ENSG00000188827 ENSG00000188827 0.057801794  -11.293027 -1.5774362 0.11797062
ENSG00000177192 ENSG00000177192 0.060686156  -10.413379 -1.3909353 0.11228626
ENSG00000275591 ENSG00000275591 0.007176969   -9.498684 -0.8817058 0.10608696
ENSG00000174460 ENSG00000174460 0.042938352   -8.313775 -0.6334601 0.09754100
ENSG00000102854 ENSG00000102854 0.004099014   -8.305210 -0.6334601 0.09747683
ENSG00000171566 ENSG00000171566 0.055504919   -8.222521 -0.6334601 0.09685541
                cellType.target std.logFC.rank     std.logFC.anno
ENSG00000188827          random              1  std logFC = 0.118
ENSG00000177192          random              2  std logFC = 0.112
ENSG00000275591          random              3  std logFC = 0.106
ENSG00000174460          random              4  std logFC = 0.098
ENSG00000102854          random              5  std logFC = 0.097
ENSG00000171566          random              6  std logFC = 0.097
[1] 461
Running 1vALL Testing for up-regulated genes
2024-09-08 01:16:41.138546 - Find markers for: other
2024-09-08 01:16:45.181866 - Find markers for: random
2024-09-08 01:16:49.03952 - Building Table
** Done! **

                           gene       logFC log.p.value     log.FDR  std.logFC
ENSG00000129038 ENSG00000129038 0.039308020  -10.789909 -1.07431857 0.11427402
ENSG00000182177 ENSG00000182177 0.026930697   -8.953675 -0.23840110 0.10181012
ENSG00000125843 ENSG00000125843 0.035437673   -8.855379 -0.23840110 0.10110451
ENSG00000174992 ENSG00000174992 0.002728329   -7.890102 -0.09343162 0.09392950
ENSG00000091986 ENSG00000091986 0.028625385   -7.752787 -0.09343162 0.09286961
ENSG00000135451 ENSG00000135451 0.003702449   -7.553464 -0.09343162 0.09131215
                cellType.target std.logFC.rank     std.logFC.anno
ENSG00000129038          random              1  std logFC = 0.114
ENSG00000182177          random              2  std logFC = 0.102
ENSG00000125843          random              3  std logFC = 0.101
ENSG00000174992          random              4  std logFC = 0.094
ENSG00000091986          random              5  std logFC = 0.093
ENSG00000135451          random              6  std logFC = 0.091
[1] 462
Running 1vALL Testing for up-regulated genes
2024-09-08 01:16:49.215305 - Find markers for: random
2024-09-08 01:16:53.192534 - Find markers for: other
2024-09-08 01:16:57.333355 - Building Table
** Done! **

                           gene      logFC log.p.value   log.FDR std.logFC
ENSG00000101213 ENSG00000101213 0.01216985  -12.054502 -2.338911 0.1227006
ENSG00000171700 ENSG00000171700 0.02876016   -9.683526 -1.043284 0.1073677
ENSG00000198003 ENSG00000198003 0.03820369   -9.557526 -1.043284 0.1064977
ENSG00000140365 ENSG00000140365 0.04569329   -9.236718 -1.043284 0.1042533
ENSG00000115053 ENSG00000115053 0.08606137   -9.100298 -1.043284 0.1032857
ENSG00000122254 ENSG00000122254 0.10656951   -8.967115 -1.043284 0.1023333
                cellType.target std.logFC.rank     std.logFC.anno
ENSG00000101213          random              1  std logFC = 0.123
ENSG00000171700          random              2  std logFC = 0.107
ENSG00000198003          random              3  std logFC = 0.106
ENSG00000140365          random              4  std logFC = 0.104
ENSG00000115053          random              5  std logFC = 0.103
ENSG00000122254          random              6  std logFC = 0.102
[1] 463
Running 1vALL Testing for up-regulated genes
2024-09-08 01:16:57.515766 - Find markers for: random
2024-09-08 01:17:01.416599 - Find markers for: other
2024-09-08 01:17:05.501621 - Building Table
** Done! **

                           gene       logFC log.p.value   log.FDR  std.logFC
ENSG00000162761 ENSG00000162761 0.013166905  -10.221755 -1.130518 0.11098407
ENSG00000148795 ENSG00000148795 0.006581112   -9.926960 -1.130518 0.10900019
ENSG00000278828 ENSG00000278828 0.005289810   -9.252720 -1.130518 0.10433660
ENSG00000169750 ENSG00000169750 0.026154927   -8.893226 -1.130518 0.10177269
ENSG00000141434 ENSG00000141434 0.012833583   -8.640519 -1.130518 0.09993565
ENSG00000170162 ENSG00000170162 0.002571291   -8.590550 -1.130518 0.09956886
                cellType.target std.logFC.rank     std.logFC.anno
ENSG00000162761          random              1  std logFC = 0.111
ENSG00000148795          random              2  std logFC = 0.109
ENSG00000278828          random              3  std logFC = 0.104
ENSG00000169750          random              4  std logFC = 0.102
ENSG00000141434          random              5    std logFC = 0.1
ENSG00000170162          random              6    std logFC = 0.1
[1] 464
Running 1vALL Testing for up-regulated genes
2024-09-08 01:17:05.702458 - Find markers for: random
2024-09-08 01:17:09.951143 - Find markers for: other
2024-09-08 01:17:14.011801 - Building Table
** Done! **

                           gene       logFC log.p.value     log.FDR  std.logFC
ENSG00000131475 ENSG00000131475 0.026532632   -8.429692 -0.00030396 0.09784908
ENSG00000163661 ENSG00000163661 0.009041091   -8.267536 -0.00030396 0.09664422
ENSG00000107165 ENSG00000107165 0.002997453   -7.791300 -0.00030396 0.09302713
ENSG00000148835 ENSG00000148835 0.029933116   -7.725498 -0.00030396 0.09251768
ENSG00000176302 ENSG00000176302 0.004198068   -7.725354 -0.00030396 0.09251657
ENSG00000224940 ENSG00000224940 0.022995524   -7.720901 -0.00030396 0.09248200
                cellType.target std.logFC.rank     std.logFC.anno
ENSG00000131475          random              1  std logFC = 0.098
ENSG00000163661          random              2  std logFC = 0.097
ENSG00000107165          random              3  std logFC = 0.093
ENSG00000148835          random              4  std logFC = 0.093
ENSG00000176302          random              5  std logFC = 0.093
ENSG00000224940          random              6  std logFC = 0.092
[1] 465
Running 1vALL Testing for up-regulated genes
2024-09-08 01:17:14.2075 - Find markers for: other
2024-09-08 01:17:18.276354 - Find markers for: random
2024-09-08 01:17:22.381676 - Building Table
** Done! **

                           gene       logFC log.p.value    log.FDR  std.logFC
ENSG00000213892 ENSG00000213892 0.001778802  -10.601213 -1.2765712 0.11319637
ENSG00000107821 ENSG00000107821 0.005661314   -9.884596 -1.2765712 0.10842949
ENSG00000166166 ENSG00000166166 0.037412108   -9.609785 -1.2765712 0.10655093
ENSG00000134548 ENSG00000134548 0.028081719   -9.453077 -1.2765712 0.10546636
ENSG00000278637 ENSG00000278637 0.003412669   -9.382724 -1.2765712 0.10497620
ENSG00000283516 ENSG00000283516 0.003072929   -8.661342 -0.9779193 0.09982764
                cellType.target std.logFC.rank     std.logFC.anno
ENSG00000213892          random              1  std logFC = 0.113
ENSG00000107821          random              2  std logFC = 0.108
ENSG00000166166          random              3  std logFC = 0.107
ENSG00000134548          random              4  std logFC = 0.105
ENSG00000278637          random              5  std logFC = 0.105
ENSG00000283516          random              6    std logFC = 0.1
[1] 466
Running 1vALL Testing for up-regulated genes
2024-09-08 01:17:22.559574 - Find markers for: other
2024-09-08 01:17:26.661582 - Find markers for: random
2024-09-08 01:17:30.522187 - Building Table
** Done! **

                           gene       logFC log.p.value    log.FDR  std.logFC
ENSG00000140265 ENSG00000140265 0.039574918   -9.626476 -0.1895041 0.10689210
ENSG00000085741 ENSG00000085741 0.014078119   -8.316900 -0.1895041 0.09749123
ENSG00000173728 ENSG00000173728 0.011565814   -8.251393 -0.1895041 0.09699997
ENSG00000164053 ENSG00000164053 0.034618683   -7.943143 -0.1895041 0.09465846
ENSG00000141568 ENSG00000141568 0.100069377   -7.922420 -0.1895041 0.09449923
ENSG00000099769 ENSG00000099769 0.007784989   -7.796503 -0.1895041 0.09352666
                cellType.target std.logFC.rank     std.logFC.anno
ENSG00000140265          random              1  std logFC = 0.107
ENSG00000085741          random              2  std logFC = 0.097
ENSG00000173728          random              3  std logFC = 0.097
ENSG00000164053          random              4  std logFC = 0.095
ENSG00000141568          random              5  std logFC = 0.094
ENSG00000099769          random              6  std logFC = 0.094
[1] 467
Running 1vALL Testing for up-regulated genes
2024-09-08 01:17:30.705324 - Find markers for: random
2024-09-08 01:17:34.757275 - Find markers for: other
2024-09-08 01:17:38.707415 - Building Table
** Done! **

                           gene       logFC log.p.value    log.FDR  std.logFC
ENSG00000126562 ENSG00000126562 0.009495312  -11.476098 -1.7605073 0.11972447
ENSG00000197561 ENSG00000197561 0.004487509  -10.281898 -1.3346632 0.11197702
ENSG00000196154 ENSG00000196154 0.011510047   -9.673336 -1.3346632 0.10783738
ENSG00000102243 ENSG00000102243 0.002024628   -9.663959 -1.3346632 0.10777248
ENSG00000122679 ENSG00000122679 0.020456338   -8.514942 -0.5683228 0.09953795
ENSG00000167842 ENSG00000167842 0.045240264   -8.222410 -0.5683228 0.09734384
                cellType.target std.logFC.rank     std.logFC.anno
ENSG00000126562          random              1   std logFC = 0.12
ENSG00000197561          random              2  std logFC = 0.112
ENSG00000196154          random              3  std logFC = 0.108
ENSG00000102243          random              4  std logFC = 0.108
ENSG00000122679          random              5    std logFC = 0.1
ENSG00000167842          random              6  std logFC = 0.097
[1] 468
Running 1vALL Testing for up-regulated genes
2024-09-08 01:17:38.903237 - Find markers for: other
2024-09-08 01:17:42.906699 - Find markers for: random
2024-09-08 01:17:46.877176 - Building Table
** Done! **

                           gene       logFC log.p.value   log.FDR std.logFC
ENSG00000146166 ENSG00000146166 0.011122022   -9.568803 -1.025846 0.1065191
ENSG00000137745 ENSG00000137745 0.001400730   -9.084976 -1.025846 0.1031217
ENSG00000164695 ENSG00000164695 0.006139923   -9.072209 -1.025846 0.1030307
ENSG00000198242 ENSG00000198242 0.070850291   -8.947129 -1.025846 0.1021354
ENSG00000253910 ENSG00000253910 0.013481647   -8.821993 -1.025846 0.1012327
ENSG00000179023 ENSG00000179023 0.001764445   -8.739439 -1.025846 0.1006333
                cellType.target std.logFC.rank     std.logFC.anno
ENSG00000146166          random              1  std logFC = 0.107
ENSG00000137745          random              2  std logFC = 0.103
ENSG00000164695          random              3  std logFC = 0.103
ENSG00000198242          random              4  std logFC = 0.102
ENSG00000253910          random              5  std logFC = 0.101
ENSG00000179023          random              6  std logFC = 0.101
[1] 469
Running 1vALL Testing for up-regulated genes
2024-09-08 01:17:47.066085 - Find markers for: other
2024-09-08 01:17:51.074609 - Find markers for: random
2024-09-08 01:17:54.999189 - Building Table
** Done! **

                           gene       logFC log.p.value    log.FDR  std.logFC
ENSG00000198574 ENSG00000198574 0.006413069  -10.301559 -0.8008688 0.11132382
ENSG00000143036 ENSG00000143036 0.054315580   -9.289498 -0.8008688 0.10441582
ENSG00000168118 ENSG00000168118 0.083489996   -9.162468 -0.8008688 0.10351981
ENSG00000165606 ENSG00000165606 0.008668909   -9.130165 -0.8008688 0.10329086
ENSG00000170209 ENSG00000170209 0.022793242   -8.480405 -0.6526477 0.09858625
ENSG00000206474 ENSG00000206474 0.002918416   -8.316072 -0.6526477 0.09736476
                cellType.target std.logFC.rank     std.logFC.anno
ENSG00000198574          random              1  std logFC = 0.111
ENSG00000143036          random              2  std logFC = 0.104
ENSG00000168118          random              3  std logFC = 0.104
ENSG00000165606          random              4  std logFC = 0.103
ENSG00000170209          random              5  std logFC = 0.099
ENSG00000206474          random              6  std logFC = 0.097
[1] 470
Running 1vALL Testing for up-regulated genes
2024-09-08 01:17:55.169489 - Find markers for: random
2024-09-08 01:17:59.053874 - Find markers for: other
2024-09-08 01:18:03.006556 - Building Table
** Done! **

                           gene       logFC log.p.value    log.FDR std.logFC
ENSG00000141934 ENSG00000141934 0.070667906  -10.888264 -1.1726738 0.1148777
ENSG00000109099 ENSG00000109099 0.111218049   -9.839256 -1.0714315 0.1079542
ENSG00000149633 ENSG00000149633 0.122983196   -9.688410 -1.0714315 0.1069256
ENSG00000164283 ENSG00000164283 0.005890875   -9.159434 -0.9793436 0.1032468
ENSG00000117115 ENSG00000117115 0.115985670   -9.085496 -0.9793436 0.1027232
ENSG00000166578 ENSG00000166578 0.042777631   -8.802469 -0.8786383 0.1006970
                cellType.target std.logFC.rank     std.logFC.anno
ENSG00000141934          random              1  std logFC = 0.115
ENSG00000109099          random              2  std logFC = 0.108
ENSG00000149633          random              3  std logFC = 0.107
ENSG00000164283          random              4  std logFC = 0.103
ENSG00000117115          random              5  std logFC = 0.103
ENSG00000166578          random              6  std logFC = 0.101
[1] 471
Running 1vALL Testing for up-regulated genes
2024-09-08 01:18:03.172855 - Find markers for: other
2024-09-08 01:18:07.183255 - Find markers for: random
2024-09-08 01:18:11.042147 - Building Table
** Done! **

                           gene       logFC log.p.value    log.FDR  std.logFC
ENSG00000130182 ENSG00000130182 0.001171374   -9.787923 -0.9968419 0.10773117
ENSG00000094796 ENSG00000094796 0.002724417   -9.691772 -0.9968419 0.10707388
ENSG00000197253 ENSG00000197253 0.002383116   -9.613820 -0.9968419 0.10653836
ENSG00000161956 ENSG00000161956 0.056199603   -8.264503 -0.4303389 0.09685625
ENSG00000253148 ENSG00000253148 0.013416385   -8.048317 -0.4303389 0.09522489
ENSG00000170545 ENSG00000170545 0.013130655   -8.030192 -0.4303389 0.09508700
                cellType.target std.logFC.rank     std.logFC.anno
ENSG00000130182          random              1  std logFC = 0.108
ENSG00000094796          random              2  std logFC = 0.107
ENSG00000197253          random              3  std logFC = 0.107
ENSG00000161956          random              4  std logFC = 0.097
ENSG00000253148          random              5  std logFC = 0.095
ENSG00000170545          random              6  std logFC = 0.095
[1] 472
Running 1vALL Testing for up-regulated genes
2024-09-08 01:18:11.233745 - Find markers for: other
2024-09-08 01:18:15.389362 - Find markers for: random
2024-09-08 01:18:19.503716 - Building Table
** Done! **

                           gene       logFC log.p.value   log.FDR std.logFC
ENSG00000168418 ENSG00000168418 0.010556035  -12.837913 -3.122323 0.1270514
ENSG00000174939 ENSG00000174939 0.078836803  -10.152376 -1.129932 0.1102516
ENSG00000104321 ENSG00000104321 0.004898246   -9.436979 -1.090435 0.1053728
ENSG00000168067 ENSG00000168067 0.057135208   -9.419731 -1.090435 0.1052526
ENSG00000257057 ENSG00000257057 0.021909769   -8.987514 -1.066172 0.1022018
ENSG00000115607 ENSG00000115607 0.002266985   -8.829021 -1.066172 0.1010627
                cellType.target std.logFC.rank     std.logFC.anno
ENSG00000168418          random              1  std logFC = 0.127
ENSG00000174939          random              2   std logFC = 0.11
ENSG00000104321          random              3  std logFC = 0.105
ENSG00000168067          random              4  std logFC = 0.105
ENSG00000257057          random              5  std logFC = 0.102
ENSG00000115607          random              6  std logFC = 0.101
[1] 473
Running 1vALL Testing for up-regulated genes
2024-09-08 01:18:19.714463 - Find markers for: other
2024-09-08 01:18:23.746002 - Find markers for: random
2024-09-08 01:18:27.633626 - Building Table
** Done! **

                           gene       logFC log.p.value    log.FDR std.logFC
ENSG00000175315 ENSG00000175315 0.001287846   -9.118856 -0.8525369 0.1036702
ENSG00000174807 ENSG00000174807 0.006089772   -9.097586 -0.8525369 0.1035184
ENSG00000090339 ENSG00000090339 0.020941852   -8.906902 -0.8525369 0.1021489
ENSG00000198848 ENSG00000198848 0.005179384   -8.820287 -0.8525369 0.1015214
ENSG00000256394 ENSG00000256394 0.002030615   -8.615205 -0.8525369 0.1000218
ENSG00000112237 ENSG00000112237 0.080331678   -8.510308 -0.8525369 0.0992471
                cellType.target std.logFC.rank     std.logFC.anno
ENSG00000175315          random              1  std logFC = 0.104
ENSG00000174807          random              2  std logFC = 0.104
ENSG00000090339          random              3  std logFC = 0.102
ENSG00000198848          random              4  std logFC = 0.102
ENSG00000256394          random              5    std logFC = 0.1
ENSG00000112237          random              6  std logFC = 0.099
[1] 474
Running 1vALL Testing for up-regulated genes
2024-09-08 01:18:27.804347 - Find markers for: other
2024-09-08 01:18:31.94331 - Find markers for: random
2024-09-08 01:18:36.09681 - Building Table
** Done! **

                           gene       logFC log.p.value    log.FDR  std.logFC
ENSG00000132746 ENSG00000132746 0.002049674  -11.509086 -1.7934950 0.11889763
ENSG00000196844 ENSG00000196844 0.019753508  -10.313496 -1.2910526 0.11122059
ENSG00000180999 ENSG00000180999 0.020310153   -9.165908 -0.5489301 0.10337462
ENSG00000008056 ENSG00000008056 0.077501759   -8.852960 -0.5236637 0.10114147
ENSG00000116809 ENSG00000116809 0.055286519   -8.392584 -0.4740530 0.09777478
ENSG00000178726 ENSG00000178726 0.010066374   -7.996349 -0.4740530 0.09479346
                cellType.target std.logFC.rank     std.logFC.anno
ENSG00000132746          random              1  std logFC = 0.119
ENSG00000196844          random              2  std logFC = 0.111
ENSG00000180999          random              3  std logFC = 0.103
ENSG00000008056          random              4  std logFC = 0.101
ENSG00000116809          random              5  std logFC = 0.098
ENSG00000178726          random              6  std logFC = 0.095
[1] 475
Running 1vALL Testing for up-regulated genes
2024-09-08 01:18:36.288155 - Find markers for: other
2024-09-08 01:18:40.167081 - Find markers for: random
2024-09-08 01:18:44.042143 - Building Table
** Done! **

                           gene       logFC log.p.value    log.FDR  std.logFC
ENSG00000167625 ENSG00000167625 0.031179876  -10.265723 -0.5501329 0.11127685
ENSG00000175065 ENSG00000175065 0.001880691   -9.545103 -0.5345369 0.10638097
ENSG00000163344 ENSG00000163344 0.047970730   -9.151515 -0.5345369 0.10362014
ENSG00000122033 ENSG00000122033 0.070336776   -8.290810 -0.2057292 0.09734292
ENSG00000107882 ENSG00000107882 0.090494609   -8.203419 -0.2057292 0.09668559
ENSG00000121989 ENSG00000121989 0.098423397   -7.824808 -0.2057292 0.09379142
                cellType.target std.logFC.rank     std.logFC.anno
ENSG00000167625          random              1  std logFC = 0.111
ENSG00000175065          random              2  std logFC = 0.106
ENSG00000163344          random              3  std logFC = 0.104
ENSG00000122033          random              4  std logFC = 0.097
ENSG00000107882          random              5  std logFC = 0.097
ENSG00000121989          random              6  std logFC = 0.094
[1] 476
Running 1vALL Testing for up-regulated genes
2024-09-08 01:18:44.221398 - Find markers for: other
2024-09-08 01:18:48.31604 - Find markers for: random
2024-09-08 01:18:52.371536 - Building Table
** Done! **

                           gene       logFC log.p.value    log.FDR  std.logFC
ENSG00000130876 ENSG00000130876 0.034378985  -11.986058 -2.8350464 0.12137541
ENSG00000105146 ENSG00000105146 0.017155286  -11.857490 -2.8350464 0.12059231
ENSG00000162896 ENSG00000162896 0.004137269  -11.011152 -2.3941741 0.11531713
ENSG00000144909 ENSG00000144909 0.097248359   -9.561506 -1.2322097 0.10573507
ENSG00000170855 ENSG00000170855 0.019645280   -9.080213 -0.9740606 0.10237752
ENSG00000115194 ENSG00000115194 0.011028932   -8.676916 -0.7530853 0.09948702
                cellType.target std.logFC.rank     std.logFC.anno
ENSG00000130876          random              1  std logFC = 0.121
ENSG00000105146          random              2  std logFC = 0.121
ENSG00000162896          random              3  std logFC = 0.115
ENSG00000144909          random              4  std logFC = 0.106
ENSG00000170855          random              5  std logFC = 0.102
ENSG00000115194          random              6  std logFC = 0.099
[1] 477
Running 1vALL Testing for up-regulated genes
2024-09-08 01:18:52.562549 - Find markers for: other
2024-09-08 01:18:56.544157 - Find markers for: random
2024-09-08 01:19:00.421243 - Building Table
** Done! **

                           gene       logFC log.p.value   log.FDR std.logFC
ENSG00000174837 ENSG00000174837 0.009767264  -13.943654 -4.228064 0.1345142
ENSG00000080511 ENSG00000080511 0.005704631  -11.283485 -2.261041 0.1185710
ENSG00000166920 ENSG00000166920 0.011174044  -10.193437 -1.576459 0.1114450
ENSG00000162399 ENSG00000162399 0.006708334   -9.773305 -1.444009 0.1085867
ENSG00000274588 ENSG00000274588 0.036218091   -9.374021 -1.267868 0.1058065
ENSG00000069482 ENSG00000069482 0.009237059   -8.944102 -1.146370 0.1027384
                cellType.target std.logFC.rank     std.logFC.anno
ENSG00000174837          random              1  std logFC = 0.135
ENSG00000080511          random              2  std logFC = 0.119
ENSG00000166920          random              3  std logFC = 0.111
ENSG00000162399          random              4  std logFC = 0.109
ENSG00000274588          random              5  std logFC = 0.106
ENSG00000069482          random              6  std logFC = 0.103
[1] 478
Running 1vALL Testing for up-regulated genes
2024-09-08 01:19:00.616389 - Find markers for: other
2024-09-08 01:19:04.601068 - Find markers for: random
2024-09-08 01:19:08.68574 - Building Table
** Done! **

                           gene       logFC log.p.value   log.FDR std.logFC
ENSG00000100150 ENSG00000100150 0.101222226  -11.200477 -1.484887 0.1171317
ENSG00000215595 ENSG00000215595 0.009329217  -10.342993 -1.344028 0.1115796
ENSG00000163975 ENSG00000163975 0.032062243   -9.425137 -1.344028 0.1053473
ENSG00000136560 ENSG00000136560 0.116859267   -9.424843 -1.344028 0.1053452
ENSG00000204217 ENSG00000204217 0.139711065   -9.385110 -1.344028 0.1050680
ENSG00000103707 ENSG00000103707 0.083451730   -9.267859 -1.344028 0.1042461
                cellType.target std.logFC.rank     std.logFC.anno
ENSG00000100150          random              1  std logFC = 0.117
ENSG00000215595          random              2  std logFC = 0.112
ENSG00000163975          random              3  std logFC = 0.105
ENSG00000136560          random              4  std logFC = 0.105
ENSG00000204217          random              5  std logFC = 0.105
ENSG00000103707          random              6  std logFC = 0.104
[1] 479
Running 1vALL Testing for up-regulated genes
2024-09-08 01:19:08.868857 - Find markers for: other
2024-09-08 01:19:13.004027 - Find markers for: random
2024-09-08 01:19:17.139511 - Building Table
** Done! **

                           gene      logFC log.p.value    log.FDR  std.logFC
ENSG00000087301 ENSG00000087301 0.10756918  -10.057374 -0.7289096 0.11006122
ENSG00000115165 ENSG00000115165 0.02663186   -9.562523 -0.7289096 0.10667597
ENSG00000141873 ENSG00000141873 0.03406829   -9.088482 -0.7289096 0.10334074
ENSG00000121966 ENSG00000121966 0.02219395   -9.023984 -0.7289096 0.10287954
ENSG00000011114 ENSG00000011114 0.11421134   -8.670312 -0.7289096 0.10031732
ENSG00000284713 ENSG00000284713 0.01045692   -8.609351 -0.7289096 0.09986982
                cellType.target std.logFC.rank     std.logFC.anno
ENSG00000087301          random              1   std logFC = 0.11
ENSG00000115165          random              2  std logFC = 0.107
ENSG00000141873          random              3  std logFC = 0.103
ENSG00000121966          random              4  std logFC = 0.103
ENSG00000011114          random              5    std logFC = 0.1
ENSG00000284713          random              6    std logFC = 0.1
[1] 480
Running 1vALL Testing for up-regulated genes
2024-09-08 01:19:17.327134 - Find markers for: other
2024-09-08 01:19:21.387447 - Find markers for: random
2024-09-08 01:19:25.341741 - Building Table
** Done! **

                           gene       logFC log.p.value   log.FDR std.logFC
ENSG00000035720 ENSG00000035720 0.011019878  -13.124943 -3.409353 0.1297442
ENSG00000158473 ENSG00000158473 0.004976953  -11.834352 -3.174720 0.1219771
ENSG00000142182 ENSG00000142182 0.004817238  -11.791698 -3.174720 0.1217127
ENSG00000277481 ENSG00000277481 0.022220595  -10.297931 -1.968635 0.1120985
ENSG00000181847 ENSG00000181847 0.010275868   -9.777050 -1.670897 0.1085667
ENSG00000178913 ENSG00000178913 0.072130317   -9.520721 -1.596890 0.1067904
                cellType.target std.logFC.rank     std.logFC.anno
ENSG00000035720          random              1   std logFC = 0.13
ENSG00000158473          random              2  std logFC = 0.122
ENSG00000142182          random              3  std logFC = 0.122
ENSG00000277481          random              4  std logFC = 0.112
ENSG00000181847          random              5  std logFC = 0.109
ENSG00000178913          random              6  std logFC = 0.107
[1] 481
Running 1vALL Testing for up-regulated genes
2024-09-08 01:19:25.523079 - Find markers for: other
2024-09-08 01:19:29.369722 - Find markers for: random
2024-09-08 01:19:33.267027 - Building Table
** Done! **

                           gene      logFC log.p.value   log.FDR std.logFC
ENSG00000164764 ENSG00000164764 0.01558868  -12.968510 -3.252919 0.1282072
ENSG00000188763 ENSG00000188763 0.01546098  -11.749811 -2.727368 0.1208695
ENSG00000047315 ENSG00000047315 0.08375765   -9.821655 -1.240603 0.1083505
ENSG00000144407 ENSG00000144407 0.05029026   -9.569899 -1.240603 0.1066190
ENSG00000131620 ENSG00000131620 0.05379338   -9.021733 -1.035890 0.1027591
ENSG00000171466 ENSG00000171466 0.07706351   -8.959721 -1.035890 0.1023144
                cellType.target std.logFC.rank     std.logFC.anno
ENSG00000164764          random              1  std logFC = 0.128
ENSG00000188763          random              2  std logFC = 0.121
ENSG00000047315          random              3  std logFC = 0.108
ENSG00000144407          random              4  std logFC = 0.107
ENSG00000131620          random              5  std logFC = 0.103
ENSG00000171466          random              6  std logFC = 0.102
[1] 482
Running 1vALL Testing for up-regulated genes
2024-09-08 01:19:33.444433 - Find markers for: other
2024-09-08 01:19:37.595676 - Find markers for: random
2024-09-08 01:19:41.576667 - Building Table
** Done! **

                           gene       logFC log.p.value    log.FDR  std.logFC
ENSG00000188761 ENSG00000188761 0.028720380  -10.777210 -1.0616200 0.11445263
ENSG00000015520 ENSG00000015520 0.003503038   -9.642768 -0.9636776 0.10688342
ENSG00000121858 ENSG00000121858 0.021949804   -9.580656 -0.9636776 0.10645512
ENSG00000205899 ENSG00000205899 0.002325145   -9.203176 -0.9570800 0.10381838
ENSG00000152705 ENSG00000152705 0.008287348   -9.063233 -0.9570800 0.10282563
ENSG00000161381 ENSG00000161381 0.046907112   -8.297718 -0.4809161 0.09723752
                cellType.target std.logFC.rank     std.logFC.anno
ENSG00000188761          random              1  std logFC = 0.114
ENSG00000015520          random              2  std logFC = 0.107
ENSG00000121858          random              3  std logFC = 0.106
ENSG00000205899          random              4  std logFC = 0.104
ENSG00000152705          random              5  std logFC = 0.103
ENSG00000161381          random              6  std logFC = 0.097
[1] 483
Running 1vALL Testing for up-regulated genes
2024-09-08 01:19:41.775503 - Find markers for: other
2024-09-08 01:19:45.884718 - Find markers for: random
2024-09-08 01:19:49.931343 - Building Table
** Done! **

                           gene       logFC log.p.value   log.FDR std.logFC
ENSG00000081800 ENSG00000081800 0.007882302  -13.889516 -4.173926 0.1339372
ENSG00000185883 ENSG00000185883 0.110751565  -10.384338 -1.484460 0.1124956
ENSG00000115616 ENSG00000115616 0.048730548   -9.559411 -1.484460 0.1068899
ENSG00000150316 ENSG00000150316 0.059745986   -9.511567 -1.484460 0.1065567
ENSG00000169992 ENSG00000169992 0.075021712   -9.304966 -1.484460 0.1051072
ENSG00000167114 ENSG00000167114 0.079656272   -9.222949 -1.484460 0.1045268
                cellType.target std.logFC.rank     std.logFC.anno
ENSG00000081800          random              1  std logFC = 0.134
ENSG00000185883          random              2  std logFC = 0.112
ENSG00000115616          random              3  std logFC = 0.107
ENSG00000150316          random              4  std logFC = 0.107
ENSG00000169992          random              5  std logFC = 0.105
ENSG00000167114          random              6  std logFC = 0.105
[1] 484
Running 1vALL Testing for up-regulated genes
2024-09-08 01:19:50.116153 - Find markers for: other
2024-09-08 01:19:54.086212 - Find markers for: random
2024-09-08 01:19:58.047229 - Building Table
** Done! **

                           gene       logFC log.p.value   log.FDR  std.logFC
ENSG00000077984 ENSG00000077984 0.006578839  -10.826671 -1.130329 0.11463002
ENSG00000124827 ENSG00000124827 0.005967174   -9.939076 -1.130329 0.10877082
ENSG00000128617 ENSG00000128617 0.004177197   -9.508713 -1.130329 0.10582565
ENSG00000169876 ENSG00000169876 0.006115120   -9.459625 -1.130329 0.10548506
ENSG00000148677 ENSG00000148677 0.008783671   -8.318560 -0.467972 0.09727256
ENSG00000276180 ENSG00000276180 0.002165536   -7.915052 -0.467972 0.09421873
                cellType.target std.logFC.rank     std.logFC.anno
ENSG00000077984          random              1  std logFC = 0.115
ENSG00000124827          random              2  std logFC = 0.109
ENSG00000128617          random              3  std logFC = 0.106
ENSG00000169876          random              4  std logFC = 0.105
ENSG00000148677          random              5  std logFC = 0.097
ENSG00000276180          random              6  std logFC = 0.094
[1] 485
Running 1vALL Testing for up-regulated genes
2024-09-08 01:19:58.230044 - Find markers for: other
2024-09-08 01:20:02.231617 - Find markers for: random
2024-09-08 01:20:06.242985 - Building Table
** Done! **

                           gene       logFC log.p.value    log.FDR  std.logFC
ENSG00000148702 ENSG00000148702 0.008704177  -10.403994 -0.6884038 0.11224566
ENSG00000156475 ENSG00000156475 0.158853912   -8.582233 -0.3866330 0.09955289
ENSG00000134042 ENSG00000134042 0.032483781   -8.580955 -0.3866330 0.09954349
ENSG00000104371 ENSG00000104371 0.001842189   -8.379114 -0.3866330 0.09804805
ENSG00000164530 ENSG00000164530 0.057173278   -7.853290 -0.3866330 0.09405487
ENSG00000203710 ENSG00000203710 0.029186023   -7.671571 -0.3866330 0.09264010
                cellType.target std.logFC.rank     std.logFC.anno
ENSG00000148702          random              1  std logFC = 0.112
ENSG00000156475          random              2    std logFC = 0.1
ENSG00000134042          random              3    std logFC = 0.1
ENSG00000104371          random              4  std logFC = 0.098
ENSG00000164530          random              5  std logFC = 0.094
ENSG00000203710          random              6  std logFC = 0.093
[1] 486
Running 1vALL Testing for up-regulated genes
2024-09-08 01:20:06.423077 - Find markers for: other
2024-09-08 01:20:10.49757 - Find markers for: random
2024-09-08 01:20:14.50858 - Building Table
** Done! **

                           gene       logFC log.p.value    log.FDR  std.logFC
ENSG00000186810 ENSG00000186810 0.004712854  -10.516360 -0.8843338 0.11317039
ENSG00000177706 ENSG00000177706 0.079752682   -9.906777 -0.8843338 0.10908975
ENSG00000145592 ENSG00000145592 0.089886624   -8.335052 -0.1579730 0.09787784
ENSG00000227877 ENSG00000227877 0.016730291   -8.162806 -0.1579730 0.09657969
ENSG00000186594 ENSG00000186594 0.026147317   -7.904120 -0.1579730 0.09460090
ENSG00000171201 ENSG00000171201 0.001605704   -7.902284 -0.1579730 0.09458673
                cellType.target std.logFC.rank     std.logFC.anno
ENSG00000186810          random              1  std logFC = 0.113
ENSG00000177706          random              2  std logFC = 0.109
ENSG00000145592          random              3  std logFC = 0.098
ENSG00000227877          random              4  std logFC = 0.097
ENSG00000186594          random              5  std logFC = 0.095
ENSG00000171201          random              6  std logFC = 0.095
[1] 487
Running 1vALL Testing for up-regulated genes
2024-09-08 01:20:14.681738 - Find markers for: other
2024-09-08 01:20:18.599814 - Find markers for: random
2024-09-08 01:20:22.669598 - Building Table
** Done! **

                           gene       logFC log.p.value   log.FDR std.logFC
ENSG00000108405 ENSG00000108405 0.019514778  -14.219320 -4.513894 0.1349304
ENSG00000215397 ENSG00000215397 0.007380305  -13.536338 -4.513894 0.1310825
ENSG00000164406 ENSG00000164406 0.017007753  -10.819563 -2.202584 0.1146203
ENSG00000197451 ENSG00000197451 0.051632775  -10.513978 -2.184682 0.1126327
ENSG00000165606 ENSG00000165606 0.009082571   -9.853892 -1.799387 0.1082277
ENSG00000205846 ENSG00000205846 0.003710537   -9.723218 -1.799387 0.1073365
                cellType.target std.logFC.rank     std.logFC.anno
ENSG00000108405          random              1  std logFC = 0.135
ENSG00000215397          random              2  std logFC = 0.131
ENSG00000164406          random              3  std logFC = 0.115
ENSG00000197451          random              4  std logFC = 0.113
ENSG00000165606          random              5  std logFC = 0.108
ENSG00000205846          random              6  std logFC = 0.107
[1] 488
Running 1vALL Testing for up-regulated genes
2024-09-08 01:20:22.861381 - Find markers for: other
2024-09-08 01:20:26.901586 - Find markers for: random
2024-09-08 01:20:30.851974 - Building Table
** Done! **

                           gene       logFC log.p.value    log.FDR  std.logFC
ENSG00000108515 ENSG00000108515 0.013363645  -11.142772 -1.4271814 0.11705843
ENSG00000170099 ENSG00000170099 0.001040869   -9.482456 -0.6677137 0.10601126
ENSG00000143028 ENSG00000143028 0.011751937   -9.284692 -0.6677137 0.10462615
ENSG00000182916 ENSG00000182916 0.049172033   -8.352355 -0.3711647 0.09786393
ENSG00000120656 ENSG00000120656 0.055234463   -8.271835 -0.3711647 0.09726056
ENSG00000164638 ENSG00000164638 0.044278689   -8.177163 -0.3711647 0.09654693
                cellType.target std.logFC.rank     std.logFC.anno
ENSG00000108515          random              1  std logFC = 0.117
ENSG00000170099          random              2  std logFC = 0.106
ENSG00000143028          random              3  std logFC = 0.105
ENSG00000182916          random              4  std logFC = 0.098
ENSG00000120656          random              5  std logFC = 0.097
ENSG00000164638          random              6  std logFC = 0.097
[1] 489
Running 1vALL Testing for up-regulated genes
2024-09-08 01:20:31.034816 - Find markers for: random
2024-09-08 01:20:35.143965 - Find markers for: other
2024-09-08 01:20:39.120025 - Building Table
** Done! **

                           gene       logFC log.p.value   log.FDR  std.logFC
ENSG00000175182 ENSG00000175182 0.067964368   -8.950627 -1.104879 0.10214579
ENSG00000077800 ENSG00000077800 0.007650393   -8.683744 -1.104879 0.10021262
ENSG00000126107 ENSG00000126107 0.037427292   -8.591143 -1.104879 0.09953414
ENSG00000203879 ENSG00000203879 0.093949300   -8.437517 -1.104879 0.09839947
ENSG00000238243 ENSG00000238243 0.001740155   -8.407305 -1.104879 0.09817496
ENSG00000167775 ENSG00000167775 0.041729906   -8.356051 -1.104879 0.09779307
                cellType.target std.logFC.rank     std.logFC.anno
ENSG00000175182          random              1  std logFC = 0.102
ENSG00000077800          random              2    std logFC = 0.1
ENSG00000126107          random              3    std logFC = 0.1
ENSG00000203879          random              4  std logFC = 0.098
ENSG00000238243          random              5  std logFC = 0.098
ENSG00000167775          random              6  std logFC = 0.098
[1] 490
Running 1vALL Testing for up-regulated genes
2024-09-08 01:20:39.303809 - Find markers for: other
2024-09-08 01:20:43.296668 - Find markers for: random
2024-09-08 01:20:47.400631 - Building Table
** Done! **

                           gene        logFC log.p.value    log.FDR  std.logFC
ENSG00000102100 ENSG00000102100 0.0302486116  -10.594735 -1.1044398 0.11356784
ENSG00000116906 ENSG00000116906 0.0780298669   -9.812482 -1.1044398 0.10833404
ENSG00000204290 ENSG00000204290 0.0100699455   -9.721418 -1.1044398 0.10770999
ENSG00000186652 ENSG00000186652 0.0009277026   -8.868079 -0.6144434 0.10169729
ENSG00000133454 ENSG00000133454 0.0200732671   -8.577830 -0.6144434 0.09957919
ENSG00000205693 ENSG00000205693 0.0132718652   -8.538274 -0.6144434 0.09928745
                cellType.target std.logFC.rank     std.logFC.anno
ENSG00000102100          random              1  std logFC = 0.114
ENSG00000116906          random              2  std logFC = 0.108
ENSG00000204290          random              3  std logFC = 0.108
ENSG00000186652          random              4  std logFC = 0.102
ENSG00000133454          random              5    std logFC = 0.1
ENSG00000205693          random              6  std logFC = 0.099
[1] 491
Running 1vALL Testing for up-regulated genes
2024-09-08 01:20:47.573077 - Find markers for: other
2024-09-08 01:20:51.544605 - Find markers for: random
2024-09-08 01:20:55.492728 - Building Table
** Done! **

                           gene       logFC log.p.value   log.FDR std.logFC
ENSG00000137090 ENSG00000137090 0.008704697  -10.853990 -1.787131 0.1151510
ENSG00000162438 ENSG00000162438 0.006232148  -10.608996 -1.787131 0.1135585
ENSG00000144191 ENSG00000144191 0.024877260  -10.404109 -1.787131 0.1122111
ENSG00000164849 ENSG00000164849 0.024388191   -9.696546 -1.481092 0.1074418
ENSG00000169962 ENSG00000169962 0.002730526   -9.587244 -1.481092 0.1066880
ENSG00000119403 ENSG00000119403 0.044439222   -8.943765 -1.176432 0.1021508
                cellType.target std.logFC.rank     std.logFC.anno
ENSG00000137090          random              1  std logFC = 0.115
ENSG00000162438          random              2  std logFC = 0.114
ENSG00000144191          random              3  std logFC = 0.112
ENSG00000164849          random              4  std logFC = 0.107
ENSG00000169962          random              5  std logFC = 0.107
ENSG00000119403          random              6  std logFC = 0.102
[1] 492
Running 1vALL Testing for up-regulated genes
2024-09-08 01:20:55.698966 - Find markers for: other
2024-09-08 01:20:59.808594 - Find markers for: random
2024-09-08 01:21:03.949542 - Building Table
** Done! **

                           gene       logFC log.p.value    log.FDR  std.logFC
ENSG00000007216 ENSG00000007216 0.004459357  -12.048020 -2.3324293 0.12279630
ENSG00000138606 ENSG00000138606 0.058874546  -10.116238 -1.3007775 0.11043059
ENSG00000172345 ENSG00000172345 0.017078090   -9.917756 -1.3007775 0.10908882
ENSG00000159495 ENSG00000159495 0.003156591   -9.220635 -0.8913391 0.10425444
ENSG00000168286 ENSG00000168286 0.023302178   -8.851934 -0.7457810 0.10161526
ENSG00000232237 ENSG00000232237 0.010065860   -8.462278 -0.5430107 0.09875861
                cellType.target std.logFC.rank     std.logFC.anno
ENSG00000007216          random              1  std logFC = 0.123
ENSG00000138606          random              2   std logFC = 0.11
ENSG00000172345          random              3  std logFC = 0.109
ENSG00000159495          random              4  std logFC = 0.104
ENSG00000168286          random              5  std logFC = 0.102
ENSG00000232237          random              6  std logFC = 0.099
[1] 493
Running 1vALL Testing for up-regulated genes
2024-09-08 01:21:04.137411 - Find markers for: other
2024-09-08 01:21:08.075187 - Find markers for: random
2024-09-08 01:21:11.965926 - Building Table
** Done! **

                           gene       logFC log.p.value    log.FDR std.logFC
ENSG00000172061 ENSG00000172061 0.005924063  -11.855098 -2.1395076 0.1213386
ENSG00000091317 ENSG00000091317 0.058172563  -10.749370 -1.7269269 0.1143578
ENSG00000183153 ENSG00000183153 0.006415385   -9.353431 -0.8527118 0.1049535
ENSG00000115353 ENSG00000115353 0.082397277   -9.149444 -0.8527118 0.1035156
ENSG00000172301 ENSG00000172301 0.050972163   -8.948463 -0.8527118 0.1020814
ENSG00000204103 ENSG00000204103 0.022729340   -8.776543 -0.8527118 0.1008403
                cellType.target std.logFC.rank     std.logFC.anno
ENSG00000172061          random              1  std logFC = 0.121
ENSG00000091317          random              2  std logFC = 0.114
ENSG00000183153          random              3  std logFC = 0.105
ENSG00000115353          random              4  std logFC = 0.104
ENSG00000172301          random              5  std logFC = 0.102
ENSG00000204103          random              6  std logFC = 0.101
[1] 494
Running 1vALL Testing for up-regulated genes
2024-09-08 01:21:12.150558 - Find markers for: other
2024-09-08 01:21:16.237943 - Find markers for: random
2024-09-08 01:21:20.150101 - Building Table
** Done! **

                           gene       logFC log.p.value    log.FDR  std.logFC
ENSG00000144354 ENSG00000144354 0.026000230  -10.914742 -1.4533313 0.11571420
ENSG00000175262 ENSG00000175262 0.009077082  -10.092662 -1.4533313 0.11029799
ENSG00000015479 ENSG00000015479 0.067284621  -10.070309 -1.4533313 0.11014739
ENSG00000156427 ENSG00000156427 0.018748141   -8.866486 -0.5371897 0.10174456
ENSG00000095981 ENSG00000095981 0.005555194   -8.534633 -0.4284800 0.09931795
ENSG00000166546 ENSG00000166546 0.038817561   -8.223436 -0.3085138 0.09699401
                cellType.target std.logFC.rank     std.logFC.anno
ENSG00000144354          random              1  std logFC = 0.116
ENSG00000175262          random              2   std logFC = 0.11
ENSG00000015479          random              3   std logFC = 0.11
ENSG00000156427          random              4  std logFC = 0.102
ENSG00000095981          random              5  std logFC = 0.099
ENSG00000166546          random              6  std logFC = 0.097
[1] 495
Running 1vALL Testing for up-regulated genes
2024-09-08 01:21:20.33094 - Find markers for: other
2024-09-08 01:21:24.451304 - Find markers for: random
2024-09-08 01:21:28.439742 - Building Table
** Done! **

                           gene       logFC log.p.value   log.FDR std.logFC
ENSG00000216490 ENSG00000216490 0.017095888  -14.052143 -4.336552 0.1337154
ENSG00000182950 ENSG00000182950 0.009979695  -13.168935 -4.146492 0.1286971
ENSG00000072609 ENSG00000072609 0.114502449  -11.331637 -2.714659 0.1176345
ENSG00000171320 ENSG00000171320 0.010284358  -10.670772 -2.341476 0.1134168
ENSG00000167098 ENSG00000167098 0.004289199   -9.728955 -1.804864 0.1071494
ENSG00000198805 ENSG00000198805 0.023344059   -9.612783 -1.804864 0.1063534
                cellType.target std.logFC.rank     std.logFC.anno
ENSG00000216490          random              1  std logFC = 0.134
ENSG00000182950          random              2  std logFC = 0.129
ENSG00000072609          random              3  std logFC = 0.118
ENSG00000171320          random              4  std logFC = 0.113
ENSG00000167098          random              5  std logFC = 0.107
ENSG00000198805          random              6  std logFC = 0.106
[1] 496
Running 1vALL Testing for up-regulated genes
2024-09-08 01:21:28.63938 - Find markers for: other
2024-09-08 01:21:32.629172 - Find markers for: random
2024-09-08 01:21:36.664824 - Building Table
** Done! **

                           gene       logFC log.p.value    log.FDR  std.logFC
ENSG00000100593 ENSG00000100593 0.026611242  -10.244368 -0.9238666 0.11156288
ENSG00000136881 ENSG00000136881 0.031857653   -9.946310 -0.9238666 0.10955164
ENSG00000104671 ENSG00000104671 0.042136524   -8.817076 -0.4354995 0.10161200
ENSG00000163793 ENSG00000163793 0.006168757   -8.764796 -0.4354995 0.10123108
ENSG00000186810 ENSG00000186810 0.003897277   -7.748706 -0.3044499 0.09355948
ENSG00000171954 ENSG00000171954 0.008013327   -7.631967 -0.3044499 0.09264274
                cellType.target std.logFC.rank     std.logFC.anno
ENSG00000100593          random              1  std logFC = 0.112
ENSG00000136881          random              2   std logFC = 0.11
ENSG00000104671          random              3  std logFC = 0.102
ENSG00000163793          random              4  std logFC = 0.101
ENSG00000186810          random              5  std logFC = 0.094
ENSG00000171954          random              6  std logFC = 0.093
[1] 497
Running 1vALL Testing for up-regulated genes
2024-09-08 01:21:36.835839 - Find markers for: other
2024-09-08 01:21:40.924067 - Find markers for: random
2024-09-08 01:21:45.085127 - Building Table
** Done! **

                           gene       logFC log.p.value   log.FDR std.logFC
ENSG00000221836 ENSG00000221836 0.005155246  -14.890833 -5.175243 0.1385946
ENSG00000166169 ENSG00000166169 0.074796644  -13.399961 -4.377518 0.1302803
ENSG00000162511 ENSG00000162511 0.040741676  -10.294986 -1.879367 0.1111705
ENSG00000106178 ENSG00000106178 0.003008503  -10.037792 -1.879367 0.1094530
ENSG00000181019 ENSG00000181019 0.033082523   -9.985520 -1.879367 0.1091010
ENSG00000137752 ENSG00000137752 0.016870153   -9.698262 -1.774431 0.1071480
                cellType.target std.logFC.rank     std.logFC.anno
ENSG00000221836          random              1  std logFC = 0.139
ENSG00000166169          random              2   std logFC = 0.13
ENSG00000162511          random              3  std logFC = 0.111
ENSG00000106178          random              4  std logFC = 0.109
ENSG00000181019          random              5  std logFC = 0.109
ENSG00000137752          random              6  std logFC = 0.107
[1] 498
Running 1vALL Testing for up-regulated genes
2024-09-08 01:21:45.26045 - Find markers for: other
2024-09-08 01:21:49.329026 - Find markers for: random
2024-09-08 01:21:53.418382 - Building Table
** Done! **

                           gene       logFC log.p.value   log.FDR std.logFC
ENSG00000162144 ENSG00000162144 0.056575450  -13.951281 -4.235691 0.1344848
ENSG00000136352 ENSG00000136352 0.029159289   -9.367230 -1.041559 0.1057015
ENSG00000180043 ENSG00000180043 0.002831326   -9.195765 -1.041559 0.1044876
ENSG00000249581 ENSG00000249581 0.004457169   -9.192865 -1.041559 0.1044670
ENSG00000102034 ENSG00000102034 0.024355303   -9.054617 -1.041559 0.1034789
ENSG00000099860 ENSG00000099860 0.053750645   -8.907847 -1.041559 0.1024206
                cellType.target std.logFC.rank     std.logFC.anno
ENSG00000162144          random              1  std logFC = 0.134
ENSG00000136352          random              2  std logFC = 0.106
ENSG00000180043          random              3  std logFC = 0.104
ENSG00000249581          random              4  std logFC = 0.104
ENSG00000102034          random              5  std logFC = 0.103
ENSG00000099860          random              6  std logFC = 0.102
[1] 499
Running 1vALL Testing for up-regulated genes
2024-09-08 01:21:53.614147 - Find markers for: random
2024-09-08 01:21:57.464532 - Find markers for: other
2024-09-08 01:22:01.298369 - Building Table
** Done! **

                           gene       logFC log.p.value   log.FDR std.logFC
ENSG00000077984 ENSG00000077984 0.007514094  -13.305952 -3.590362 0.1309596
ENSG00000108666 ENSG00000108666 0.064822359  -11.758972 -2.736529 0.1216579
ENSG00000188883 ENSG00000188883 0.015038350  -10.042956 -1.425978 0.1105172
ENSG00000248771 ENSG00000248771 0.009655061   -9.645857 -1.316561 0.1077924
ENSG00000167244 ENSG00000167244 0.003335380   -9.290916 -1.222576 0.1053037
ENSG00000130755 ENSG00000130755 0.028398953   -9.056831 -1.222576 0.1036335
                cellType.target std.logFC.rank     std.logFC.anno
ENSG00000077984          random              1  std logFC = 0.131
ENSG00000108666          random              2  std logFC = 0.122
ENSG00000188883          random              3  std logFC = 0.111
ENSG00000248771          random              4  std logFC = 0.108
ENSG00000167244          random              5  std logFC = 0.105
ENSG00000130755          random              6  std logFC = 0.104
[1] 500
[1] "Reproducibility information:"
[1] "2024-09-08 01:22:04 EDT"
    user   system  elapsed 
4104.893   11.856 4127.817 
─ Session info ───────────────────────────────────────────────────────────────────────────────────────────────────────
 setting  value
 version  R version 4.4.0 Patched (2024-05-22 r86590)
 os       Rocky Linux 9.4 (Blue Onyx)
 system   x86_64, linux-gnu
 ui       X11
 language (EN)
 collate  en_US.UTF-8
 ctype    en_US.UTF-8
 tz       US/Eastern
 date     2024-09-08
 pandoc   3.1.13 @ /jhpce/shared/community/core/conda_R/4.4/bin/pandoc

─ Packages ───────────────────────────────────────────────────────────────────────────────────────────────────────────
 package              * version   date (UTC) lib source
 abind                  1.4-5     2016-07-21 [2] CRAN (R 4.4.0)
 AnnotationDbi          1.66.0    2024-05-01 [2] Bioconductor 3.19 (R 4.4.0)
 AnnotationHub          3.12.0    2024-04-30 [2] Bioconductor 3.19 (R 4.4.0)
 attempt                0.3.1     2020-05-03 [2] CRAN (R 4.4.0)
 beachmat               2.20.0    2024-04-30 [2] Bioconductor 3.19 (R 4.4.0)
 beeswarm               0.4.0     2021-06-01 [2] CRAN (R 4.4.0)
 benchmarkme            1.0.8     2022-06-12 [2] CRAN (R 4.4.0)
 benchmarkmeData        1.0.4     2020-04-23 [2] CRAN (R 4.4.0)
 Biobase              * 2.64.0    2024-04-30 [2] Bioconductor 3.19 (R 4.4.0)
 BiocFileCache          2.12.0    2024-04-30 [2] Bioconductor 3.19 (R 4.4.0)
 BiocGenerics         * 0.50.0    2024-04-30 [2] Bioconductor 3.19 (R 4.4.0)
 BiocIO                 1.14.0    2024-04-30 [2] Bioconductor 3.19 (R 4.4.0)
 BiocManager            1.30.23   2024-05-04 [2] CRAN (R 4.4.0)
 BiocNeighbors          1.22.0    2024-04-30 [2] Bioconductor 3.19 (R 4.4.0)
 BiocParallel           1.38.0    2024-04-30 [2] Bioconductor 3.19 (R 4.4.0)
 BiocSingular           1.20.0    2024-04-30 [2] Bioconductor 3.19 (R 4.4.0)
 BiocVersion            3.19.1    2024-04-17 [2] Bioconductor 3.19 (R 4.4.0)
 Biostrings             2.72.1    2024-06-02 [2] Bioconductor 3.19 (R 4.4.0)
 bit                    4.0.5     2022-11-15 [2] CRAN (R 4.4.0)
 bit64                  4.0.5     2020-08-30 [2] CRAN (R 4.4.0)
 bitops                 1.0-8     2024-07-29 [2] CRAN (R 4.4.0)
 blob                   1.2.4     2023-03-17 [2] CRAN (R 4.4.0)
 bluster                1.14.0    2024-04-30 [2] Bioconductor 3.19 (R 4.4.0)
 bslib                  0.8.0     2024-07-29 [2] CRAN (R 4.4.0)
 cachem                 1.1.0     2024-05-16 [2] CRAN (R 4.4.0)
 cli                    3.6.3     2024-06-21 [2] CRAN (R 4.4.0)
 cluster                2.1.6     2023-12-01 [3] CRAN (R 4.4.0)
 codetools              0.2-20    2024-03-31 [3] CRAN (R 4.4.0)
 colorspace             2.1-1     2024-07-26 [2] CRAN (R 4.4.0)
 config                 0.3.2     2023-08-30 [2] CRAN (R 4.4.0)
 cowplot                1.1.3     2024-01-22 [2] CRAN (R 4.4.0)
 crayon                 1.5.3     2024-06-20 [2] CRAN (R 4.4.0)
 curl                   5.2.1     2024-03-01 [2] CRAN (R 4.4.0)
 data.table             1.15.4    2024-03-30 [2] CRAN (R 4.4.0)
 DBI                    1.2.3     2024-06-02 [2] CRAN (R 4.4.0)
 dbplyr                 2.5.0     2024-03-19 [2] CRAN (R 4.4.0)
 DeconvoBuddies       * 0.99.0    2024-08-25 [1] Github (LieberInstitute/DeconvoBuddies@8ed2d3d)
 DelayedArray           0.30.1    2024-05-07 [2] Bioconductor 3.19 (R 4.4.0)
 DelayedMatrixStats     1.26.0    2024-04-30 [2] Bioconductor 3.19 (R 4.4.0)
 digest                 0.6.36    2024-06-23 [2] CRAN (R 4.4.0)
 doParallel             1.0.17    2022-02-07 [2] CRAN (R 4.4.0)
 dotCall64              1.1-1     2023-11-28 [2] CRAN (R 4.4.0)
 dplyr                  1.1.4     2023-11-17 [2] CRAN (R 4.4.0)
 dqrng                  0.4.1     2024-05-28 [2] CRAN (R 4.4.0)
 DT                     0.33      2024-04-04 [2] CRAN (R 4.4.0)
 edgeR                  4.2.1     2024-07-14 [2] Bioconductor 3.19 (R 4.4.0)
 ExperimentHub          2.12.0    2024-04-30 [2] Bioconductor 3.19 (R 4.4.0)
 fansi                  1.0.6     2023-12-08 [2] CRAN (R 4.4.0)
 fastmap                1.2.0     2024-05-15 [2] CRAN (R 4.4.0)
 fields                 16.2      2024-06-27 [2] CRAN (R 4.4.0)
 filelock               1.0.3     2023-12-11 [2] CRAN (R 4.4.0)
 foreach                1.5.2     2022-02-02 [2] CRAN (R 4.4.0)
 generics               0.1.3     2022-07-05 [2] CRAN (R 4.4.0)
 GenomeInfoDb         * 1.40.1    2024-05-24 [2] Bioconductor 3.19 (R 4.4.0)
 GenomeInfoDbData       1.2.12    2024-05-23 [2] Bioconductor
 GenomicAlignments      1.40.0    2024-04-30 [2] Bioconductor 3.19 (R 4.4.0)
 GenomicRanges        * 1.56.1    2024-06-12 [2] Bioconductor 3.19 (R 4.4.0)
 ggbeeswarm             0.7.2     2023-04-29 [2] CRAN (R 4.4.0)
 ggplot2              * 3.5.1     2024-04-23 [2] CRAN (R 4.4.0)
 ggrepel                0.9.5     2024-01-10 [2] CRAN (R 4.4.0)
 glue                   1.7.0     2024-01-09 [2] CRAN (R 4.4.0)
 golem                  0.4.1     2023-06-05 [2] CRAN (R 4.4.0)
 gridExtra              2.3       2017-09-09 [2] CRAN (R 4.4.0)
 gtable                 0.3.5     2024-04-22 [2] CRAN (R 4.4.0)
 here                 * 1.0.1     2020-12-13 [2] CRAN (R 4.4.0)
 htmltools              0.5.8.1   2024-04-04 [2] CRAN (R 4.4.0)
 htmlwidgets            1.6.4     2023-12-06 [2] CRAN (R 4.4.0)
 httpuv                 1.6.15    2024-03-26 [2] CRAN (R 4.4.0)
 httr                   1.4.7     2023-08-15 [2] CRAN (R 4.4.0)
 igraph                 2.0.3     2024-03-13 [2] CRAN (R 4.4.0)
 IRanges              * 2.38.1    2024-07-03 [2] Bioconductor 3.19 (R 4.4.0)
 irlba                  2.3.5.1   2022-10-03 [2] CRAN (R 4.4.0)
 iterators              1.0.14    2022-02-05 [2] CRAN (R 4.4.0)
 jquerylib              0.1.4     2021-04-26 [2] CRAN (R 4.4.0)
 jsonlite               1.8.8     2023-12-04 [2] CRAN (R 4.4.0)
 KEGGREST               1.44.1    2024-06-19 [2] Bioconductor 3.19 (R 4.4.0)
 later                  1.3.2     2023-12-06 [2] CRAN (R 4.4.0)
 lattice                0.22-6    2024-03-20 [3] CRAN (R 4.4.0)
 lazyeval               0.2.2     2019-03-15 [2] CRAN (R 4.4.0)
 lifecycle              1.0.4     2023-11-07 [2] CRAN (R 4.4.0)
 limma                  3.60.4    2024-07-17 [2] Bioconductor 3.19 (R 4.4.0)
 locfit                 1.5-9.10  2024-06-24 [2] CRAN (R 4.4.0)
 magick                 2.8.4     2024-07-14 [2] CRAN (R 4.4.0)
 magrittr               2.0.3     2022-03-30 [2] CRAN (R 4.4.0)
 maps                   3.4.2     2023-12-15 [2] CRAN (R 4.4.0)
 Matrix                 1.7-0     2024-04-26 [3] CRAN (R 4.4.0)
 MatrixGenerics       * 1.16.0    2024-04-30 [2] Bioconductor 3.19 (R 4.4.0)
 matrixStats          * 1.3.0     2024-04-11 [2] CRAN (R 4.4.0)
 memoise                2.0.1     2021-11-26 [2] CRAN (R 4.4.0)
 metapod                1.12.0    2024-04-30 [2] Bioconductor 3.19 (R 4.4.0)
 mime                   0.12      2021-09-28 [2] CRAN (R 4.4.0)
 munsell                0.5.1     2024-04-01 [2] CRAN (R 4.4.0)
 paletteer              1.6.0     2024-01-21 [2] CRAN (R 4.4.0)
 pillar                 1.9.0     2023-03-22 [2] CRAN (R 4.4.0)
 pkgconfig              2.0.3     2019-09-22 [2] CRAN (R 4.4.0)
 plotly                 4.10.4    2024-01-13 [2] CRAN (R 4.4.0)
 png                    0.1-8     2022-11-29 [2] CRAN (R 4.4.0)
 promises               1.3.0     2024-04-05 [2] CRAN (R 4.4.0)
 purrr                  1.0.2     2023-08-10 [2] CRAN (R 4.4.0)
 R6                     2.5.1     2021-08-19 [2] CRAN (R 4.4.0)
 rafalib                1.0.0     2015-08-09 [1] CRAN (R 4.4.0)
 rappdirs               0.3.3     2021-01-31 [2] CRAN (R 4.4.0)
 RColorBrewer           1.1-3     2022-04-03 [2] CRAN (R 4.4.0)
 Rcpp                   1.0.13    2024-07-17 [2] CRAN (R 4.4.0)
 RCurl                  1.98-1.16 2024-07-11 [2] CRAN (R 4.4.0)
 rematch2               2.1.2     2020-05-01 [2] CRAN (R 4.4.0)
 restfulr               0.0.15    2022-06-16 [2] CRAN (R 4.4.0)
 rjson                  0.2.21    2022-01-09 [2] CRAN (R 4.4.0)
 rlang                  1.1.4     2024-06-04 [2] CRAN (R 4.4.0)
 rprojroot              2.0.4     2023-11-05 [2] CRAN (R 4.4.0)
 Rsamtools              2.20.0    2024-04-30 [2] Bioconductor 3.19 (R 4.4.0)
 RSQLite                2.3.7     2024-05-27 [2] CRAN (R 4.4.0)
 rsvd                   1.0.5     2021-04-16 [2] CRAN (R 4.4.0)
 rtracklayer            1.64.0    2024-04-30 [2] Bioconductor 3.19 (R 4.4.0)
 S4Arrays               1.4.1     2024-05-20 [2] Bioconductor 3.19 (R 4.4.0)
 S4Vectors            * 0.42.1    2024-07-03 [2] Bioconductor 3.19 (R 4.4.0)
 sass                   0.4.9     2024-03-15 [2] CRAN (R 4.4.0)
 ScaledMatrix           1.12.0    2024-04-30 [2] Bioconductor 3.19 (R 4.4.0)
 scales                 1.3.0     2023-11-28 [2] CRAN (R 4.4.0)
 scater               * 1.32.1    2024-07-21 [2] Bioconductor 3.19 (R 4.4.0)
 scran                * 1.32.0    2024-04-30 [2] Bioconductor 3.19 (R 4.4.0)
 scuttle              * 1.14.0    2024-04-30 [2] Bioconductor 3.19 (R 4.4.0)
 sessioninfo          * 1.2.2     2021-12-06 [2] CRAN (R 4.4.0)
 shiny                  1.9.1     2024-08-01 [2] CRAN (R 4.4.0)
 shinyWidgets           0.8.6     2024-04-24 [2] CRAN (R 4.4.0)
 SingleCellExperiment * 1.26.0    2024-04-30 [2] Bioconductor 3.19 (R 4.4.0)
 spam                   2.10-0    2023-10-23 [2] CRAN (R 4.4.0)
 SparseArray            1.4.8     2024-05-24 [2] Bioconductor 3.19 (R 4.4.0)
 sparseMatrixStats      1.16.0    2024-04-30 [2] Bioconductor 3.19 (R 4.4.0)
 SpatialExperiment      1.14.0    2024-05-01 [2] Bioconductor 3.19 (R 4.4.0)
 spatialLIBD            1.16.2    2024-05-28 [2] Bioconductor 3.19 (R 4.4.0)
 statmod                1.5.0     2023-01-06 [2] CRAN (R 4.4.0)
 stringi                1.8.4     2024-05-06 [2] CRAN (R 4.4.0)
 stringr                1.5.1     2023-11-14 [2] CRAN (R 4.4.0)
 SummarizedExperiment * 1.34.0    2024-05-01 [2] Bioconductor 3.19 (R 4.4.0)
 tibble                 3.2.1     2023-03-20 [2] CRAN (R 4.4.0)
 tidyr                  1.3.1     2024-01-24 [2] CRAN (R 4.4.0)
 tidyselect             1.2.1     2024-03-11 [2] CRAN (R 4.4.0)
 UCSC.utils             1.0.0     2024-04-30 [2] Bioconductor 3.19 (R 4.4.0)
 utf8                   1.2.4     2023-10-22 [2] CRAN (R 4.4.0)
 vctrs                  0.6.5     2023-12-01 [2] CRAN (R 4.4.0)
 vipor                  0.4.7     2023-12-18 [2] CRAN (R 4.4.0)
 viridis                0.6.5     2024-01-29 [2] CRAN (R 4.4.0)
 viridisLite            0.4.2     2023-05-02 [2] CRAN (R 4.4.0)
 withr                  3.0.1     2024-07-31 [2] CRAN (R 4.4.0)
 XML                    3.99-0.17 2024-06-25 [2] CRAN (R 4.4.0)
 xtable                 1.8-4     2019-04-21 [2] CRAN (R 4.4.0)
 XVector                0.44.0    2024-04-30 [2] Bioconductor 3.19 (R 4.4.0)
 yaml                   2.3.10    2024-07-26 [2] CRAN (R 4.4.0)
 zlibbioc               1.50.0    2024-04-30 [2] Bioconductor 3.19 (R 4.4.0)

 [1] /users/rphillip/R/4.4
 [2] /jhpce/shared/community/core/conda_R/4.4/R/lib64/R/site-library
 [3] /jhpce/shared/community/core/conda_R/4.4/R/lib64/R/library

──────────────────────────────────────────────────────────────────────────────────────────────────────────────────────
********* Job Ends *********
Sun Sep  8 01:22:04 AM EDT 2024
