********* Job Starts *********
Sun Sep  8 12:13:10 AM EDT 2024
Loading conda_R/4.4

Currently Loaded Modules:
  1) JHPCE_ROCKY9_DEFAULT_ENV   3) conda/3-24.3.0
  2) JHPCE_tools/3.0            4) conda_R/4.4

 

Loading required package: SummarizedExperiment
Loading required package: MatrixGenerics
Loading required package: matrixStats

Attaching package: ‘MatrixGenerics’

The following objects are masked from ‘package:matrixStats’:

    colAlls, colAnyNAs, colAnys, colAvgsPerRowSet, colCollapse,
    colCounts, colCummaxs, colCummins, colCumprods, colCumsums,
    colDiffs, colIQRDiffs, colIQRs, colLogSumExps, colMadDiffs,
    colMads, colMaxs, colMeans2, colMedians, colMins, colOrderStats,
    colProds, colQuantiles, colRanges, colRanks, colSdDiffs, colSds,
    colSums2, colTabulates, colVarDiffs, colVars, colWeightedMads,
    colWeightedMeans, colWeightedMedians, colWeightedSds,
    colWeightedVars, rowAlls, rowAnyNAs, rowAnys, rowAvgsPerColSet,
    rowCollapse, rowCounts, rowCummaxs, rowCummins, rowCumprods,
    rowCumsums, rowDiffs, rowIQRDiffs, rowIQRs, rowLogSumExps,
    rowMadDiffs, rowMads, rowMaxs, rowMeans2, rowMedians, rowMins,
    rowOrderStats, rowProds, rowQuantiles, rowRanges, rowRanks,
    rowSdDiffs, rowSds, rowSums2, rowTabulates, rowVarDiffs, rowVars,
    rowWeightedMads, rowWeightedMeans, rowWeightedMedians,
    rowWeightedSds, rowWeightedVars

Loading required package: GenomicRanges
Loading required package: stats4
Loading required package: BiocGenerics

Attaching package: ‘BiocGenerics’

The following objects are masked from ‘package:stats’:

    IQR, mad, sd, var, xtabs

The following objects are masked from ‘package:base’:

    anyDuplicated, aperm, append, as.data.frame, basename, cbind,
    colnames, dirname, do.call, duplicated, eval, evalq, Filter, Find,
    get, grep, grepl, intersect, is.unsorted, lapply, Map, mapply,
    match, mget, order, paste, pmax, pmax.int, pmin, pmin.int,
    Position, rank, rbind, Reduce, rownames, sapply, setdiff, table,
    tapply, union, unique, unsplit, which.max, which.min

Loading required package: S4Vectors

Attaching package: ‘S4Vectors’

The following object is masked from ‘package:utils’:

    findMatches

The following objects are masked from ‘package:base’:

    expand.grid, I, unname

Loading required package: IRanges
Loading required package: GenomeInfoDb
Loading required package: Biobase
Welcome to Bioconductor

    Vignettes contain introductory material; view with
    'browseVignettes()'. To cite Bioconductor, see
    'citation("Biobase")', and for packages 'citation("pkgname")'.


Attaching package: ‘Biobase’

The following object is masked from ‘package:MatrixGenerics’:

    rowMedians

The following objects are masked from ‘package:matrixStats’:

    anyMissing, rowMedians

Loading required package: scuttle
Loading required package: ggplot2
here() starts at /dcs04/lieber/marmaypag/ls_molecular-profiling_LIBD1070/ls_molecular-profiling
Loading objects:
  sce_mouse_sub
Running 1vALL Testing for up-regulated genes
2024-09-08 00:13:45.276343 - Find markers for: other
2024-09-08 00:13:54.019446 - Find markers for: random
2024-09-08 00:14:02.86615 - Building Table
** Done! **

                                 gene       logFC log.p.value    log.FDR
ENSMUSG00000022598 ENSMUSG00000022598 0.001587093   -20.30552 -10.589927
ENSMUSG00000018569 ENSMUSG00000018569 0.002083441   -12.95305  -3.930602
ENSMUSG00000024757 ENSMUSG00000024757 0.001642044   -11.50557  -2.888591
ENSMUSG00000015401 ENSMUSG00000015401 0.002631610   -10.63402  -2.304722
ENSMUSG00000026580 ENSMUSG00000026580 0.004759601   -10.06941  -2.117555
ENSMUSG00000005958 ENSMUSG00000005958 0.021883226   -10.04139  -2.117555
                    std.logFC cellType.target std.logFC.rank     std.logFC.anno
ENSMUSG00000022598 0.14757292          random              1  std logFC = 0.148
ENSMUSG00000018569 0.11386872          random              2  std logFC = 0.114
ENSMUSG00000024757 0.10608132          random              3  std logFC = 0.106
ENSMUSG00000015401 0.10113042          random              4  std logFC = 0.101
ENSMUSG00000026580 0.09780269          random              5  std logFC = 0.098
ENSMUSG00000005958 0.09763487          random              6  std logFC = 0.098
[1] 1
Running 1vALL Testing for up-regulated genes
2024-09-08 00:14:03.182818 - Find markers for: other
2024-09-08 00:14:11.961874 - Find markers for: random
2024-09-08 00:14:20.862132 - Building Table
** Done! **

                                 gene        logFC log.p.value   log.FDR
ENSMUSG00000091060 ENSMUSG00000091060 0.0033408294   -19.41197 -9.696379
ENSMUSG00000031138 ENSMUSG00000031138 0.0022502820   -12.69885 -3.689811
ENSMUSG00000090685 ENSMUSG00000090685 0.0020367493   -12.30679 -3.689811
ENSMUSG00000012428 ENSMUSG00000012428 0.0031002623   -10.42493 -2.215461
ENSMUSG00000048012 ENSMUSG00000048012 0.0063591022   -10.26774 -2.215461
ENSMUSG00000049620 ENSMUSG00000049620 0.0009295168   -10.00770 -2.215461
                    std.logFC cellType.target std.logFC.rank     std.logFC.anno
ENSMUSG00000091060 0.14372311          random              1  std logFC = 0.144
ENSMUSG00000031138 0.11241860          random              2  std logFC = 0.112
ENSMUSG00000090685 0.11033787          random              3   std logFC = 0.11
ENSMUSG00000012428 0.09980470          random              4    std logFC = 0.1
ENSMUSG00000048012 0.09887903          random              5  std logFC = 0.099
ENSMUSG00000049620 0.09733033          random              6  std logFC = 0.097
[1] 2
Running 1vALL Testing for up-regulated genes
2024-09-08 00:14:21.087303 - Find markers for: other
2024-09-08 00:14:29.885736 - Find markers for: random
2024-09-08 00:14:38.498038 - Building Table
** Done! **

                                 gene        logFC log.p.value   log.FDR
ENSMUSG00000022878 ENSMUSG00000022878 0.0014371687   -17.17930 -7.463709
ENSMUSG00000028236 ENSMUSG00000028236 0.0008509101   -12.02406 -3.001620
ENSMUSG00000042333 ENSMUSG00000042333 0.0018394841   -11.55232 -2.935344
ENSMUSG00000053367 ENSMUSG00000053367 0.0044518458   -10.29142 -2.197780
ENSMUSG00000030769 ENSMUSG00000030769 0.0189355263   -10.09549 -2.197780
ENSMUSG00000063317 ENSMUSG00000063317 0.0553439349   -10.01350 -2.197780
                    std.logFC cellType.target std.logFC.rank     std.logFC.anno
ENSMUSG00000022878 0.13395252          random              1  std logFC = 0.134
ENSMUSG00000028236 0.10871650          random              2  std logFC = 0.109
ENSMUSG00000042333 0.10613321          random              3  std logFC = 0.106
ENSMUSG00000053367 0.09892951          random              4  std logFC = 0.099
ENSMUSG00000030769 0.09776729          random              5  std logFC = 0.098
ENSMUSG00000063317 0.09727721          random              6  std logFC = 0.097
[1] 3
Running 1vALL Testing for up-regulated genes
2024-09-08 00:14:38.718311 - Find markers for: other
2024-09-08 00:14:47.156584 - Find markers for: random
2024-09-08 00:14:55.673059 - Building Table
** Done! **

                                 gene        logFC log.p.value   log.FDR
ENSMUSG00000098590 ENSMUSG00000098590 0.0010407841   -14.46307 -4.747478
ENSMUSG00000067771 ENSMUSG00000067771 0.0005964186   -13.48919 -4.466748
ENSMUSG00000030713 ENSMUSG00000030713 0.0008332552   -12.69990 -4.082925
ENSMUSG00000053375 ENSMUSG00000053375 0.0018713253   -11.74091 -3.411610
ENSMUSG00000031390 ENSMUSG00000031390 0.0021728070   -10.71306 -2.781018
ENSMUSG00000043747 ENSMUSG00000043747 0.0051723158   -10.56954 -2.781018
                   std.logFC cellType.target std.logFC.rank     std.logFC.anno
ENSMUSG00000098590 0.1212561          random              1  std logFC = 0.121
ENSMUSG00000067771 0.1163959          random              2  std logFC = 0.116
ENSMUSG00000030713 0.1123149          random              3  std logFC = 0.112
ENSMUSG00000053375 0.1071654          random              4  std logFC = 0.107
ENSMUSG00000031390 0.1013829          random              5  std logFC = 0.101
ENSMUSG00000043747 0.1005516          random              6  std logFC = 0.101
[1] 4
Running 1vALL Testing for up-regulated genes
2024-09-08 00:14:55.885546 - Find markers for: other
2024-09-08 00:15:04.470447 - Find markers for: random
2024-09-08 00:15:12.917603 - Building Table
** Done! **

                                 gene       logFC log.p.value   log.FDR
ENSMUSG00000094248 ENSMUSG00000094248 0.002374381  -12.990215 -3.593684
ENSMUSG00000091376 ENSMUSG00000091376 0.000522749  -12.616127 -3.593684
ENSMUSG00000020870 ENSMUSG00000020870 0.001402116  -10.791066 -2.416897
ENSMUSG00000045314 ENSMUSG00000045314 0.003755771  -10.746193 -2.416897
ENSMUSG00000074491 ENSMUSG00000074491 0.002048009  -10.451073 -2.344920
ENSMUSG00000047898 ENSMUSG00000047898 0.002017746   -9.881784 -2.131099
                    std.logFC cellType.target std.logFC.rank     std.logFC.anno
ENSMUSG00000094248 0.11339108          random              1  std logFC = 0.113
ENSMUSG00000091376 0.11144078          random              2  std logFC = 0.111
ENSMUSG00000020870 0.10143818          random              3  std logFC = 0.101
ENSMUSG00000045314 0.10118095          random              4  std logFC = 0.101
ENSMUSG00000074491 0.09947429          random              5  std logFC = 0.099
ENSMUSG00000047898 0.09610524          random              6  std logFC = 0.096
[1] 5
Running 1vALL Testing for up-regulated genes
2024-09-08 00:15:13.129898 - Find markers for: other
2024-09-08 00:15:22.780676 - Find markers for: random
2024-09-08 00:15:31.321618 - Building Table
** Done! **

                                 gene        logFC log.p.value   log.FDR
ENSMUSG00000040554 ENSMUSG00000040554 0.0014825876   -15.25814 -5.542549
ENSMUSG00000046323 ENSMUSG00000046323 0.0008374212   -13.83503 -4.812592
ENSMUSG00000024365 ENSMUSG00000024365 0.0004713516   -12.92076 -4.303778
ENSMUSG00000048442 ENSMUSG00000048442 0.0109854855   -10.97501 -2.950091
ENSMUSG00000031383 ENSMUSG00000031383 0.0020035061   -10.95022 -2.950091
ENSMUSG00000034139 ENSMUSG00000034139 0.0030984001   -10.83722 -2.950091
                   std.logFC cellType.target std.logFC.rank     std.logFC.anno
ENSMUSG00000040554 0.1247635          random              1  std logFC = 0.125
ENSMUSG00000046323 0.1178309          random              2  std logFC = 0.118
ENSMUSG00000024365 0.1131707          random              3  std logFC = 0.113
ENSMUSG00000048442 0.1026128          random              4  std logFC = 0.103
ENSMUSG00000031383 0.1024720          random              5  std logFC = 0.102
ENSMUSG00000034139 0.1018276          random              6  std logFC = 0.102
[1] 6
Running 1vALL Testing for up-regulated genes
2024-09-08 00:15:31.549401 - Find markers for: other
2024-09-08 00:15:40.034829 - Find markers for: random
2024-09-08 00:15:48.395219 - Building Table
** Done! **

                                 gene        logFC log.p.value   log.FDR
ENSMUSG00000037759 ENSMUSG00000037759 0.0073175887   -16.23264 -6.517046
ENSMUSG00000021907 ENSMUSG00000021907 0.0014507056   -14.07041 -5.593194
ENSMUSG00000055865 ENSMUSG00000055865 0.0019768777   -13.95941 -5.593194
ENSMUSG00000055197 ENSMUSG00000055197 0.0008879269   -13.92249 -5.593194
ENSMUSG00000073177 ENSMUSG00000073177 0.0003025521   -11.40088 -3.331627
ENSMUSG00000039264 ENSMUSG00000039264 0.0010848244   -11.12505 -3.331627
                   std.logFC cellType.target std.logFC.rank     std.logFC.anno
ENSMUSG00000037759 0.1302333          random              1   std logFC = 0.13
ENSMUSG00000021907 0.1198522          random              2   std logFC = 0.12
ENSMUSG00000055865 0.1192968          random              3  std logFC = 0.119
ENSMUSG00000055197 0.1191115          random              4  std logFC = 0.119
ENSMUSG00000073177 0.1057554          random              5  std logFC = 0.106
ENSMUSG00000039264 0.1041999          random              6  std logFC = 0.104
[1] 7
Running 1vALL Testing for up-regulated genes
2024-09-08 00:15:48.603364 - Find markers for: other
2024-09-08 00:15:57.062031 - Find markers for: random
2024-09-08 00:16:05.48102 - Building Table
** Done! **

                                 gene       logFC log.p.value   log.FDR
ENSMUSG00000046908 ENSMUSG00000046908 0.002490681  -13.114769 -3.399178
ENSMUSG00000060560 ENSMUSG00000060560 0.006089522  -10.516943 -2.045086
ENSMUSG00000079625 ENSMUSG00000079625 0.002707709  -10.350728 -2.045086
ENSMUSG00000028533 ENSMUSG00000028533 0.001903944  -10.190627 -2.045086
ENSMUSG00000116376 ENSMUSG00000116376 0.001662505  -10.151239 -2.045086
ENSMUSG00000066748 ENSMUSG00000066748 0.001275862   -9.956131 -2.032300
                    std.logFC cellType.target std.logFC.rank     std.logFC.anno
ENSMUSG00000046908 0.11424354          random              1  std logFC = 0.114
ENSMUSG00000060560 0.10004132          random              2    std logFC = 0.1
ENSMUSG00000079625 0.09906999          random              3  std logFC = 0.099
ENSMUSG00000028533 0.09812621          random              4  std logFC = 0.098
ENSMUSG00000116376 0.09789276          random              5  std logFC = 0.098
ENSMUSG00000066748 0.09672895          random              6  std logFC = 0.097
[1] 8
Running 1vALL Testing for up-regulated genes
2024-09-08 00:16:05.725467 - Find markers for: other
2024-09-08 00:16:14.226753 - Find markers for: random
2024-09-08 00:16:22.523196 - Building Table
** Done! **

                                 gene        logFC log.p.value   log.FDR
ENSMUSG00000074653 ENSMUSG00000074653 0.0031599625   -19.17867 -9.463081
ENSMUSG00000073574 ENSMUSG00000073574 0.0014722686   -12.27535 -3.386913
ENSMUSG00000072419 ENSMUSG00000072419 0.0027130743   -12.00389 -3.386913
ENSMUSG00000025056 ENSMUSG00000025056 0.0007101587   -11.55209 -3.222794
ENSMUSG00000110469 ENSMUSG00000110469 0.0009033495   -11.18043 -3.074275
ENSMUSG00000044229 ENSMUSG00000044229 0.0577484578   -10.45421 -2.530375
                    std.logFC cellType.target std.logFC.rank     std.logFC.anno
ENSMUSG00000074653 0.14252949          random              1  std logFC = 0.143
ENSMUSG00000073574 0.11000423          random              2   std logFC = 0.11
ENSMUSG00000072419 0.10854233          random              3  std logFC = 0.109
ENSMUSG00000025056 0.10606854          random              4  std logFC = 0.106
ENSMUSG00000110469 0.10399344          random              5  std logFC = 0.104
ENSMUSG00000044229 0.09982627          random              6    std logFC = 0.1
[1] 9
Running 1vALL Testing for up-regulated genes
2024-09-08 00:16:22.74049 - Find markers for: other
2024-09-08 00:16:31.174693 - Find markers for: random
2024-09-08 00:16:39.695322 - Building Table
** Done! **

                                 gene        logFC log.p.value   log.FDR
ENSMUSG00000026818 ENSMUSG00000026818 0.0019318335   -14.22137 -4.505782
ENSMUSG00000026327 ENSMUSG00000026327 0.0016912227   -13.41659 -4.394151
ENSMUSG00000030934 ENSMUSG00000030934 0.0344719564   -12.55539 -3.938409
ENSMUSG00000095440 ENSMUSG00000095440 0.0155711915   -10.66703 -2.337737
ENSMUSG00000040478 ENSMUSG00000040478 0.0007105612   -10.29359 -2.238370
ENSMUSG00000057000 ENSMUSG00000057000 0.0020574954   -10.16220 -2.238370
                    std.logFC cellType.target std.logFC.rank     std.logFC.anno
ENSMUSG00000026818 0.11997033          random              1   std logFC = 0.12
ENSMUSG00000026327 0.11593270          random              2  std logFC = 0.116
ENSMUSG00000030934 0.11146310          random              3  std logFC = 0.111
ENSMUSG00000095440 0.10103570          random              4  std logFC = 0.101
ENSMUSG00000040478 0.09885596          random              5  std logFC = 0.099
ENSMUSG00000057000 0.09807869          random              6  std logFC = 0.098
[1] 10
Running 1vALL Testing for up-regulated genes
2024-09-08 00:16:39.914232 - Find markers for: random
2024-09-08 00:16:48.397822 - Find markers for: other
2024-09-08 00:16:56.855765 - Building Table
** Done! **

                                 gene        logFC log.p.value   log.FDR
ENSMUSG00000046008 ENSMUSG00000046008 0.0053220165  -14.851529 -5.135938
ENSMUSG00000024730 ENSMUSG00000024730 0.0019323991  -13.625042 -4.602598
ENSMUSG00000034456 ENSMUSG00000034456 0.0012602760  -12.702246 -4.085267
ENSMUSG00000031070 ENSMUSG00000031070 0.0010514739  -11.733670 -3.404374
ENSMUSG00000101389 ENSMUSG00000101389 0.0047923661   -9.629330 -1.605087
ENSMUSG00000032948 ENSMUSG00000032948 0.0007488503   -9.279932 -1.605087
                    std.logFC cellType.target std.logFC.rank     std.logFC.anno
ENSMUSG00000046008 0.12314257          random              1  std logFC = 0.123
ENSMUSG00000024730 0.11708259          random              2  std logFC = 0.117
ENSMUSG00000034456 0.11232487          random              3  std logFC = 0.112
ENSMUSG00000031070 0.10712343          random              4  std logFC = 0.107
ENSMUSG00000101389 0.09494227          random              5  std logFC = 0.095
ENSMUSG00000032948 0.09278145          random              6  std logFC = 0.093
[1] 11
Running 1vALL Testing for up-regulated genes
2024-09-08 00:16:57.041914 - Find markers for: random
2024-09-08 00:17:05.506058 - Find markers for: other
2024-09-08 00:17:13.886261 - Building Table
** Done! **

                                 gene        logFC log.p.value   log.FDR
ENSMUSG00000033501 ENSMUSG00000033501 0.0005409233  -12.879502 -3.163912
ENSMUSG00000018930 ENSMUSG00000018930 0.0033871712  -10.721373 -1.698929
ENSMUSG00000021362 ENSMUSG00000021362 0.0012980172  -10.131483 -1.628036
ENSMUSG00000029426 ENSMUSG00000029426 0.0478282080   -9.352398 -1.628036
ENSMUSG00000031467 ENSMUSG00000031467 0.0608654584   -9.317329 -1.628036
ENSMUSG00000029503 ENSMUSG00000029503 0.0022258431   -8.892578 -1.628036
                    std.logFC cellType.target std.logFC.rank     std.logFC.anno
ENSMUSG00000033501 0.11284282          random              1  std logFC = 0.113
ENSMUSG00000018930 0.10106145          random              2  std logFC = 0.101
ENSMUSG00000021362 0.09761807          random              3  std logFC = 0.098
ENSMUSG00000029426 0.09289558          random              4  std logFC = 0.093
ENSMUSG00000031467 0.09267796          random              5  std logFC = 0.093
ENSMUSG00000029503 0.09000511          random              6   std logFC = 0.09
[1] 12
Running 1vALL Testing for up-regulated genes
2024-09-08 00:17:14.098675 - Find markers for: other
2024-09-08 00:17:22.685404 - Find markers for: random
2024-09-08 00:17:31.083698 - Building Table
** Done! **

                                 gene        logFC log.p.value   log.FDR
ENSMUSG00000042357 ENSMUSG00000042357 0.0003661174   -13.40633 -4.570334
ENSMUSG00000044461 ENSMUSG00000044461 0.0154197870   -13.20945 -4.570334
ENSMUSG00000061780 ENSMUSG00000061780 0.0009248329   -13.18731 -4.570334
ENSMUSG00000037335 ENSMUSG00000037335 0.0009373681   -12.32778 -4.219781
ENSMUSG00000073574 ENSMUSG00000073574 0.0014741045   -12.32593 -4.219781
ENSMUSG00000000957 ENSMUSG00000000957 0.0309486026   -11.79026 -3.866424
                   std.logFC cellType.target std.logFC.rank     std.logFC.anno
ENSMUSG00000042357 0.1157725          random              1  std logFC = 0.116
ENSMUSG00000044461 0.1147654          random              2  std logFC = 0.115
ENSMUSG00000061780 0.1146516          random              3  std logFC = 0.115
ENSMUSG00000037335 0.1101515          random              4   std logFC = 0.11
ENSMUSG00000073574 0.1101416          random              5   std logFC = 0.11
ENSMUSG00000000957 0.1072496          random              6  std logFC = 0.107
[1] 13
Running 1vALL Testing for up-regulated genes
2024-09-08 00:17:31.294123 - Find markers for: other
2024-09-08 00:17:40.246852 - Find markers for: random
2024-09-08 00:17:48.906903 - Building Table
** Done! **

                                 gene       logFC log.p.value   log.FDR
ENSMUSG00000013353 ENSMUSG00000013353 0.001228361  -13.609668 -3.894077
ENSMUSG00000031430 ENSMUSG00000031430 0.001424580  -10.523033 -2.021205
ENSMUSG00000018819 ENSMUSG00000018819 0.008862983  -10.109805 -2.021205
ENSMUSG00000057723 ENSMUSG00000057723 0.001141511   -9.990468 -2.021205
ENSMUSG00000050370 ENSMUSG00000050370 0.001436156   -9.921009 -2.021205
ENSMUSG00000028466 ENSMUSG00000028466 0.024930753   -9.917565 -2.021205
                    std.logFC cellType.target std.logFC.rank     std.logFC.anno
ENSMUSG00000013353 0.11628541          random              1  std logFC = 0.116
ENSMUSG00000031430 0.09966229          random              2    std logFC = 0.1
ENSMUSG00000018819 0.09724226          random              3  std logFC = 0.097
ENSMUSG00000057723 0.09653324          random              4  std logFC = 0.097
ENSMUSG00000050370 0.09611840          random              5  std logFC = 0.096
ENSMUSG00000028466 0.09609779          random              6  std logFC = 0.096
[1] 14
Running 1vALL Testing for up-regulated genes
2024-09-08 00:17:49.124665 - Find markers for: other
2024-09-08 00:17:57.681077 - Find markers for: random
2024-09-08 00:18:06.045268 - Building Table
** Done! **

                                 gene       logFC log.p.value   log.FDR
ENSMUSG00000063447 ENSMUSG00000063447 0.001936106  -16.737182 -7.021592
ENSMUSG00000022941 ENSMUSG00000022941 0.006262017  -10.920635 -1.898192
ENSMUSG00000032303 ENSMUSG00000032303 0.007701666  -10.265773 -1.793799
ENSMUSG00000003131 ENSMUSG00000003131 0.047968062  -10.123095 -1.793799
ENSMUSG00000038658 ENSMUSG00000038658 0.049464907   -9.701846 -1.784748
ENSMUSG00000037167 ENSMUSG00000037167 0.001123225   -9.555647 -1.784748
                    std.logFC cellType.target std.logFC.rank     std.logFC.anno
ENSMUSG00000063447 0.13184778          random              1  std logFC = 0.132
ENSMUSG00000022941 0.10249040          random              2  std logFC = 0.102
ENSMUSG00000032303 0.09869027          random              3  std logFC = 0.099
ENSMUSG00000003131 0.09784470          random              4  std logFC = 0.098
ENSMUSG00000038658 0.09530897          random              5  std logFC = 0.095
ENSMUSG00000037167 0.09441469          random              6  std logFC = 0.094
[1] 15
Running 1vALL Testing for up-regulated genes
2024-09-08 00:18:06.257147 - Find markers for: other
2024-09-08 00:18:14.785649 - Find markers for: random
2024-09-08 00:18:23.519499 - Building Table
** Done! **

                                 gene        logFC log.p.value   log.FDR
ENSMUSG00000064006 ENSMUSG00000064006 0.0007690879   -12.91512 -3.401264
ENSMUSG00000021335 ENSMUSG00000021335 0.0025715725   -12.42371 -3.401264
ENSMUSG00000043664 ENSMUSG00000043664 0.0003520468   -11.99768 -3.380704
ENSMUSG00000044542 ENSMUSG00000044542 0.0013731881   -11.42068 -3.091385
ENSMUSG00000031253 ENSMUSG00000031253 0.0066750567   -11.09345 -2.987299
ENSMUSG00000043144 ENSMUSG00000043144 0.0015689815   -10.52773 -2.603902
                    std.logFC cellType.target std.logFC.rank     std.logFC.anno
ENSMUSG00000064006 0.11288080          random              1  std logFC = 0.113
ENSMUSG00000021335 0.11030679          random              2   std logFC = 0.11
ENSMUSG00000043664 0.10802988          random              3  std logFC = 0.108
ENSMUSG00000044542 0.10487428          random              4  std logFC = 0.105
ENSMUSG00000031253 0.10304567          random              5  std logFC = 0.103
ENSMUSG00000043144 0.09981291          random              6    std logFC = 0.1
[1] 16
Running 1vALL Testing for up-regulated genes
2024-09-08 00:18:23.759645 - Find markers for: other
2024-09-08 00:18:32.823639 - Find markers for: random
2024-09-08 00:18:42.059448 - Building Table
** Done! **

                                 gene        logFC log.p.value   log.FDR
ENSMUSG00000042032 ENSMUSG00000042032 0.0502760955   -13.06011 -3.780299
ENSMUSG00000028255 ENSMUSG00000028255 0.0011721212   -12.80274 -3.780299
ENSMUSG00000044006 ENSMUSG00000044006 0.0040403463   -11.74121 -3.124235
ENSMUSG00000027513 ENSMUSG00000027513 0.0008336357   -11.28679 -2.957498
ENSMUSG00000046049 ENSMUSG00000046049 0.0015065331   -10.68554 -2.579385
ENSMUSG00000019834 ENSMUSG00000019834 0.0024637538   -10.33573 -2.509382
                   std.logFC cellType.target std.logFC.rank     std.logFC.anno
ENSMUSG00000042032 0.1139877          random              1  std logFC = 0.114
ENSMUSG00000028255 0.1126504          random              2  std logFC = 0.113
ENSMUSG00000044006 0.1069734          random              3  std logFC = 0.107
ENSMUSG00000027513 0.1044574          random              4  std logFC = 0.104
ENSMUSG00000046049 0.1010412          random              5  std logFC = 0.101
ENSMUSG00000019834 0.0990047          random              6  std logFC = 0.099
[1] 17
Running 1vALL Testing for up-regulated genes
2024-09-08 00:18:42.297545 - Find markers for: other
2024-09-08 00:18:51.447211 - Find markers for: random
2024-09-08 00:18:59.753376 - Building Table
** Done! **

                                 gene        logFC log.p.value   log.FDR
ENSMUSG00000039648 ENSMUSG00000039648 0.0380746549   -13.12598 -3.747438
ENSMUSG00000028259 ENSMUSG00000028259 0.0072835053   -12.76988 -3.747438
ENSMUSG00000029188 ENSMUSG00000029188 0.0019809266   -11.82461 -3.207636
ENSMUSG00000096035 ENSMUSG00000096035 0.0009003366   -11.14173 -2.812433
ENSMUSG00000039628 ENSMUSG00000039628 0.0026982996   -10.31540 -2.282192
ENSMUSG00000017720 ENSMUSG00000017720 0.0022767115   -10.14682 -2.282192
                    std.logFC cellType.target std.logFC.rank     std.logFC.anno
ENSMUSG00000039648 0.11434961          random              1  std logFC = 0.114
ENSMUSG00000028259 0.11250028          random              2  std logFC = 0.113
ENSMUSG00000029188 0.10745007          random              3  std logFC = 0.107
ENSMUSG00000096035 0.10366247          random              4  std logFC = 0.104
ENSMUSG00000039628 0.09890418          random              5  std logFC = 0.099
ENSMUSG00000017720 0.09790788          random              6  std logFC = 0.098
[1] 18
Running 1vALL Testing for up-regulated genes
2024-09-08 00:18:59.973395 - Find markers for: other
2024-09-08 00:19:08.477979 - Find markers for: random
2024-09-08 00:19:17.452233 - Building Table
** Done! **

                                 gene       logFC log.p.value  log.FDR
ENSMUSG00000050147 ENSMUSG00000050147 0.004359199  -10.477124 -1.66451
ENSMUSG00000000215 ENSMUSG00000000215 0.004848553   -9.922812 -1.66451
ENSMUSG00000037005 ENSMUSG00000037005 0.003894585   -9.762519 -1.66451
ENSMUSG00000025515 ENSMUSG00000025515 0.001886159   -9.722449 -1.66451
ENSMUSG00000037664 ENSMUSG00000037664 0.011954867   -9.623214 -1.66451
ENSMUSG00000095276 ENSMUSG00000095276 0.001303785   -9.582591 -1.66451
                    std.logFC cellType.target std.logFC.rank     std.logFC.anno
ENSMUSG00000050147 0.10022117          random              1    std logFC = 0.1
ENSMUSG00000000215 0.09692718          random              2  std logFC = 0.097
ENSMUSG00000037005 0.09595575          random              3  std logFC = 0.096
ENSMUSG00000025515 0.09571153          random              4  std logFC = 0.096
ENSMUSG00000037664 0.09510431          random              5  std logFC = 0.095
ENSMUSG00000095276 0.09485473          random              6  std logFC = 0.095
[1] 19
Running 1vALL Testing for up-regulated genes
2024-09-08 00:19:17.673568 - Find markers for: other
2024-09-08 00:19:26.311791 - Find markers for: random
2024-09-08 00:19:34.784858 - Building Table
** Done! **

                                 gene       logFC log.p.value   log.FDR
ENSMUSG00000062694 ENSMUSG00000062694 0.001963964   -15.56314 -6.304743
ENSMUSG00000062327 ENSMUSG00000062327 0.002807424   -15.32719 -6.304743
ENSMUSG00000062329 ENSMUSG00000062329 0.002837318   -13.43364 -4.816661
ENSMUSG00000097886 ENSMUSG00000097886 0.001710061   -12.70554 -4.376249
ENSMUSG00000034127 ENSMUSG00000034127 0.004423613   -11.46661 -3.524836
ENSMUSG00000041737 ENSMUSG00000041737 0.005208125   -11.28498 -3.524836
                   std.logFC cellType.target std.logFC.rank     std.logFC.anno
ENSMUSG00000062694 0.1265622          random              1  std logFC = 0.127
ENSMUSG00000062327 0.1254466          random              2  std logFC = 0.125
ENSMUSG00000062329 0.1161357          random              3  std logFC = 0.116
ENSMUSG00000097886 0.1123665          random              4  std logFC = 0.112
ENSMUSG00000034127 0.1056711          random              5  std logFC = 0.106
ENSMUSG00000041737 0.1046567          random              6  std logFC = 0.105
[1] 20
Running 1vALL Testing for up-regulated genes
2024-09-08 00:19:34.98362 - Find markers for: random
2024-09-08 00:19:43.507164 - Find markers for: other
2024-09-08 00:19:52.308358 - Building Table
** Done! **

                                 gene       logFC log.p.value   log.FDR
ENSMUSG00000028962 ENSMUSG00000028962 0.038031815   -13.65960 -4.228922
ENSMUSG00000043144 ENSMUSG00000043144 0.001801117   -13.25137 -4.228922
ENSMUSG00000109713 ENSMUSG00000109713 0.001817751   -12.03666 -3.419680
ENSMUSG00000028238 ENSMUSG00000028238 0.002543367   -10.71254 -2.383243
ENSMUSG00000002033 ENSMUSG00000002033 0.001125153   -10.38443 -2.321516
ENSMUSG00000021539 ENSMUSG00000021539 0.001151177   -10.24535 -2.321516
                    std.logFC cellType.target std.logFC.rank     std.logFC.anno
ENSMUSG00000028962 0.11666309          random              1  std logFC = 0.117
ENSMUSG00000043144 0.11459414          random              2  std logFC = 0.115
ENSMUSG00000109713 0.10822375          random              3  std logFC = 0.108
ENSMUSG00000028238 0.10086412          random              4  std logFC = 0.101
ENSMUSG00000002033 0.09896405          random              5  std logFC = 0.099
ENSMUSG00000021539 0.09814859          random              6  std logFC = 0.098
[1] 21
Running 1vALL Testing for up-regulated genes
2024-09-08 00:19:52.539798 - Find markers for: other
2024-09-08 00:20:01.116288 - Find markers for: random
2024-09-08 00:20:09.605692 - Building Table
** Done! **

                                 gene        logFC log.p.value   log.FDR
ENSMUSG00000034159 ENSMUSG00000034159 0.0019685990  -15.990745 -6.275154
ENSMUSG00000038770 ENSMUSG00000038770 0.0117169364  -15.272158 -6.249715
ENSMUSG00000022303 ENSMUSG00000022303 0.0047387797  -14.598325 -5.981346
ENSMUSG00000078127 ENSMUSG00000078127 0.0002892229  -12.640579 -4.311283
ENSMUSG00000086859 ENSMUSG00000086859 0.0499262545  -10.788379 -2.682226
ENSMUSG00000072707 ENSMUSG00000072707 0.0013498669   -9.739231 -1.860500
                    std.logFC cellType.target std.logFC.rank     std.logFC.anno
ENSMUSG00000034159 0.12833869          random              1  std logFC = 0.128
ENSMUSG00000038770 0.12496883          random              2  std logFC = 0.125
ENSMUSG00000022303 0.12173008          random              3  std logFC = 0.122
ENSMUSG00000078127 0.11183098          random              4  std logFC = 0.112
ENSMUSG00000086859 0.10166075          random              5  std logFC = 0.102
ENSMUSG00000072707 0.09546836          random              6  std logFC = 0.095
[1] 22
Running 1vALL Testing for up-regulated genes
2024-09-08 00:20:09.819966 - Find markers for: other
2024-09-08 00:20:18.099549 - Find markers for: random
2024-09-08 00:20:26.437826 - Building Table
** Done! **

                                 gene       logFC log.p.value    log.FDR
ENSMUSG00000009350 ENSMUSG00000009350 0.002144067   -20.40916 -11.003518
ENSMUSG00000049152 ENSMUSG00000049152 0.002483006   -20.02596 -11.003518
ENSMUSG00000078783 ENSMUSG00000078783 0.002521589   -12.37862  -3.761644
ENSMUSG00000031844 ENSMUSG00000031844 0.003280416   -11.94939  -3.620094
ENSMUSG00000028492 ENSMUSG00000028492 0.003296761   -11.41827  -3.426704
ENSMUSG00000024600 ENSMUSG00000024600 0.002551593   -11.35054  -3.426704
                   std.logFC cellType.target std.logFC.rank     std.logFC.anno
ENSMUSG00000009350 0.1471553          random              1  std logFC = 0.147
ENSMUSG00000049152 0.1455933          random              2  std logFC = 0.146
ENSMUSG00000078783 0.1102085          random              3   std logFC = 0.11
ENSMUSG00000031844 0.1079067          random              4  std logFC = 0.108
ENSMUSG00000028492 0.1049950          random              5  std logFC = 0.105
ENSMUSG00000024600 0.1046183          random              6  std logFC = 0.105
[1] 23
Running 1vALL Testing for up-regulated genes
2024-09-08 00:20:26.632801 - Find markers for: other
2024-09-08 00:20:34.982086 - Find markers for: random
2024-09-08 00:20:44.695288 - Building Table
** Done! **

                                 gene        logFC log.p.value   log.FDR
ENSMUSG00000027528 ENSMUSG00000027528 0.0007626648   -13.69932 -4.636406
ENSMUSG00000044863 ENSMUSG00000044863 0.0009025922   -13.65885 -4.636406
ENSMUSG00000035148 ENSMUSG00000035148 0.0006269679   -12.68750 -4.356430
ENSMUSG00000022330 ENSMUSG00000022330 0.0007719559   -12.68573 -4.356430
ENSMUSG00000030851 ENSMUSG00000030851 0.0055674204   -11.92932 -3.823171
ENSMUSG00000051279 ENSMUSG00000051279 0.0025334083   -11.17524 -3.251413
                   std.logFC cellType.target std.logFC.rank     std.logFC.anno
ENSMUSG00000027528 0.1173955          random              1  std logFC = 0.117
ENSMUSG00000044863 0.1171913          random              2  std logFC = 0.117
ENSMUSG00000035148 0.1121878          random              3  std logFC = 0.112
ENSMUSG00000022330 0.1121784          random              4  std logFC = 0.112
ENSMUSG00000030851 0.1081351          random              5  std logFC = 0.108
ENSMUSG00000051279 0.1039619          random              6  std logFC = 0.104
[1] 24
Running 1vALL Testing for up-regulated genes
2024-09-08 00:20:44.918533 - Find markers for: other
2024-09-08 00:20:53.442091 - Find markers for: random
2024-09-08 00:21:01.889379 - Building Table
** Done! **

                                 gene       logFC log.p.value   log.FDR
ENSMUSG00000062564 ENSMUSG00000062564 0.001819675   -15.09004 -5.374450
ENSMUSG00000000730 ENSMUSG00000000730 0.001109586   -12.09891 -3.437264
ENSMUSG00000022768 ENSMUSG00000022768 0.007239222   -11.83083 -3.437264
ENSMUSG00000032446 ENSMUSG00000032446 0.014361578   -11.76656 -3.437264
ENSMUSG00000116376 ENSMUSG00000116376 0.001771186   -11.22325 -3.117099
ENSMUSG00000044951 ENSMUSG00000044951 0.002708684   -10.98258 -3.058751
                   std.logFC cellType.target std.logFC.rank     std.logFC.anno
ENSMUSG00000062564 0.1243007          random              1  std logFC = 0.124
ENSMUSG00000000730 0.1091216          random              2  std logFC = 0.109
ENSMUSG00000022768 0.1076655          random              3  std logFC = 0.108
ENSMUSG00000032446 0.1073138          random              4  std logFC = 0.107
ENSMUSG00000116376 0.1042971          random              5  std logFC = 0.104
ENSMUSG00000044951 0.1029351          random              6  std logFC = 0.103
[1] 25
Running 1vALL Testing for up-regulated genes
2024-09-08 00:21:02.097476 - Find markers for: other
2024-09-08 00:21:10.737482 - Find markers for: random
2024-09-08 00:21:19.123094 - Building Table
** Done! **

                                 gene        logFC log.p.value   log.FDR
ENSMUSG00000000617 ENSMUSG00000000617 0.0005889062  -12.386043 -3.167548
ENSMUSG00000054446 ENSMUSG00000054446 0.0009647850  -12.189991 -3.167548
ENSMUSG00000074895 ENSMUSG00000074895 0.0014319996  -11.316692 -2.699714
ENSMUSG00000023987 ENSMUSG00000023987 0.0012169547  -11.002336 -2.673040
ENSMUSG00000061126 ENSMUSG00000061126 0.0008893089   -9.858462 -2.012540
ENSMUSG00000070691 ENSMUSG00000070691 0.0033501837   -9.805503 -2.012540
                    std.logFC cellType.target std.logFC.rank     std.logFC.anno
ENSMUSG00000000617 0.11067944          random              1  std logFC = 0.111
ENSMUSG00000054446 0.10962986          random              2   std logFC = 0.11
ENSMUSG00000074895 0.10483835          random              3  std logFC = 0.105
ENSMUSG00000023987 0.10306408          random              4  std logFC = 0.103
ENSMUSG00000061126 0.09636015          random              5  std logFC = 0.096
ENSMUSG00000070691 0.09603960          random              6  std logFC = 0.096
[1] 26
Running 1vALL Testing for up-regulated genes
2024-09-08 00:21:19.315812 - Find markers for: other
2024-09-08 00:21:27.717273 - Find markers for: random
2024-09-08 00:21:36.214084 - Building Table
** Done! **

                                 gene        logFC log.p.value   log.FDR
ENSMUSG00000026532 ENSMUSG00000026532 0.0023537721   -12.42664 -3.226352
ENSMUSG00000029188 ENSMUSG00000029188 0.0019794292   -11.78342 -3.226352
ENSMUSG00000041062 ENSMUSG00000041062 0.0037893199   -11.41826 -3.226352
ENSMUSG00000026358 ENSMUSG00000026358 0.0038925938   -11.39593 -3.226352
ENSMUSG00000040495 ENSMUSG00000040495 0.0056828481   -11.21867 -3.226352
ENSMUSG00000028435 ENSMUSG00000028435 0.0009936286   -11.15018 -3.226352
                   std.logFC cellType.target std.logFC.rank     std.logFC.anno
ENSMUSG00000026532 0.1108391          random              1  std logFC = 0.111
ENSMUSG00000029188 0.1073687          random              2  std logFC = 0.107
ENSMUSG00000041062 0.1053521          random              3  std logFC = 0.105
ENSMUSG00000026358 0.1052277          random              4  std logFC = 0.105
ENSMUSG00000040495 0.1042349          random              5  std logFC = 0.104
ENSMUSG00000028435 0.1038490          random              6  std logFC = 0.104
[1] 27
Running 1vALL Testing for up-regulated genes
2024-09-08 00:21:36.407246 - Find markers for: other
2024-09-08 00:21:44.911697 - Find markers for: random
2024-09-08 00:21:53.306894 - Building Table
** Done! **

                                 gene       logFC log.p.value   log.FDR
ENSMUSG00000073916 ENSMUSG00000073916 0.001334003  -17.998893 -8.283303
ENSMUSG00000010461 ENSMUSG00000010461 0.034773993  -10.363017 -1.813368
ENSMUSG00000040726 ENSMUSG00000040726 0.002063044  -10.154239 -1.813368
ENSMUSG00000049641 ENSMUSG00000049641 0.001866382  -10.142664 -1.813368
ENSMUSG00000025352 ENSMUSG00000025352 0.024043798   -9.660027 -1.685668
ENSMUSG00000035517 ENSMUSG00000035517 0.038153594   -9.507171 -1.685668
                    std.logFC cellType.target std.logFC.rank     std.logFC.anno
ENSMUSG00000073916 0.13762683          random              1  std logFC = 0.138
ENSMUSG00000010461 0.09939553          random              2  std logFC = 0.099
ENSMUSG00000040726 0.09816085          random              3  std logFC = 0.098
ENSMUSG00000049641 0.09809199          random              4  std logFC = 0.098
ENSMUSG00000025352 0.09518099          random              5  std logFC = 0.095
ENSMUSG00000035517 0.09424229          random              6  std logFC = 0.094
[1] 28
Running 1vALL Testing for up-regulated genes
2024-09-08 00:21:53.517209 - Find markers for: other
2024-09-08 00:22:01.887992 - Find markers for: random
2024-09-08 00:22:10.454909 - Building Table
** Done! **

                                 gene        logFC log.p.value   log.FDR
ENSMUSG00000024401 ENSMUSG00000024401 0.0022416755   -15.24519 -5.529595
ENSMUSG00000079298 ENSMUSG00000079298 0.0021166361   -14.08398 -5.239802
ENSMUSG00000000157 ENSMUSG00000000157 0.0031138330   -13.85678 -5.239802
ENSMUSG00000091060 ENSMUSG00000091060 0.0026953050   -13.39641 -5.067118
ENSMUSG00000016982 ENSMUSG00000016982 0.0008185933   -12.91390 -4.807745
ENSMUSG00000043827 ENSMUSG00000043827 0.0014274228   -11.96389 -4.040054
                   std.logFC cellType.target std.logFC.rank     std.logFC.anno
ENSMUSG00000024401 0.1250309          random              1  std logFC = 0.125
ENSMUSG00000079298 0.1193847          random              2  std logFC = 0.119
ENSMUSG00000000157 0.1182507          random              3  std logFC = 0.118
ENSMUSG00000091060 0.1159217          random              4  std logFC = 0.116
ENSMUSG00000016982 0.1134334          random              5  std logFC = 0.113
ENSMUSG00000043827 0.1083814          random              6  std logFC = 0.108
[1] 29
Running 1vALL Testing for up-regulated genes
2024-09-08 00:22:10.670576 - Find markers for: other
2024-09-08 00:22:19.175821 - Find markers for: random
2024-09-08 00:22:27.516588 - Building Table
** Done! **

                                 gene        logFC log.p.value   log.FDR
ENSMUSG00000041247 ENSMUSG00000041247 0.0014402853   -17.96683 -8.251236
ENSMUSG00000062524 ENSMUSG00000062524 0.0007790741   -13.39897 -4.376526
ENSMUSG00000027107 ENSMUSG00000027107 0.0027441105   -11.73894 -3.121967
ENSMUSG00000102418 ENSMUSG00000102418 0.0019077693   -10.99952 -2.670220
ENSMUSG00000023979 ENSMUSG00000023979 0.0092140908   -10.33345 -2.320230
ENSMUSG00000107417 ENSMUSG00000107417 0.0006669212   -10.24406 -2.320230
                    std.logFC cellType.target std.logFC.rank     std.logFC.anno
ENSMUSG00000041247 0.13737478          random              1  std logFC = 0.137
ENSMUSG00000062524 0.11590103          random              2  std logFC = 0.116
ENSMUSG00000027107 0.10712221          random              3  std logFC = 0.107
ENSMUSG00000102418 0.10299295          random              4  std logFC = 0.103
ENSMUSG00000023979 0.09914046          random              5  std logFC = 0.099
ENSMUSG00000107417 0.09861313          random              6  std logFC = 0.099
[1] 30
Running 1vALL Testing for up-regulated genes
2024-09-08 00:22:27.729285 - Find markers for: other
2024-09-08 00:22:36.181658 - Find markers for: random
2024-09-08 00:22:44.630176 - Building Table
** Done! **

                                 gene       logFC log.p.value   log.FDR
ENSMUSG00000032852 ENSMUSG00000032852 0.004040894   -15.38834 -5.672750
ENSMUSG00000091512 ENSMUSG00000091512 0.039100650   -10.78178 -2.180313
ENSMUSG00000007783 ENSMUSG00000007783 0.071906259   -10.64922 -2.180313
ENSMUSG00000073063 ENSMUSG00000073063 0.001004955   -10.30918 -2.180313
ENSMUSG00000068758 ENSMUSG00000068758 0.005435380   -10.11239 -2.180313
ENSMUSG00000061584 ENSMUSG00000061584 0.002845959   -10.10414 -2.180313
                    std.logFC cellType.target std.logFC.rank     std.logFC.anno
ENSMUSG00000032852 0.12524305          random              1  std logFC = 0.125
ENSMUSG00000091512 0.10139915          random              2  std logFC = 0.101
ENSMUSG00000007783 0.10063710          random              3  std logFC = 0.101
ENSMUSG00000073063 0.09865804          random              4  std logFC = 0.099
ENSMUSG00000068758 0.09749615          random              5  std logFC = 0.097
ENSMUSG00000061584 0.09744722          random              6  std logFC = 0.097
[1] 31
Running 1vALL Testing for up-regulated genes
2024-09-08 00:22:44.84048 - Find markers for: other
2024-09-08 00:22:53.20728 - Find markers for: random
2024-09-08 00:23:01.637386 - Building Table
** Done! **

                                 gene        logFC log.p.value   log.FDR
ENSMUSG00000053375 ENSMUSG00000053375 0.0022867518   -16.52457 -6.808980
ENSMUSG00000041247 ENSMUSG00000041247 0.0012301614   -13.67099 -4.648549
ENSMUSG00000021335 ENSMUSG00000021335 0.0026137021   -12.66309 -4.046115
ENSMUSG00000069085 ENSMUSG00000069085 0.0147380298   -11.87167 -3.542378
ENSMUSG00000031757 ENSMUSG00000031757 0.0008304191   -10.69184 -2.651119
ENSMUSG00000037583 ENSMUSG00000037583 0.0009766727   -10.57495 -2.651119
                   std.logFC cellType.target std.logFC.rank     std.logFC.anno
ENSMUSG00000053375 0.1309831          random              1  std logFC = 0.131
ENSMUSG00000041247 0.1173109          random              2  std logFC = 0.117
ENSMUSG00000021335 0.1121151          random              3  std logFC = 0.112
ENSMUSG00000069085 0.1078749          random              4  std logFC = 0.108
ENSMUSG00000031757 0.1012549          random              5  std logFC = 0.101
ENSMUSG00000037583 0.1005776          random              6  std logFC = 0.101
[1] 32
Running 1vALL Testing for up-regulated genes
2024-09-08 00:23:01.84557 - Find markers for: other
2024-09-08 00:23:10.417376 - Find markers for: random
2024-09-08 00:23:18.743697 - Building Table
** Done! **

                                 gene        logFC log.p.value   log.FDR
ENSMUSG00000057240 ENSMUSG00000057240 0.0006674648  -13.554813 -3.839222
ENSMUSG00000028255 ENSMUSG00000028255 0.0011769870  -12.853877 -3.831434
ENSMUSG00000028838 ENSMUSG00000028838 0.0189732940  -10.053243 -1.520977
ENSMUSG00000033080 ENSMUSG00000033080 0.0020691243   -9.759716 -1.520977
ENSMUSG00000062564 ENSMUSG00000062564 0.0013900108   -9.627129 -1.520977
ENSMUSG00000029138 ENSMUSG00000029138 0.0030100329   -9.297732 -1.485757
                    std.logFC cellType.target std.logFC.rank     std.logFC.anno
ENSMUSG00000057240 0.11672581          random              1  std logFC = 0.117
ENSMUSG00000028255 0.11311832          random              2  std logFC = 0.113
ENSMUSG00000028838 0.09750547          random              3  std logFC = 0.098
ENSMUSG00000033080 0.09573664          random              4  std logFC = 0.096
ENSMUSG00000062564 0.09492799          random              5  std logFC = 0.095
ENSMUSG00000029138 0.09289183          random              6  std logFC = 0.093
[1] 33
Running 1vALL Testing for up-regulated genes
2024-09-08 00:23:18.954182 - Find markers for: other
2024-09-08 00:23:27.320344 - Find markers for: random
2024-09-08 00:23:35.696966 - Building Table
** Done! **

                                 gene       logFC log.p.value   log.FDR
ENSMUSG00000026963 ENSMUSG00000026963 0.002249232   -13.43732 -3.873298
ENSMUSG00000015619 ENSMUSG00000015619 0.001668589   -12.52474 -3.873298
ENSMUSG00000006216 ENSMUSG00000006216 0.001251513   -12.49028 -3.873298
ENSMUSG00000045569 ENSMUSG00000045569 0.003949602   -11.42890 -3.263584
ENSMUSG00000093865 ENSMUSG00000093865 0.002592933   -11.36974 -3.263584
ENSMUSG00000045326 ENSMUSG00000045326 0.003046140   -11.16606 -3.242231
                   std.logFC cellType.target std.logFC.rank     std.logFC.anno
ENSMUSG00000026963 0.1161066          random              1  std logFC = 0.116
ENSMUSG00000015619 0.1113665          random              2  std logFC = 0.111
ENSMUSG00000006216 0.1111838          random              3  std logFC = 0.111
ENSMUSG00000045569 0.1054178          random              4  std logFC = 0.105
ENSMUSG00000093865 0.1050879          random              5  std logFC = 0.105
ENSMUSG00000045326 0.1039449          random              6  std logFC = 0.104
[1] 34
Running 1vALL Testing for up-regulated genes
2024-09-08 00:23:35.89643 - Find markers for: other
2024-09-08 00:23:44.311976 - Find markers for: random
2024-09-08 00:23:52.720146 - Building Table
** Done! **

                                 gene        logFC log.p.value   log.FDR
ENSMUSG00000093938 ENSMUSG00000093938 0.0007312542   -13.82563 -4.110042
ENSMUSG00000035923 ENSMUSG00000035923 0.0007045818   -11.99368 -2.971233
ENSMUSG00000031450 ENSMUSG00000031450 0.0018731567   -11.58797 -2.970988
ENSMUSG00000041578 ENSMUSG00000041578 0.0018879903   -11.10123 -2.855026
ENSMUSG00000025610 ENSMUSG00000025610 0.0038124920   -10.91486 -2.855026
ENSMUSG00000093806 ENSMUSG00000093806 0.0169769361   -10.69357 -2.855026
                   std.logFC cellType.target std.logFC.rank     std.logFC.anno
ENSMUSG00000093938 0.1180604          random              1  std logFC = 0.118
ENSMUSG00000035923 0.1085118          random              2  std logFC = 0.109
ENSMUSG00000031450 0.1062912          random              3  std logFC = 0.106
ENSMUSG00000041578 0.1035701          random              4  std logFC = 0.104
ENSMUSG00000025610 0.1025108          random              5  std logFC = 0.103
ENSMUSG00000093806 0.1012401          random              6  std logFC = 0.101
[1] 35
Running 1vALL Testing for up-regulated genes
2024-09-08 00:23:52.955139 - Find markers for: other
2024-09-08 00:24:01.611595 - Find markers for: random
2024-09-08 00:24:10.175274 - Building Table
** Done! **

                                 gene       logFC log.p.value   log.FDR
ENSMUSG00000092349 ENSMUSG00000092349 0.003407069  -13.349871 -3.708181
ENSMUSG00000040046 ENSMUSG00000040046 0.002139647  -12.730624 -3.708181
ENSMUSG00000078810 ENSMUSG00000078810 0.001101954  -11.157861 -2.540883
ENSMUSG00000096883 ENSMUSG00000096883 0.015200836   -9.953364 -1.797151
ENSMUSG00000042993 ENSMUSG00000042993 0.004106177   -9.903304 -1.797151
ENSMUSG00000053695 ENSMUSG00000053695 0.001417121   -9.465248 -1.727818
                    std.logFC cellType.target std.logFC.rank     std.logFC.anno
ENSMUSG00000092349 0.11583459          random              1  std logFC = 0.116
ENSMUSG00000040046 0.11262157          random              2  std logFC = 0.113
ENSMUSG00000078810 0.10405541          random              3  std logFC = 0.104
ENSMUSG00000096883 0.09703485          random              4  std logFC = 0.097
ENSMUSG00000042993 0.09673317          random              5  std logFC = 0.097
ENSMUSG00000053695 0.09405634          random              6  std logFC = 0.094
[1] 36
Running 1vALL Testing for up-regulated genes
2024-09-08 00:24:10.390332 - Find markers for: other
2024-09-08 00:24:18.992568 - Find markers for: random
2024-09-08 00:24:27.39762 - Building Table
** Done! **

                                 gene       logFC log.p.value   log.FDR
ENSMUSG00000044988 ENSMUSG00000044988 0.003153147   -12.98811 -3.386855
ENSMUSG00000032852 ENSMUSG00000032852 0.003580198   -12.40930 -3.386855
ENSMUSG00000015452 ENSMUSG00000015452 0.005676680   -11.70352 -3.208786
ENSMUSG00000056912 ENSMUSG00000056912 0.001485509   -11.53808 -3.208786
ENSMUSG00000049401 ENSMUSG00000049401 0.025237293   -11.21076 -3.104610
ENSMUSG00000032584 ENSMUSG00000032584 0.004638007   -10.84036 -2.969206
                   std.logFC cellType.target std.logFC.rank     std.logFC.anno
ENSMUSG00000044988 0.1139976          random              1  std logFC = 0.114
ENSMUSG00000032852 0.1109498          random              2  std logFC = 0.111
ENSMUSG00000015452 0.1071263          random              3  std logFC = 0.107
ENSMUSG00000056912 0.1062119          random              4  std logFC = 0.106
ENSMUSG00000049401 0.1043813          random              5  std logFC = 0.104
ENSMUSG00000032584 0.1022740          random              6  std logFC = 0.102
[1] 37
Running 1vALL Testing for up-regulated genes
2024-09-08 00:24:27.590445 - Find markers for: other
2024-09-08 00:24:36.097609 - Find markers for: random
2024-09-08 00:24:44.564963 - Building Table
** Done! **

                                 gene       logFC log.p.value   log.FDR
ENSMUSG00000039691 ENSMUSG00000039691 0.001851094   -16.01832 -6.302734
ENSMUSG00000034023 ENSMUSG00000034023 0.016007169   -11.73824 -2.809982
ENSMUSG00000029536 ENSMUSG00000029536 0.022143940   -11.42696 -2.809982
ENSMUSG00000036899 ENSMUSG00000036899 0.002122467   -10.93208 -2.721066
ENSMUSG00000041247 ENSMUSG00000041247 0.001074560   -10.82722 -2.721066
ENSMUSG00000041859 ENSMUSG00000041859 0.009368653   -10.36928 -2.607240
                    std.logFC cellType.target std.logFC.rank     std.logFC.anno
ENSMUSG00000039691 0.12919294          random              1  std logFC = 0.129
ENSMUSG00000034023 0.10759158          random              2  std logFC = 0.108
ENSMUSG00000029536 0.10586355          random              3  std logFC = 0.106
ENSMUSG00000036899 0.10306216          random              4  std logFC = 0.103
ENSMUSG00000041247 0.10245968          random              5  std logFC = 0.102
ENSMUSG00000041859 0.09979004          random              6    std logFC = 0.1
[1] 38
Running 1vALL Testing for up-regulated genes
2024-09-08 00:24:44.781715 - Find markers for: other
2024-09-08 00:24:53.353372 - Find markers for: random
2024-09-08 00:25:02.079409 - Building Table
** Done! **

                                 gene       logFC log.p.value   log.FDR
ENSMUSG00000019900 ENSMUSG00000019900 0.001256335  -15.209765 -5.494175
ENSMUSG00000035270 ENSMUSG00000035270 0.024938303  -14.146847 -5.124404
ENSMUSG00000021765 ENSMUSG00000021765 0.009722026  -10.868490 -2.251512
ENSMUSG00000039096 ENSMUSG00000039096 0.020314954  -10.131200 -1.953449
ENSMUSG00000063193 ENSMUSG00000063193 0.001714257   -9.872324 -1.953449
ENSMUSG00000027534 ENSMUSG00000027534 0.037870485   -9.788491 -1.953449
                    std.logFC cellType.target std.logFC.rank     std.logFC.anno
ENSMUSG00000019900 0.12474435          random              1  std logFC = 0.125
ENSMUSG00000035270 0.11958371          random              2   std logFC = 0.12
ENSMUSG00000021765 0.10217873          random              3  std logFC = 0.102
ENSMUSG00000039096 0.09787972          random              4  std logFC = 0.098
ENSMUSG00000063193 0.09632941          random              5  std logFC = 0.096
ENSMUSG00000027534 0.09582254          random              6  std logFC = 0.096
[1] 39
Running 1vALL Testing for up-regulated genes
2024-09-08 00:25:02.299817 - Find markers for: other
2024-09-08 00:25:10.988951 - Find markers for: random
2024-09-08 00:25:19.40897 - Building Table
** Done! **

                                 gene        logFC log.p.value   log.FDR
ENSMUSG00000079042 ENSMUSG00000079042 0.0049150873  -12.108117 -2.647272
ENSMUSG00000076609 ENSMUSG00000076609 0.0028795137  -11.669716 -2.647272
ENSMUSG00000009248 ENSMUSG00000009248 0.0041587209  -10.926868 -2.309890
ENSMUSG00000036960 ENSMUSG00000036960 0.0013355648  -10.506925 -2.177629
ENSMUSG00000026070 ENSMUSG00000026070 0.0011973615  -10.114121 -2.007969
ENSMUSG00000079722 ENSMUSG00000079722 0.0009560045   -9.567321 -1.653008
                    std.logFC cellType.target std.logFC.rank     std.logFC.anno
ENSMUSG00000079042 0.10913040          random              1  std logFC = 0.109
ENSMUSG00000076609 0.10674175          random              2  std logFC = 0.107
ENSMUSG00000009248 0.10257909          random              3  std logFC = 0.103
ENSMUSG00000036960 0.10015669          random              4    std logFC = 0.1
ENSMUSG00000026070 0.09784198          random              5  std logFC = 0.098
ENSMUSG00000079722 0.09453535          random              6  std logFC = 0.095
[1] 40
Running 1vALL Testing for up-regulated genes
2024-09-08 00:25:19.590164 - Find markers for: other
2024-09-08 00:25:28.246296 - Find markers for: random
2024-09-08 00:25:36.537841 - Building Table
** Done! **

                                 gene       logFC log.p.value   log.FDR
ENSMUSG00000058669 ENSMUSG00000058669 0.004326997   -11.99915 -2.318810
ENSMUSG00000031780 ENSMUSG00000031780 0.004759086   -11.34125 -2.318810
ENSMUSG00000025732 ENSMUSG00000025732 0.015447099   -10.37828 -2.203654
ENSMUSG00000021751 ENSMUSG00000021751 0.014537285   -10.34271 -2.203654
ENSMUSG00000087119 ENSMUSG00000087119 0.002696314   -10.16670 -2.203654
ENSMUSG00000002897 ENSMUSG00000002897 0.026655735   -10.12749 -2.203654
                    std.logFC cellType.target std.logFC.rank     std.logFC.anno
ENSMUSG00000058669 0.10856659          random              1  std logFC = 0.109
ENSMUSG00000031780 0.10494426          random              2  std logFC = 0.105
ENSMUSG00000025732 0.09942725          random              3  std logFC = 0.099
ENSMUSG00000021751 0.09921817          random              4  std logFC = 0.099
ENSMUSG00000087119 0.09817764          random              5  std logFC = 0.098
ENSMUSG00000002897 0.09794448          random              6  std logFC = 0.098
[1] 41
Running 1vALL Testing for up-regulated genes
2024-09-08 00:25:36.740533 - Find markers for: other
2024-09-08 00:25:45.693118 - Find markers for: random
2024-09-08 00:25:54.409034 - Building Table
** Done! **

                                 gene       logFC log.p.value    log.FDR
ENSMUSG00000005994 ENSMUSG00000005994 0.004485699   -21.20933 -11.493736
ENSMUSG00000041620 ENSMUSG00000041620 0.001469320   -13.51919  -4.496743
ENSMUSG00000015890 ENSMUSG00000015890 0.003798772   -12.44634  -4.039700
ENSMUSG00000022620 ENSMUSG00000022620 0.022983551   -12.36900  -4.039700
ENSMUSG00000046897 ENSMUSG00000046897 0.050146220   -10.49412  -2.511560
ENSMUSG00000025716 ENSMUSG00000025716 0.010103976   -10.31898  -2.511560
                    std.logFC cellType.target std.logFC.rank     std.logFC.anno
ENSMUSG00000005994 0.15091683          random              1  std logFC = 0.151
ENSMUSG00000041620 0.11654521          random              2  std logFC = 0.117
ENSMUSG00000015890 0.11097165          random              3  std logFC = 0.111
ENSMUSG00000022620 0.11055987          random              4  std logFC = 0.111
ENSMUSG00000046897 0.10010961          random              5    std logFC = 0.1
ENSMUSG00000025716 0.09908259          random              6  std logFC = 0.099
[1] 42
Running 1vALL Testing for up-regulated genes
2024-09-08 00:25:54.627458 - Find markers for: random
2024-09-08 00:26:03.187172 - Find markers for: other
2024-09-08 00:26:12.006482 - Building Table
** Done! **

                                 gene        logFC log.p.value   log.FDR
ENSMUSG00000040283 ENSMUSG00000040283 0.0006241963   -14.02495 -4.309362
ENSMUSG00000022871 ENSMUSG00000022871 0.0014608613   -12.45494 -3.816406
ENSMUSG00000012282 ENSMUSG00000012282 0.0018065301   -12.43338 -3.816406
ENSMUSG00000036938 ENSMUSG00000036938 0.0009663436   -12.02579 -3.696499
ENSMUSG00000029682 ENSMUSG00000029682 0.0004642401   -11.34952 -3.278995
ENSMUSG00000025610 ENSMUSG00000025610 0.0038902457   -11.20283 -3.278995
                   std.logFC cellType.target std.logFC.rank     std.logFC.anno
ENSMUSG00000040283 0.1195818          random              1   std logFC = 0.12
ENSMUSG00000022871 0.1114766          random              2  std logFC = 0.111
ENSMUSG00000012282 0.1113616          random              3  std logFC = 0.111
ENSMUSG00000036938 0.1091652          random              4  std logFC = 0.109
ENSMUSG00000029682 0.1054292          random              5  std logFC = 0.105
ENSMUSG00000025610 0.1046028          random              6  std logFC = 0.105
[1] 43
Running 1vALL Testing for up-regulated genes
2024-09-08 00:26:12.222438 - Find markers for: other
2024-09-08 00:26:20.884352 - Find markers for: random
2024-09-08 00:26:29.466551 - Building Table
** Done! **

                                 gene        logFC log.p.value   log.FDR
ENSMUSG00000029706 ENSMUSG00000029706 0.0005559981   -13.81554 -4.099955
ENSMUSG00000015316 ENSMUSG00000015316 0.0056351012   -10.93305 -2.455739
ENSMUSG00000016255 ENSMUSG00000016255 0.0007892796   -10.62403 -2.455739
ENSMUSG00000020916 ENSMUSG00000020916 0.0012053780   -10.41317 -2.455739
ENSMUSG00000107417 ENSMUSG00000107417 0.0006653906   -10.21423 -2.455739
ENSMUSG00000092622 ENSMUSG00000092622 0.0070918653   -10.20771 -2.455739
                    std.logFC cellType.target std.logFC.rank     std.logFC.anno
ENSMUSG00000029706 0.11794969          random              1  std logFC = 0.118
ENSMUSG00000015316 0.10256237          random              2  std logFC = 0.103
ENSMUSG00000016255 0.10078640          random              3  std logFC = 0.101
ENSMUSG00000020916 0.09955815          random              4    std logFC = 0.1
ENSMUSG00000107417 0.09838668          random              5  std logFC = 0.098
ENSMUSG00000092622 0.09834810          random              6  std logFC = 0.098
[1] 44
Running 1vALL Testing for up-regulated genes
2024-09-08 00:26:29.660815 - Find markers for: other
2024-09-08 00:26:38.08392 - Find markers for: random
2024-09-08 00:26:46.655033 - Building Table
** Done! **

                                 gene       logFC log.p.value   log.FDR
ENSMUSG00000037346 ENSMUSG00000037346 0.002429668  -17.524501 -7.808910
ENSMUSG00000032718 ENSMUSG00000032718 0.010143760  -10.994064 -2.008599
ENSMUSG00000029478 ENSMUSG00000029478 0.061239066  -10.425815 -2.008599
ENSMUSG00000045326 ENSMUSG00000045326 0.002898657  -10.264052 -2.008599
ENSMUSG00000049641 ENSMUSG00000049641 0.001865039  -10.114752 -2.008599
ENSMUSG00000026779 ENSMUSG00000026779 0.026077719   -9.854471 -1.930640
                    std.logFC cellType.target std.logFC.rank     std.logFC.anno
ENSMUSG00000037346 0.13567800          random              1  std logFC = 0.136
ENSMUSG00000032718 0.10314668          random              2  std logFC = 0.103
ENSMUSG00000029478 0.09986157          random              3    std logFC = 0.1
ENSMUSG00000045326 0.09890842          random              4  std logFC = 0.099
ENSMUSG00000049641 0.09802132          random              5  std logFC = 0.098
ENSMUSG00000026779 0.09645728          random              6  std logFC = 0.096
[1] 45
Running 1vALL Testing for up-regulated genes
2024-09-08 00:26:46.861135 - Find markers for: other
2024-09-08 00:26:55.434671 - Find markers for: random
2024-09-08 00:27:03.885141 - Building Table
** Done! **

                                 gene       logFC log.p.value   log.FDR
ENSMUSG00000047990 ENSMUSG00000047990 0.001488272   -13.16340 -4.041006
ENSMUSG00000018927 ENSMUSG00000018927 0.006873511   -13.06345 -4.041006
ENSMUSG00000073916 ENSMUSG00000073916 0.001050347   -11.95127 -3.334288
ENSMUSG00000059791 ENSMUSG00000059791 0.008551807   -11.17356 -3.000339
ENSMUSG00000002111 ENSMUSG00000002111 0.016037810   -11.10649 -3.000339
ENSMUSG00000035697 ENSMUSG00000035697 0.029076526   -10.74376 -2.936503
                   std.logFC cellType.target std.logFC.rank     std.logFC.anno
ENSMUSG00000047990 0.1147483          random              1  std logFC = 0.115
ENSMUSG00000018927 0.1142319          random              2  std logFC = 0.114
ENSMUSG00000073916 0.1083337          random              3  std logFC = 0.108
ENSMUSG00000059791 0.1040285          random              4  std logFC = 0.104
ENSMUSG00000002111 0.1036497          random              5  std logFC = 0.104
ENSMUSG00000035697 0.1015784          random              6  std logFC = 0.102
[1] 46
Running 1vALL Testing for up-regulated genes
2024-09-08 00:27:04.095686 - Find markers for: other
2024-09-08 00:27:12.664109 - Find markers for: random
2024-09-08 00:27:21.239686 - Building Table
** Done! **

                                 gene        logFC log.p.value   log.FDR
ENSMUSG00000073897 ENSMUSG00000073897 0.0008301650   -13.19869 -4.025518
ENSMUSG00000053886 ENSMUSG00000053886 0.0078724707   -13.04796 -4.025518
ENSMUSG00000042451 ENSMUSG00000042451 0.0044409557   -12.03058 -3.413601
ENSMUSG00000109718 ENSMUSG00000109718 0.0018346180   -11.18275 -3.084407
ENSMUSG00000031621 ENSMUSG00000031621 0.0006819401   -11.02691 -3.084407
ENSMUSG00000029541 ENSMUSG00000029541 0.0005760065   -11.00824 -3.084407
                   std.logFC cellType.target std.logFC.rank     std.logFC.anno
ENSMUSG00000073897 0.1144583          random              1  std logFC = 0.114
ENSMUSG00000053886 0.1136831          random              2  std logFC = 0.114
ENSMUSG00000042451 0.1083175          random              3  std logFC = 0.108
ENSMUSG00000109718 0.1036531          random              4  std logFC = 0.104
ENSMUSG00000031621 0.1027748          random              5  std logFC = 0.103
ENSMUSG00000029541 0.1026691          random              6  std logFC = 0.103
[1] 47
Running 1vALL Testing for up-regulated genes
2024-09-08 00:27:21.435256 - Find markers for: other
2024-09-08 00:27:29.717535 - Find markers for: random
2024-09-08 00:27:38.135957 - Building Table
** Done! **

                                 gene        logFC log.p.value   log.FDR
ENSMUSG00000043753 ENSMUSG00000043753 0.0038978321   -16.83017 -7.114580
ENSMUSG00000038997 ENSMUSG00000038997 0.0031033541   -13.56704 -4.544600
ENSMUSG00000107822 ENSMUSG00000107822 0.0011703102   -12.80270 -4.185719
ENSMUSG00000058441 ENSMUSG00000058441 0.0275156410   -11.67503 -3.382947
ENSMUSG00000070330 ENSMUSG00000070330 0.0009912197   -11.48910 -3.382947
ENSMUSG00000034159 ENSMUSG00000034159 0.0015462398   -10.55470 -2.630870
                   std.logFC cellType.target std.logFC.rank     std.logFC.anno
ENSMUSG00000043753 0.1327908          random              1  std logFC = 0.133
ENSMUSG00000038997 0.1171569          random              2  std logFC = 0.117
ENSMUSG00000107822 0.1132074          random              3  std logFC = 0.113
ENSMUSG00000058441 0.1071377          random              4  std logFC = 0.107
ENSMUSG00000070330 0.1061065          random              5  std logFC = 0.106
ENSMUSG00000034159 0.1007799          random              6  std logFC = 0.101
[1] 48
Running 1vALL Testing for up-regulated genes
2024-09-08 00:27:38.350979 - Find markers for: other
2024-09-08 00:27:46.985172 - Find markers for: random
2024-09-08 00:27:55.389031 - Building Table
** Done! **

                                 gene        logFC log.p.value   log.FDR
ENSMUSG00000054342 ENSMUSG00000054342 0.0095501267  -17.085545 -7.369955
ENSMUSG00000051590 ENSMUSG00000051590 0.0568085932  -11.765172 -2.907037
ENSMUSG00000038259 ENSMUSG00000038259 0.0032568868  -11.524016 -2.907037
ENSMUSG00000037583 ENSMUSG00000037583 0.0009734996  -10.548265 -2.288786
ENSMUSG00000032094 ENSMUSG00000032094 0.0011608168  -10.388485 -2.288786
ENSMUSG00000056632 ENSMUSG00000056632 0.0030081465   -9.956847 -2.288786
                    std.logFC cellType.target std.logFC.rank     std.logFC.anno
ENSMUSG00000054342 0.13328867          random              1  std logFC = 0.133
ENSMUSG00000051590 0.10710916          random              2  std logFC = 0.107
ENSMUSG00000038259 0.10578215          random              3  std logFC = 0.106
ENSMUSG00000037583 0.10025071          random              4    std logFC = 0.1
ENSMUSG00000032094 0.09931844          random              5  std logFC = 0.099
ENSMUSG00000056632 0.09675960          random              6  std logFC = 0.097
[1] 49
Running 1vALL Testing for up-regulated genes
2024-09-08 00:27:55.623066 - Find markers for: other
2024-09-08 00:28:04.332019 - Find markers for: random
2024-09-08 00:28:12.77015 - Building Table
** Done! **

                                 gene        logFC log.p.value   log.FDR
ENSMUSG00000029437 ENSMUSG00000029437 0.0010425715  -13.604224 -3.888634
ENSMUSG00000030713 ENSMUSG00000030713 0.0008267362  -12.550472 -3.528029
ENSMUSG00000055027 ENSMUSG00000055027 0.0213893704  -11.579125 -2.962147
ENSMUSG00000071104 ENSMUSG00000071104 0.0065650030   -9.684720 -1.355424
ENSMUSG00000030515 ENSMUSG00000030515 0.0348239810   -9.438935 -1.340648
ENSMUSG00000030738 ENSMUSG00000030738 0.0604519574   -9.131484 -1.340648
                    std.logFC cellType.target std.logFC.rank     std.logFC.anno
ENSMUSG00000029437 0.11688382          random              1  std logFC = 0.117
ENSMUSG00000030713 0.11143545          random              2  std logFC = 0.111
ENSMUSG00000055027 0.10618715          random              3  std logFC = 0.106
ENSMUSG00000071104 0.09520471          random              4  std logFC = 0.095
ENSMUSG00000030515 0.09369541          random              5  std logFC = 0.094
ENSMUSG00000030738 0.09177636          random              6  std logFC = 0.092
[1] 50
Running 1vALL Testing for up-regulated genes
2024-09-08 00:28:12.970201 - Find markers for: other
2024-09-08 00:28:21.605231 - Find markers for: random
2024-09-08 00:28:30.314362 - Building Table
** Done! **

                                 gene        logFC log.p.value   log.FDR
ENSMUSG00000045330 ENSMUSG00000045330 0.0016004503   -17.35272 -7.637129
ENSMUSG00000033196 ENSMUSG00000033196 0.0032261165   -15.05148 -6.029041
ENSMUSG00000013353 ENSMUSG00000013353 0.0012527440   -13.90127 -5.554032
ENSMUSG00000027718 ENSMUSG00000027718 0.0007119623   -13.88333 -5.554032
ENSMUSG00000034031 ENSMUSG00000034031 0.0010272039   -12.99809 -4.979490
ENSMUSG00000066720 ENSMUSG00000066720 0.0020681440   -12.90332 -4.979490
                   std.logFC cellType.target std.logFC.rank     std.logFC.anno
ENSMUSG00000045330 0.1348522          random              1  std logFC = 0.135
ENSMUSG00000033196 0.1242331          random              2  std logFC = 0.124
ENSMUSG00000013353 0.1185952          random              3  std logFC = 0.119
ENSMUSG00000027718 0.1185053          random              4  std logFC = 0.119
ENSMUSG00000034031 0.1139881          random              5  std logFC = 0.114
ENSMUSG00000066720 0.1134947          random              6  std logFC = 0.113
[1] 51
Running 1vALL Testing for up-regulated genes
2024-09-08 00:28:30.527778 - Find markers for: other
2024-09-08 00:28:39.091278 - Find markers for: random
2024-09-08 00:28:47.379745 - Building Table
** Done! **

                                 gene       logFC log.p.value   log.FDR
ENSMUSG00000044519 ENSMUSG00000044519 0.014889636   -11.84633 -2.786243
ENSMUSG00000000817 ENSMUSG00000000817 0.002973301   -11.43719 -2.786243
ENSMUSG00000095377 ENSMUSG00000095377 0.002356852   -11.14598 -2.786243
ENSMUSG00000035158 ENSMUSG00000035158 0.072235261   -10.65618 -2.786243
ENSMUSG00000043144 ENSMUSG00000043144 0.001585300   -10.59452 -2.786243
ENSMUSG00000038173 ENSMUSG00000038173 0.027641248   -10.38058 -2.786243
                    std.logFC cellType.target std.logFC.rank     std.logFC.anno
ENSMUSG00000044519 0.10790779          random              1  std logFC = 0.108
ENSMUSG00000000817 0.10564862          random              2  std logFC = 0.106
ENSMUSG00000095377 0.10401350          random              3  std logFC = 0.104
ENSMUSG00000035158 0.10120936          random              4  std logFC = 0.101
ENSMUSG00000043144 0.10085135          random              5  std logFC = 0.101
ENSMUSG00000038173 0.09960016          random              6    std logFC = 0.1
[1] 52
Running 1vALL Testing for up-regulated genes
2024-09-08 00:28:47.583244 - Find markers for: other
2024-09-08 00:28:56.118835 - Find markers for: random
2024-09-08 00:29:04.541746 - Building Table
** Done! **

                                 gene        logFC log.p.value   log.FDR
ENSMUSG00000057723 ENSMUSG00000057723 0.0015447327  -16.530367 -6.814777
ENSMUSG00000064006 ENSMUSG00000064006 0.0007726298  -12.965316 -3.942873
ENSMUSG00000006221 ENSMUSG00000006221 0.0020338676  -11.569536 -2.952558
ENSMUSG00000024902 ENSMUSG00000024902 0.0339390849  -11.083393 -2.754096
ENSMUSG00000006179 ENSMUSG00000006179 0.0012448417  -10.371649 -2.265497
ENSMUSG00000004707 ENSMUSG00000004707 0.0023809631   -9.686685 -1.945450
                    std.logFC cellType.target std.logFC.rank     std.logFC.anno
ENSMUSG00000057723 0.13066952          random              1  std logFC = 0.131
ENSMUSG00000064006 0.11340090          random              2  std logFC = 0.113
ENSMUSG00000006221 0.10593968          random              3  std logFC = 0.106
ENSMUSG00000024902 0.10322586          random              4  std logFC = 0.103
ENSMUSG00000006179 0.09913168          random              5  std logFC = 0.099
ENSMUSG00000004707 0.09504222          random              6  std logFC = 0.095
[1] 53
Running 1vALL Testing for up-regulated genes
2024-09-08 00:29:04.791613 - Find markers for: other
2024-09-08 00:29:13.361267 - Find markers for: random
2024-09-08 00:29:21.841498 - Building Table
** Done! **

                                 gene        logFC log.p.value   log.FDR
ENSMUSG00000028946 ENSMUSG00000028946 0.0020673512   -13.90620 -4.835159
ENSMUSG00000079019 ENSMUSG00000079019 0.0006958692   -13.85760 -4.835159
ENSMUSG00000052417 ENSMUSG00000052417 0.0011393656   -12.98754 -4.370566
ENSMUSG00000035861 ENSMUSG00000035861 0.0012070915   -12.39733 -4.268168
ENSMUSG00000074195 ENSMUSG00000074195 0.0010359914   -12.37432 -4.268168
ENSMUSG00000028536 ENSMUSG00000028536 0.0011710786   -11.14627 -3.266143
                   std.logFC cellType.target std.logFC.rank     std.logFC.anno
ENSMUSG00000028946 0.1180820          random              1  std logFC = 0.118
ENSMUSG00000079019 0.1178394          random              2  std logFC = 0.118
ENSMUSG00000052417 0.1134166          random              3  std logFC = 0.113
ENSMUSG00000035861 0.1103237          random              4   std logFC = 0.11
ENSMUSG00000074195 0.1102015          random              5   std logFC = 0.11
ENSMUSG00000028536 0.1034898          random              6  std logFC = 0.103
[1] 54
Running 1vALL Testing for up-regulated genes
2024-09-08 00:29:22.048919 - Find markers for: other
2024-09-08 00:29:30.604189 - Find markers for: random
2024-09-08 00:29:39.088176 - Building Table
** Done! **

                                 gene        logFC log.p.value   log.FDR
ENSMUSG00000016982 ENSMUSG00000016982 0.0008239704  -12.988462 -3.272871
ENSMUSG00000029660 ENSMUSG00000029660 0.0103927506  -12.239043 -3.216599
ENSMUSG00000092164 ENSMUSG00000092164 0.0016720613  -11.493256 -2.876278
ENSMUSG00000047822 ENSMUSG00000047822 0.0026931687  -10.911334 -2.582038
ENSMUSG00000003882 ENSMUSG00000003882 0.0066419210   -9.943911 -2.003280
ENSMUSG00000060967 ENSMUSG00000060967 0.0010281522   -9.892492 -2.003280
                    std.logFC cellType.target std.logFC.rank     std.logFC.anno
ENSMUSG00000016982 0.11417888          random              1  std logFC = 0.114
ENSMUSG00000029660 0.11021181          random              2   std logFC = 0.11
ENSMUSG00000092164 0.10612972          random              3  std logFC = 0.106
ENSMUSG00000047822 0.10284245          random              4  std logFC = 0.103
ENSMUSG00000003882 0.09715611          random              5  std logFC = 0.097
ENSMUSG00000060967 0.09684548          random              6  std logFC = 0.097
[1] 55
Running 1vALL Testing for up-regulated genes
2024-09-08 00:29:39.286636 - Find markers for: other
2024-09-08 00:29:47.8915 - Find markers for: random
2024-09-08 00:29:56.386539 - Building Table
** Done! **

                                 gene        logFC log.p.value   log.FDR
ENSMUSG00000038167 ENSMUSG00000038167 0.0041007147   -15.65466 -5.939073
ENSMUSG00000025229 ENSMUSG00000025229 0.0028105775   -13.52877 -4.506329
ENSMUSG00000039508 ENSMUSG00000039508 0.0005964028   -13.01480 -4.397822
ENSMUSG00000042419 ENSMUSG00000042419 0.0269225519   -12.69122 -4.361921
ENSMUSG00000025774 ENSMUSG00000025774 0.0004757999   -12.06447 -4.035185
ENSMUSG00000073916 ENSMUSG00000073916 0.0010515906   -11.95902 -4.035185
                   std.logFC cellType.target std.logFC.rank     std.logFC.anno
ENSMUSG00000038167 0.1270915          random              1  std logFC = 0.127
ENSMUSG00000025229 0.1167108          random              2  std logFC = 0.117
ENSMUSG00000039508 0.1140704          random              3  std logFC = 0.114
ENSMUSG00000042419 0.1123788          random              4  std logFC = 0.112
ENSMUSG00000025774 0.1090340          random              5  std logFC = 0.109
ENSMUSG00000073916 0.1084620          random              6  std logFC = 0.108
[1] 56
Running 1vALL Testing for up-regulated genes
2024-09-08 00:29:56.590858 - Find markers for: other
2024-09-08 00:30:05.029908 - Find markers for: random
2024-09-08 00:30:13.425649 - Building Table
** Done! **

                                 gene        logFC log.p.value   log.FDR
ENSMUSG00000050217 ENSMUSG00000050217 0.0020970548   -16.13522 -6.419628
ENSMUSG00000015133 ENSMUSG00000015133 0.0294739771   -11.67116 -2.648720
ENSMUSG00000021795 ENSMUSG00000021795 0.0003835766   -10.85477 -2.447830
ENSMUSG00000049420 ENSMUSG00000049420 0.0363852543   -10.77713 -2.447830
ENSMUSG00000031165 ENSMUSG00000031165 0.0076841044   -10.48833 -2.382181
ENSMUSG00000024979 ENSMUSG00000024979 0.0048342586   -10.01154 -2.174750
                    std.logFC cellType.target std.logFC.rank     std.logFC.anno
ENSMUSG00000050217 0.12847609          random              1  std logFC = 0.128
ENSMUSG00000015133 0.10618019          random              2  std logFC = 0.106
ENSMUSG00000021795 0.10162182          random              3  std logFC = 0.102
ENSMUSG00000049420 0.10117860          random              4  std logFC = 0.101
ENSMUSG00000031165 0.09951445          random              5    std logFC = 0.1
ENSMUSG00000024979 0.09671062          random              6  std logFC = 0.097
[1] 57
Running 1vALL Testing for up-regulated genes
2024-09-08 00:30:13.615655 - Find markers for: other
2024-09-08 00:30:22.188002 - Find markers for: random
2024-09-08 00:30:30.658712 - Building Table
** Done! **

                                 gene       logFC log.p.value   log.FDR
ENSMUSG00000019489 ENSMUSG00000019489 0.005613289   -11.89166 -2.995008
ENSMUSG00000008193 ENSMUSG00000008193 0.001859525   -11.64356 -2.995008
ENSMUSG00000055088 ENSMUSG00000055088 0.001369180   -11.61199 -2.995008
ENSMUSG00000071342 ENSMUSG00000071342 0.011309687   -10.83882 -2.801021
ENSMUSG00000068697 ENSMUSG00000068697 0.001328407   -10.74687 -2.801021
ENSMUSG00000075543 ENSMUSG00000075543 0.001513041   -10.72485 -2.801021
                   std.logFC cellType.target std.logFC.rank     std.logFC.anno
ENSMUSG00000019489 0.1081903          random              1  std logFC = 0.108
ENSMUSG00000008193 0.1068279          random              2  std logFC = 0.107
ENSMUSG00000055088 0.1066534          random              3  std logFC = 0.107
ENSMUSG00000071342 0.1022960          random              4  std logFC = 0.102
ENSMUSG00000068697 0.1017665          random              5  std logFC = 0.102
ENSMUSG00000075543 0.1016394          random              6  std logFC = 0.102
[1] 58
Running 1vALL Testing for up-regulated genes
2024-09-08 00:30:30.851412 - Find markers for: other
2024-09-08 00:30:39.714239 - Find markers for: random
2024-09-08 00:30:48.146132 - Building Table
** Done! **

                                 gene        logFC log.p.value   log.FDR
ENSMUSG00000055385 ENSMUSG00000055385 0.0022107840   -16.56477 -6.849178
ENSMUSG00000026574 ENSMUSG00000026574 0.0030163336   -13.47136 -4.448917
ENSMUSG00000029188 ENSMUSG00000029188 0.0019911707   -11.87852 -3.504936
ENSMUSG00000041737 ENSMUSG00000041737 0.0053626284   -11.83423 -3.504936
ENSMUSG00000070504 ENSMUSG00000070504 0.0005649632   -11.20794 -3.101790
ENSMUSG00000074825 ENSMUSG00000074825 0.0045608848   -10.33084 -2.407013
                    std.logFC cellType.target std.logFC.rank     std.logFC.anno
ENSMUSG00000055385 0.13128020          random              1  std logFC = 0.131
ENSMUSG00000026574 0.11639980          random              2  std logFC = 0.116
ENSMUSG00000029188 0.10800598          random              3  std logFC = 0.108
ENSMUSG00000041737 0.10776403          random              4  std logFC = 0.108
ENSMUSG00000070504 0.10428826          random              5  std logFC = 0.104
ENSMUSG00000074825 0.09923582          random              6  std logFC = 0.099
[1] 59
Running 1vALL Testing for up-regulated genes
2024-09-08 00:30:48.362906 - Find markers for: other
2024-09-08 00:30:56.830369 - Find markers for: random
2024-09-08 00:31:05.289512 - Building Table
** Done! **

                                 gene       logFC log.p.value   log.FDR
ENSMUSG00000013353 ENSMUSG00000013353 0.001241910  -13.763617 -4.469438
ENSMUSG00000036596 ENSMUSG00000036596 0.001186276  -13.491881 -4.469438
ENSMUSG00000022871 ENSMUSG00000022871 0.001481711  -12.883618 -4.266640
ENSMUSG00000030399 ENSMUSG00000030399 0.002212381  -11.490105 -3.160809
ENSMUSG00000045684 ENSMUSG00000045684 0.001078490  -11.153572 -3.047419
ENSMUSG00000024997 ENSMUSG00000024997 0.027730159   -9.591029 -1.733910
                    std.logFC cellType.target std.logFC.rank     std.logFC.anno
ENSMUSG00000013353 0.11756887          random              1  std logFC = 0.118
ENSMUSG00000036596 0.11619675          random              2  std logFC = 0.116
ENSMUSG00000022871 0.11306978          random              3  std logFC = 0.113
ENSMUSG00000030399 0.10558758          random              4  std logFC = 0.106
ENSMUSG00000045684 0.10370703          random              5  std logFC = 0.104
ENSMUSG00000024997 0.09453639          random              6  std logFC = 0.095
[1] 60
Running 1vALL Testing for up-regulated genes
2024-09-08 00:31:05.50193 - Find markers for: other
2024-09-08 00:31:14.01721 - Find markers for: random
2024-09-08 00:31:22.704822 - Building Table
** Done! **

                                 gene        logFC log.p.value   log.FDR
ENSMUSG00000040554 ENSMUSG00000040554 0.0011921726  -10.566247 -1.536393
ENSMUSG00000104445 ENSMUSG00000104445 0.0018342630  -10.558836 -1.536393
ENSMUSG00000030945 ENSMUSG00000030945 0.0009115065   -9.543248 -1.441376
ENSMUSG00000071715 ENSMUSG00000071715 0.0048681264   -9.355149 -1.441376
ENSMUSG00000057723 ENSMUSG00000057723 0.0010540994   -8.737903 -1.441376
ENSMUSG00000041052 ENSMUSG00000041052 0.0016711619   -8.598695 -1.441376
                    std.logFC cellType.target std.logFC.rank     std.logFC.anno
ENSMUSG00000040554 0.10030378          random              1    std logFC = 0.1
ENSMUSG00000104445 0.10026077          random              2    std logFC = 0.1
ENSMUSG00000030945 0.09420116          random              3  std logFC = 0.094
ENSMUSG00000071715 0.09304017          random              4  std logFC = 0.093
ENSMUSG00000057723 0.08913633          random              5  std logFC = 0.089
ENSMUSG00000041052 0.08823481          random              6  std logFC = 0.088
[1] 61
Running 1vALL Testing for up-regulated genes
2024-09-08 00:31:22.928545 - Find markers for: other
2024-09-08 00:31:31.494271 - Find markers for: random
2024-09-08 00:31:40.156757 - Building Table
** Done! **

                                 gene        logFC log.p.value   log.FDR
ENSMUSG00000026818 ENSMUSG00000026818 0.0019254364   -14.12661 -4.411018
ENSMUSG00000042845 ENSMUSG00000042845 0.0012981102   -13.37650 -4.354053
ENSMUSG00000044222 ENSMUSG00000044222 0.0008073234   -11.97487 -3.357891
ENSMUSG00000038179 ENSMUSG00000038179 0.0025422936   -10.85698 -2.527687
ENSMUSG00000033752 ENSMUSG00000033752 0.0094742618   -10.27515 -2.311055
ENSMUSG00000049538 ENSMUSG00000049538 0.0260582636   -10.23489 -2.311055
                    std.logFC cellType.target std.logFC.rank     std.logFC.anno
ENSMUSG00000026818 0.11957256          random              1   std logFC = 0.12
ENSMUSG00000042845 0.11579698          random              2  std logFC = 0.116
ENSMUSG00000044222 0.10841954          random              3  std logFC = 0.108
ENSMUSG00000038179 0.10218905          random              4  std logFC = 0.102
ENSMUSG00000033752 0.09880596          random              5  std logFC = 0.099
ENSMUSG00000049538 0.09856797          random              6  std logFC = 0.099
[1] 62
Running 1vALL Testing for up-regulated genes
2024-09-08 00:31:40.390133 - Find markers for: other
2024-09-08 00:31:49.015738 - Find markers for: random
2024-09-08 00:31:57.412431 - Building Table
** Done! **

                                 gene        logFC log.p.value   log.FDR
ENSMUSG00000078762 ENSMUSG00000078762 0.0183816525  -10.986317 -2.029573
ENSMUSG00000040505 ENSMUSG00000040505 0.0011402292  -10.776994 -2.029573
ENSMUSG00000049848 ENSMUSG00000049848 0.0007825868  -10.646551 -2.029573
ENSMUSG00000039742 ENSMUSG00000039742 0.0008692605  -10.039658 -1.734315
ENSMUSG00000034311 ENSMUSG00000034311 0.0183961215   -9.813008 -1.734315
ENSMUSG00000103037 ENSMUSG00000103037 0.0070369662   -9.619371 -1.734315
                    std.logFC cellType.target std.logFC.rank     std.logFC.anno
ENSMUSG00000078762 0.10288785          random              1  std logFC = 0.103
ENSMUSG00000040505 0.10169090          random              2  std logFC = 0.102
ENSMUSG00000049848 0.10093852          random              3  std logFC = 0.101
ENSMUSG00000039742 0.09736922          random              4  std logFC = 0.097
ENSMUSG00000034311 0.09600571          random              5  std logFC = 0.096
ENSMUSG00000103037 0.09482691          random              6  std logFC = 0.095
[1] 63
Running 1vALL Testing for up-regulated genes
2024-09-08 00:31:57.614693 - Find markers for: other
2024-09-08 00:32:06.285229 - Find markers for: random
2024-09-08 00:32:15.02916 - Building Table
** Done! **

                                 gene       logFC log.p.value   log.FDR
ENSMUSG00000028536 ENSMUSG00000028536 0.001188198  -11.288356 -1.746171
ENSMUSG00000035694 ENSMUSG00000035694 0.011625628  -10.381361 -1.746171
ENSMUSG00000024176 ENSMUSG00000024176 0.048045317  -10.013105 -1.746171
ENSMUSG00000035638 ENSMUSG00000035638 0.001356525   -9.589893 -1.746171
ENSMUSG00000025196 ENSMUSG00000025196 0.012355589   -9.373474 -1.746171
ENSMUSG00000027481 ENSMUSG00000027481 0.001158168   -8.962758 -1.746171
                    std.logFC cellType.target std.logFC.rank     std.logFC.anno
ENSMUSG00000028536 0.10500325          random              1  std logFC = 0.105
ENSMUSG00000035694 0.09978287          random              2    std logFC = 0.1
ENSMUSG00000024176 0.09759161          random              3  std logFC = 0.098
ENSMUSG00000035638 0.09501748          random              4  std logFC = 0.095
ENSMUSG00000025196 0.09367676          random              5  std logFC = 0.094
ENSMUSG00000027481 0.09108417          random              6  std logFC = 0.091
[1] 64
Running 1vALL Testing for up-regulated genes
2024-09-08 00:32:15.223194 - Find markers for: other
2024-09-08 00:32:23.591997 - Find markers for: random
2024-09-08 00:32:32.702619 - Building Table
** Done! **

                                 gene        logFC log.p.value   log.FDR
ENSMUSG00000029866 ENSMUSG00000029866 0.0021639473  -14.685945 -4.970355
ENSMUSG00000052922 ENSMUSG00000052922 0.0007774482  -13.924812 -4.902368
ENSMUSG00000075502 ENSMUSG00000075502 0.0018192106  -11.286864 -2.855373
ENSMUSG00000049709 ENSMUSG00000049709 0.0045599222  -11.184669 -2.855373
ENSMUSG00000002033 ENSMUSG00000002033 0.0011375217  -10.483386 -2.377233
ENSMUSG00000033200 ENSMUSG00000033200 0.0011790277   -9.942287 -2.138546
                    std.logFC cellType.target std.logFC.rank     std.logFC.anno
ENSMUSG00000029866 0.12234667          random              1  std logFC = 0.122
ENSMUSG00000052922 0.11859598          random              2  std logFC = 0.119
ENSMUSG00000075502 0.10464977          random              3  std logFC = 0.105
ENSMUSG00000049709 0.10407526          random              4  std logFC = 0.104
ENSMUSG00000002033 0.10005241          random              5    std logFC = 0.1
ENSMUSG00000033200 0.09684578          random              6  std logFC = 0.097
[1] 65
Running 1vALL Testing for up-regulated genes
2024-09-08 00:32:32.910966 - Find markers for: other
2024-09-08 00:32:41.324249 - Find markers for: random
2024-09-08 00:32:49.685794 - Building Table
** Done! **

                                 gene       logFC log.p.value   log.FDR
ENSMUSG00000049723 ENSMUSG00000049723 0.002242426   -11.30266 -2.195700
ENSMUSG00000047343 ENSMUSG00000047343 0.011754703   -11.10249 -2.195700
ENSMUSG00000037577 ENSMUSG00000037577 0.004215659   -10.72810 -2.195700
ENSMUSG00000035211 ENSMUSG00000035211 0.012351037   -10.44403 -2.195700
ENSMUSG00000026828 ENSMUSG00000026828 0.020288804   -10.30185 -2.195700
ENSMUSG00000061292 ENSMUSG00000061292 0.001308874   -10.10995 -2.186119
                    std.logFC cellType.target std.logFC.rank     std.logFC.anno
ENSMUSG00000049723 0.10451252          random              1  std logFC = 0.105
ENSMUSG00000047343 0.10338777          random              2  std logFC = 0.103
ENSMUSG00000037577 0.10125381          random              3  std logFC = 0.101
ENSMUSG00000035211 0.09960710          random              4    std logFC = 0.1
ENSMUSG00000026828 0.09877363          random              5  std logFC = 0.099
ENSMUSG00000061292 0.09763852          random              6  std logFC = 0.098
[1] 66
Running 1vALL Testing for up-regulated genes
2024-09-08 00:32:49.924339 - Find markers for: other
2024-09-08 00:32:58.861037 - Find markers for: random
2024-09-08 00:33:07.54078 - Building Table
** Done! **

                                 gene       logFC log.p.value   log.FDR
ENSMUSG00000034660 ENSMUSG00000034660 0.002557233   -13.47612 -4.286106
ENSMUSG00000057667 ENSMUSG00000057667 0.011498213   -13.30855 -4.286106
ENSMUSG00000028533 ENSMUSG00000028533 0.002197140   -12.85730 -4.251728
ENSMUSG00000015619 ENSMUSG00000015619 0.001675045   -12.58102 -4.251728
ENSMUSG00000028307 ENSMUSG00000028307 0.010215909   -10.97255 -2.953042
ENSMUSG00000026761 ENSMUSG00000026761 0.065884587   -10.87687 -2.953042
                   std.logFC cellType.target std.logFC.rank     std.logFC.anno
ENSMUSG00000034660 0.1164432          random              1  std logFC = 0.116
ENSMUSG00000057667 0.1155866          random              2  std logFC = 0.116
ENSMUSG00000028533 0.1132502          random              3  std logFC = 0.113
ENSMUSG00000015619 0.1117976          random              4  std logFC = 0.112
ENSMUSG00000028307 0.1029712          random              5  std logFC = 0.103
ENSMUSG00000026761 0.1024245          random              6  std logFC = 0.102
[1] 67
Running 1vALL Testing for up-regulated genes
2024-09-08 00:33:07.736266 - Find markers for: other
2024-09-08 00:33:16.062134 - Find markers for: random
2024-09-08 00:33:24.786365 - Building Table
** Done! **

                                 gene        logFC log.p.value    log.FDR
ENSMUSG00000019429 ENSMUSG00000019429 0.0014326240   -22.05275 -12.337162
ENSMUSG00000030523 ENSMUSG00000030523 0.0056513644   -13.57029  -4.547845
ENSMUSG00000025129 ENSMUSG00000025129 0.0011185569   -12.60574  -4.074742
ENSMUSG00000004654 ENSMUSG00000004654 0.0007246163   -12.40404  -4.074742
ENSMUSG00000062987 ENSMUSG00000062987 0.0011570528   -11.38569  -3.375612
ENSMUSG00000025431 ENSMUSG00000025431 0.0010675057   -11.29944  -3.375612
                   std.logFC cellType.target std.logFC.rank     std.logFC.anno
ENSMUSG00000019429 0.1540476          random              1  std logFC = 0.154
ENSMUSG00000030523 0.1166546          random              2  std logFC = 0.117
ENSMUSG00000025129 0.1116723          random              3  std logFC = 0.112
ENSMUSG00000004654 0.1106044          random              4  std logFC = 0.111
ENSMUSG00000062987 0.1050617          random              5  std logFC = 0.105
ENSMUSG00000025431 0.1045801          random              6  std logFC = 0.105
[1] 68
Running 1vALL Testing for up-regulated genes
2024-09-08 00:33:24.996825 - Find markers for: other
2024-09-08 00:33:33.614562 - Find markers for: random
2024-09-08 00:33:41.956366 - Building Table
** Done! **

                                 gene       logFC log.p.value   log.FDR
ENSMUSG00000032494 ENSMUSG00000032494 0.004161207  -12.385509 -3.461179
ENSMUSG00000079466 ENSMUSG00000079466 0.008628480  -12.126157 -3.461179
ENSMUSG00000000159 ENSMUSG00000000159 0.007300292  -12.078157 -3.461179
ENSMUSG00000054400 ENSMUSG00000054400 0.030569903  -10.223941 -1.894645
ENSMUSG00000091625 ENSMUSG00000091625 0.021760676   -9.333883 -1.524921
ENSMUSG00000043659 ENSMUSG00000043659 0.029629401   -9.260761 -1.524921
                    std.logFC cellType.target std.logFC.rank     std.logFC.anno
ENSMUSG00000032494 0.11061633          random              1  std logFC = 0.111
ENSMUSG00000079466 0.10922662          random              2  std logFC = 0.109
ENSMUSG00000000159 0.10896764          random              3  std logFC = 0.109
ENSMUSG00000054400 0.09849311          random              4  std logFC = 0.098
ENSMUSG00000091625 0.09309089          random              5  std logFC = 0.093
ENSMUSG00000043659 0.09263459          random              6  std logFC = 0.093
[1] 69
Running 1vALL Testing for up-regulated genes
2024-09-08 00:33:42.150665 - Find markers for: other
2024-09-08 00:33:50.86154 - Find markers for: random
2024-09-08 00:33:59.42736 - Building Table
** Done! **

                                 gene        logFC log.p.value   log.FDR
ENSMUSG00000020830 ENSMUSG00000020830 0.0017870160   -15.28259 -5.566998
ENSMUSG00000006216 ENSMUSG00000006216 0.0012565805   -12.56120 -3.538757
ENSMUSG00000035191 ENSMUSG00000035191 0.0020228803   -11.99705 -3.380072
ENSMUSG00000031372 ENSMUSG00000031372 0.0006307411   -10.59130 -2.468070
ENSMUSG00000046280 ENSMUSG00000046280 0.0084798158   -10.51632 -2.468070
ENSMUSG00000033436 ENSMUSG00000033436 0.0205619043   -10.35986 -2.468070
                    std.logFC cellType.target std.logFC.rank     std.logFC.anno
ENSMUSG00000020830 0.12526724          random              1  std logFC = 0.125
ENSMUSG00000006216 0.11163436          random              2  std logFC = 0.112
ENSMUSG00000035191 0.10861205          random              3  std logFC = 0.109
ENSMUSG00000031372 0.10072390          random              4  std logFC = 0.101
ENSMUSG00000046280 0.10028743          random              5    std logFC = 0.1
ENSMUSG00000033436 0.09937099          random              6  std logFC = 0.099
[1] 70
Running 1vALL Testing for up-regulated genes
2024-09-08 00:33:59.643322 - Find markers for: other
2024-09-08 00:34:08.127549 - Find markers for: random
2024-09-08 00:34:16.780653 - Building Table
** Done! **

                                 gene        logFC log.p.value   log.FDR
ENSMUSG00000063549 ENSMUSG00000063549 0.0010479888   -13.81136 -4.095766
ENSMUSG00000062170 ENSMUSG00000062170 0.0023446546   -11.68806 -2.686203
ENSMUSG00000025431 ENSMUSG00000025431 0.0010694383   -11.30318 -2.686203
ENSMUSG00000091043 ENSMUSG00000091043 0.0009050647   -10.88796 -2.558664
ENSMUSG00000070777 ENSMUSG00000070777 0.0011833512   -10.50816 -2.517916
ENSMUSG00000031809 ENSMUSG00000031809 0.0031983475   -10.44175 -2.517916
                   std.logFC cellType.target std.logFC.rank     std.logFC.anno
ENSMUSG00000063549 0.1180592          random              1  std logFC = 0.118
ENSMUSG00000062170 0.1069068          random              2  std logFC = 0.107
ENSMUSG00000025431 0.1047694          random              3  std logFC = 0.105
ENSMUSG00000091043 0.1024182          random              4  std logFC = 0.102
ENSMUSG00000070777 0.1002240          random              5    std logFC = 0.1
ENSMUSG00000031809 0.0998358          random              6    std logFC = 0.1
[1] 71
Running 1vALL Testing for up-regulated genes
2024-09-08 00:34:16.988629 - Find markers for: other
2024-09-08 00:34:25.583228 - Find markers for: random
2024-09-08 00:34:34.677742 - Building Table
** Done! **

                                 gene        logFC log.p.value   log.FDR
ENSMUSG00000029541 ENSMUSG00000029541 0.0006312422   -12.81112 -3.208184
ENSMUSG00000041857 ENSMUSG00000041857 0.0013156495   -12.23063 -3.208184
ENSMUSG00000030149 ENSMUSG00000030149 0.0031147240   -11.46072 -2.843742
ENSMUSG00000045291 ENSMUSG00000045291 0.0013515778   -10.75796 -2.428666
ENSMUSG00000020081 ENSMUSG00000020081 0.0018262736   -10.19964 -2.407495
ENSMUSG00000102748 ENSMUSG00000102748 0.0071467200   -10.16954 -2.407495
                    std.logFC cellType.target std.logFC.rank     std.logFC.anno
ENSMUSG00000029541 0.11252334          random              1  std logFC = 0.113
ENSMUSG00000041857 0.10945804          random              2  std logFC = 0.109
ENSMUSG00000030149 0.10526703          random              3  std logFC = 0.105
ENSMUSG00000045291 0.10130437          random              4  std logFC = 0.101
ENSMUSG00000020081 0.09805324          random              5  std logFC = 0.098
ENSMUSG00000102748 0.09787521          random              6  std logFC = 0.098
[1] 72
Running 1vALL Testing for up-regulated genes
2024-09-08 00:34:34.891967 - Find markers for: other
2024-09-08 00:34:43.412808 - Find markers for: random
2024-09-08 00:34:51.80134 - Building Table
** Done! **

                                 gene        logFC log.p.value   log.FDR
ENSMUSG00000020798 ENSMUSG00000020798 0.0051626771   -13.43460 -3.719011
ENSMUSG00000030688 ENSMUSG00000030688 0.0323769943   -12.31286 -3.290418
ENSMUSG00000030468 ENSMUSG00000030468 0.0023686912   -11.22314 -3.080059
ENSMUSG00000026727 ENSMUSG00000026727 0.0546095948   -11.19773 -3.080059
ENSMUSG00000054417 ENSMUSG00000054417 0.0006605138   -10.87283 -3.080059
ENSMUSG00000101959 ENSMUSG00000101959 0.0052581132   -10.73327 -3.080059
                   std.logFC cellType.target std.logFC.rank     std.logFC.anno
ENSMUSG00000020798 0.1160541          random              1  std logFC = 0.116
ENSMUSG00000030688 0.1102025          random              2   std logFC = 0.11
ENSMUSG00000030468 0.1042317          random              3  std logFC = 0.104
ENSMUSG00000026727 0.1040887          random              4  std logFC = 0.104
ENSMUSG00000054417 0.1022450          random              5  std logFC = 0.102
ENSMUSG00000101959 0.1014438          random              6  std logFC = 0.101
[1] 73
Running 1vALL Testing for up-regulated genes
2024-09-08 00:34:52.005963 - Find markers for: other
2024-09-08 00:35:00.362365 - Find markers for: random
2024-09-08 00:35:09.424808 - Building Table
** Done! **

                                 gene        logFC log.p.value   log.FDR
ENSMUSG00000046323 ENSMUSG00000046323 0.0008418923   -13.88692 -4.626449
ENSMUSG00000042845 ENSMUSG00000042845 0.0012998835   -13.39174 -4.626449
ENSMUSG00000069998 ENSMUSG00000069998 0.0009644973   -13.24343 -4.626449
ENSMUSG00000023083 ENSMUSG00000023083 0.0027714919   -12.52715 -4.197852
ENSMUSG00000020428 ENSMUSG00000020428 0.0013271707   -11.46021 -3.354061
ENSMUSG00000048279 ENSMUSG00000048279 0.0461053425   -11.13664 -3.229384
                   std.logFC cellType.target std.logFC.rank     std.logFC.anno
ENSMUSG00000046323 0.1184603          random              1  std logFC = 0.118
ENSMUSG00000042845 0.1159552          random              2  std logFC = 0.116
ENSMUSG00000069998 0.1151951          random              3  std logFC = 0.115
ENSMUSG00000023083 0.1114573          random              4  std logFC = 0.111
ENSMUSG00000020428 0.1056659          random              5  std logFC = 0.106
ENSMUSG00000048279 0.1038516          random              6  std logFC = 0.104
[1] 74
Running 1vALL Testing for up-regulated genes
2024-09-08 00:35:09.639999 - Find markers for: other
2024-09-08 00:35:18.747852 - Find markers for: random
2024-09-08 00:35:27.506474 - Building Table
** Done! **

                                 gene        logFC log.p.value   log.FDR
ENSMUSG00000022041 ENSMUSG00000022041 0.0047614607   -14.59719 -4.881603
ENSMUSG00000061584 ENSMUSG00000061584 0.0034500502   -13.86720 -4.844755
ENSMUSG00000001027 ENSMUSG00000001027 0.0003968397   -13.16538 -4.831865
ENSMUSG00000024034 ENSMUSG00000024034 0.0013208799   -13.16116 -4.831865
ENSMUSG00000098590 ENSMUSG00000098590 0.0009173376   -11.71075 -3.604597
ENSMUSG00000047751 ENSMUSG00000047751 0.0017274812   -10.61369 -2.817939
                   std.logFC cellType.target std.logFC.rank     std.logFC.anno
ENSMUSG00000022041 0.1217535          random              1  std logFC = 0.122
ENSMUSG00000061584 0.1181510          random              2  std logFC = 0.118
ENSMUSG00000001027 0.1145892          random              3  std logFC = 0.115
ENSMUSG00000024034 0.1145674          random              4  std logFC = 0.115
ENSMUSG00000098590 0.1068611          random              5  std logFC = 0.107
ENSMUSG00000047751 0.1006775          random              6  std logFC = 0.101
[1] 75
Running 1vALL Testing for up-regulated genes
2024-09-08 00:35:27.719154 - Find markers for: other
2024-09-08 00:35:36.275563 - Find markers for: random
2024-09-08 00:35:44.814813 - Building Table
** Done! **

                                 gene       logFC log.p.value   log.FDR
ENSMUSG00000001027 ENSMUSG00000001027 0.000397419  -13.176345 -3.460754
ENSMUSG00000031494 ENSMUSG00000031494 0.002097618  -10.647501 -1.710771
ENSMUSG00000021070 ENSMUSG00000021070 0.006155241  -10.154066 -1.710771
ENSMUSG00000022419 ENSMUSG00000022419 0.033891428  -10.040068 -1.710771
ENSMUSG00000037185 ENSMUSG00000037185 0.002766182   -9.599151 -1.689002
ENSMUSG00000092349 ENSMUSG00000092349 0.002782510   -9.575833 -1.689002
                    std.logFC cellType.target std.logFC.rank     std.logFC.anno
ENSMUSG00000001027 0.11475650          random              1  std logFC = 0.115
ENSMUSG00000031494 0.10097075          random              2  std logFC = 0.101
ENSMUSG00000021070 0.09807699          random              3  std logFC = 0.098
ENSMUSG00000022419 0.09739746          random              4  std logFC = 0.097
ENSMUSG00000037185 0.09472814          random              5  std logFC = 0.095
ENSMUSG00000092349 0.09458510          random              6  std logFC = 0.095
[1] 76
Running 1vALL Testing for up-regulated genes
2024-09-08 00:35:45.035599 - Find markers for: other
2024-09-08 00:35:53.388652 - Find markers for: random
2024-09-08 00:36:01.865696 - Building Table
** Done! **

                                 gene       logFC log.p.value   log.FDR
ENSMUSG00000063549 ENSMUSG00000063549 0.001037284   -13.71780 -4.002206
ENSMUSG00000058755 ENSMUSG00000058755 0.002171629   -12.62787 -3.992693
ENSMUSG00000013483 ENSMUSG00000013483 0.005497060   -12.60967 -3.992693
ENSMUSG00000034768 ENSMUSG00000034768 0.005519455   -11.97320 -3.643906
ENSMUSG00000070645 ENSMUSG00000070645 0.001061681   -11.45266 -3.491597
ENSMUSG00000026686 ENSMUSG00000026686 0.013255934   -11.41543 -3.491597
                   std.logFC cellType.target std.logFC.rank     std.logFC.anno
ENSMUSG00000063549 0.1168528          random              1  std logFC = 0.117
ENSMUSG00000058755 0.1112685          random              2  std logFC = 0.111
ENSMUSG00000013483 0.1111730          random              3  std logFC = 0.111
ENSMUSG00000034768 0.1077869          random              4  std logFC = 0.108
ENSMUSG00000070645 0.1049436          random              5  std logFC = 0.105
ENSMUSG00000026686 0.1047375          random              6  std logFC = 0.105
[1] 77
Running 1vALL Testing for up-regulated genes
2024-09-08 00:36:02.068666 - Find markers for: other
2024-09-08 00:36:10.845775 - Find markers for: random
2024-09-08 00:36:19.575198 - Building Table
** Done! **

                                 gene       logFC log.p.value    log.FDR
ENSMUSG00000049515 ENSMUSG00000049515 0.002888746   -19.92791 -10.212320
ENSMUSG00000020817 ENSMUSG00000020817 0.090368333   -12.86943  -4.161362
ENSMUSG00000064158 ENSMUSG00000064158 0.003134581   -12.77834  -4.161362
ENSMUSG00000048001 ENSMUSG00000048001 0.060515779   -12.05296  -3.723666
ENSMUSG00000059956 ENSMUSG00000059956 0.001373605   -11.80351  -3.697355
ENSMUSG00000040127 ENSMUSG00000040127 0.002473636   -11.20861  -3.284777
                   std.logFC cellType.target std.logFC.rank     std.logFC.anno
ENSMUSG00000049515 0.1453903          random              1  std logFC = 0.145
ENSMUSG00000020817 0.1129425          random              2  std logFC = 0.113
ENSMUSG00000064158 0.1124673          random              3  std logFC = 0.112
ENSMUSG00000048001 0.1086151          random              4  std logFC = 0.109
ENSMUSG00000059956 0.1072612          random              5  std logFC = 0.107
ENSMUSG00000040127 0.1039675          random              6  std logFC = 0.104
[1] 78
Running 1vALL Testing for up-regulated genes
2024-09-08 00:36:19.770332 - Find markers for: other
2024-09-08 00:36:28.639358 - Find markers for: random
2024-09-08 00:36:37.229486 - Building Table
** Done! **

                                 gene       logFC log.p.value   log.FDR
ENSMUSG00000074939 ENSMUSG00000074939 0.003828617   -14.23978 -4.524194
ENSMUSG00000025129 ENSMUSG00000025129 0.001125887   -12.70203 -3.679588
ENSMUSG00000068008 ENSMUSG00000068008 0.001533140   -11.27702 -2.905432
ENSMUSG00000028536 ENSMUSG00000028536 0.001179462   -11.19988 -2.905432
ENSMUSG00000041293 ENSMUSG00000041293 0.003760140   -11.01158 -2.905432
ENSMUSG00000033032 ENSMUSG00000033032 0.029329168   -10.71171 -2.787878
                   std.logFC cellType.target std.logFC.rank     std.logFC.anno
ENSMUSG00000074939 0.1202418          random              1   std logFC = 0.12
ENSMUSG00000025129 0.1124046          random              2  std logFC = 0.112
ENSMUSG00000068008 0.1046647          random              3  std logFC = 0.105
ENSMUSG00000028536 0.1042308          random              4  std logFC = 0.104
ENSMUSG00000041293 0.1031647          random              5  std logFC = 0.103
ENSMUSG00000033032 0.1014460          random              6  std logFC = 0.101
[1] 79
Running 1vALL Testing for up-regulated genes
2024-09-08 00:36:37.439229 - Find markers for: other
2024-09-08 00:36:46.230147 - Find markers for: random
2024-09-08 00:36:54.563765 - Building Table
** Done! **

                                 gene        logFC log.p.value   log.FDR
ENSMUSG00000032515 ENSMUSG00000032515 0.0109553707  -15.841355 -6.125764
ENSMUSG00000062732 ENSMUSG00000062732 0.0007737137  -13.560116 -4.537673
ENSMUSG00000045314 ENSMUSG00000045314 0.0040126318  -11.970810 -3.353832
ENSMUSG00000039264 ENSMUSG00000039264 0.0010704832  -11.016424 -2.687128
ENSMUSG00000059316 ENSMUSG00000059316 0.0255440975  -10.313058 -2.206905
ENSMUSG00000007888 ENSMUSG00000007888 0.0057298689   -9.997448 -2.073616
                    std.logFC cellType.target std.logFC.rank     std.logFC.anno
ENSMUSG00000032515 0.12747102          random              1  std logFC = 0.127
ENSMUSG00000062732 0.11641833          random              2  std logFC = 0.116
ENSMUSG00000045314 0.10810658          random              3  std logFC = 0.108
ENSMUSG00000039264 0.10282187          random              4  std logFC = 0.103
ENSMUSG00000059316 0.09876376          random              5  std logFC = 0.099
ENSMUSG00000007888 0.09689316          random              6  std logFC = 0.097
[1] 80
Running 1vALL Testing for up-regulated genes
2024-09-08 00:36:54.755359 - Find markers for: other
2024-09-08 00:37:03.365051 - Find markers for: random
2024-09-08 00:37:12.138221 - Building Table
** Done! **

                                 gene        logFC log.p.value   log.FDR
ENSMUSG00000068252 ENSMUSG00000068252 0.0021253142   -17.86649 -8.150900
ENSMUSG00000038192 ENSMUSG00000038192 0.0005742767   -12.93884 -3.916393
ENSMUSG00000095304 ENSMUSG00000095304 0.0006943542   -12.12183 -3.504850
ENSMUSG00000055088 ENSMUSG00000055088 0.0013802262   -11.74519 -3.415890
ENSMUSG00000021795 ENSMUSG00000021795 0.0003909503   -11.04146 -3.019373
ENSMUSG00000010122 ENSMUSG00000010122 0.0179229626   -10.94320 -3.019373
                   std.logFC cellType.target std.logFC.rank     std.logFC.anno
ENSMUSG00000068252 0.1373947          random              1  std logFC = 0.137
ENSMUSG00000038192 0.1139096          random              2  std logFC = 0.114
ENSMUSG00000095304 0.1095693          random              3   std logFC = 0.11
ENSMUSG00000055088 0.1075146          random              4  std logFC = 0.108
ENSMUSG00000021795 0.1035762          random              5  std logFC = 0.104
ENSMUSG00000010122 0.1030154          random              6  std logFC = 0.103
[1] 81
Running 1vALL Testing for up-regulated genes
2024-09-08 00:37:12.342496 - Find markers for: other
2024-09-08 00:37:20.993547 - Find markers for: random
2024-09-08 00:37:29.305724 - Building Table
** Done! **

                                 gene       logFC log.p.value   log.FDR
ENSMUSG00000027246 ENSMUSG00000027246 0.004264692   -19.04897 -9.333377
ENSMUSG00000061082 ENSMUSG00000061082 0.005327314   -16.14557 -7.123132
ENSMUSG00000061815 ENSMUSG00000061815 0.004448655   -13.42773 -4.810748
ENSMUSG00000035187 ENSMUSG00000035187 0.001116567   -11.85525 -3.553802
ENSMUSG00000061292 ENSMUSG00000061292 0.001427670   -11.65995 -3.553802
ENSMUSG00000023175 ENSMUSG00000023175 0.073510139   -11.06147 -3.173709
                   std.logFC cellType.target std.logFC.rank     std.logFC.anno
ENSMUSG00000027246 0.1417749          random              1  std logFC = 0.142
ENSMUSG00000061082 0.1289945          random              2  std logFC = 0.129
ENSMUSG00000061815 0.1158514          random              3  std logFC = 0.116
ENSMUSG00000035187 0.1075763          random              4  std logFC = 0.108
ENSMUSG00000061292 0.1065076          random              5  std logFC = 0.107
ENSMUSG00000023175 0.1031699          random              6  std logFC = 0.103
[1] 82
Running 1vALL Testing for up-regulated genes
2024-09-08 00:37:29.518792 - Find markers for: other
2024-09-08 00:37:38.003595 - Find markers for: random
2024-09-08 00:37:46.355685 - Building Table
** Done! **

                                 gene        logFC log.p.value   log.FDR
ENSMUSG00000055827 ENSMUSG00000055827 0.0005582856   -13.93301 -4.217419
ENSMUSG00000033576 ENSMUSG00000033576 0.0022033220   -11.98117 -3.212672
ENSMUSG00000074825 ENSMUSG00000074825 0.0049511833   -11.82965 -3.212672
ENSMUSG00000044162 ENSMUSG00000044162 0.0028851596   -11.38596 -3.078776
ENSMUSG00000056071 ENSMUSG00000056071 0.0053654007   -11.18493 -3.078776
ENSMUSG00000051136 ENSMUSG00000051136 0.0010605539   -10.86421 -2.940375
                   std.logFC cellType.target std.logFC.rank     std.logFC.anno
ENSMUSG00000055827 0.1187258          random              1  std logFC = 0.119
ENSMUSG00000033576 0.1085607          random              2  std logFC = 0.109
ENSMUSG00000074825 0.1077350          random              3  std logFC = 0.108
ENSMUSG00000044162 0.1052829          random              4  std logFC = 0.105
ENSMUSG00000056071 0.1041546          random              5  std logFC = 0.104
ENSMUSG00000051136 0.1023313          random              6  std logFC = 0.102
[1] 83
Running 1vALL Testing for up-regulated genes
2024-09-08 00:37:46.594682 - Find markers for: other
2024-09-08 00:37:55.644316 - Find markers for: random
2024-09-08 00:38:04.415538 - Building Table
** Done! **

                                 gene        logFC log.p.value   log.FDR
ENSMUSG00000056423 ENSMUSG00000056423 0.0018710600  -17.395012 -7.679421
ENSMUSG00000049288 ENSMUSG00000049288 0.0368755829  -10.609801 -1.641473
ENSMUSG00000031535 ENSMUSG00000031535 0.0015905711  -10.192089 -1.641473
ENSMUSG00000027481 ENSMUSG00000027481 0.0011933746   -9.425846 -1.641473
ENSMUSG00000038709 ENSMUSG00000038709 0.0009071528   -9.138368 -1.641473
ENSMUSG00000059791 ENSMUSG00000059791 0.0075479387   -9.099322 -1.641473
                    std.logFC cellType.target std.logFC.rank     std.logFC.anno
ENSMUSG00000056423 0.13513863          random              1  std logFC = 0.135
ENSMUSG00000049288 0.10096154          random              2  std logFC = 0.101
ENSMUSG00000031535 0.09850686          random              3  std logFC = 0.099
ENSMUSG00000027481 0.09385487          random              4  std logFC = 0.094
ENSMUSG00000038709 0.09205554          random              5  std logFC = 0.092
ENSMUSG00000059791 0.09180874          random              6  std logFC = 0.092
[1] 84
Running 1vALL Testing for up-regulated genes
2024-09-08 00:38:04.62704 - Find markers for: other
2024-09-08 00:38:13.106658 - Find markers for: random
2024-09-08 00:38:21.744506 - Building Table
** Done! **

                                 gene        logFC log.p.value   log.FDR
ENSMUSG00000074109 ENSMUSG00000074109 0.0007910717  -13.307696 -3.592105
ENSMUSG00000004654 ENSMUSG00000004654 0.0007217628  -12.346796 -3.324352
ENSMUSG00000029538 ENSMUSG00000029538 0.0471089956  -10.806157 -2.421429
ENSMUSG00000067616 ENSMUSG00000067616 0.0013080192  -10.574929 -2.421429
ENSMUSG00000020159 ENSMUSG00000020159 0.0013161065  -10.527582 -2.421429
ENSMUSG00000026580 ENSMUSG00000026580 0.0045933794   -9.576674 -1.846987
                    std.logFC cellType.target std.logFC.rank     std.logFC.anno
ENSMUSG00000074109 0.11518082          random              1  std logFC = 0.115
ENSMUSG00000004654 0.11016855          random              2   std logFC = 0.11
ENSMUSG00000029538 0.10166440          random              3  std logFC = 0.102
ENSMUSG00000067616 0.10033176          random              4    std logFC = 0.1
ENSMUSG00000020159 0.10005691          random              5    std logFC = 0.1
ENSMUSG00000026580 0.09438508          random              6  std logFC = 0.094
[1] 85
Running 1vALL Testing for up-regulated genes
2024-09-08 00:38:21.936636 - Find markers for: other
2024-09-08 00:38:30.745747 - Find markers for: random
2024-09-08 00:38:39.62895 - Building Table
** Done! **

                                 gene        logFC log.p.value   log.FDR
ENSMUSG00000008461 ENSMUSG00000008461 0.0006184081  -13.491404 -3.775814
ENSMUSG00000000617 ENSMUSG00000000617 0.0005874500  -12.366663 -3.344220
ENSMUSG00000030470 ENSMUSG00000030470 0.0012888415  -11.394039 -2.777060
ENSMUSG00000026827 ENSMUSG00000026827 0.0617329354  -10.766386 -2.437090
ENSMUSG00000040632 ENSMUSG00000040632 0.0024535915   -9.591755 -1.659559
ENSMUSG00000041620 ENSMUSG00000041620 0.0011753420   -9.368039 -1.659559
                    std.logFC cellType.target std.logFC.rank     std.logFC.anno
ENSMUSG00000008461 0.11625473          random              1  std logFC = 0.116
ENSMUSG00000000617 0.11040568          random              2   std logFC = 0.11
ENSMUSG00000030470 0.10510850          random              3  std logFC = 0.105
ENSMUSG00000026827 0.10155718          random              4  std logFC = 0.102
ENSMUSG00000040632 0.09458998          random              5  std logFC = 0.095
ENSMUSG00000041620 0.09321030          random              6  std logFC = 0.093
[1] 86
Running 1vALL Testing for up-regulated genes
2024-09-08 00:38:39.840002 - Find markers for: other
2024-09-08 00:38:48.350363 - Find markers for: random
2024-09-08 00:38:56.698013 - Building Table
** Done! **

                                 gene       logFC log.p.value   log.FDR
ENSMUSG00000079014 ENSMUSG00000079014 0.002094751  -13.529339 -3.813748
ENSMUSG00000027353 ENSMUSG00000027353 0.022689927  -11.676917 -2.654474
ENSMUSG00000075408 ENSMUSG00000075408 0.003392677  -10.996234 -2.379256
ENSMUSG00000039742 ENSMUSG00000039742 0.000880502  -10.138320 -1.809023
ENSMUSG00000036602 ENSMUSG00000036602 0.002591523   -9.842727 -1.758704
ENSMUSG00000040610 ENSMUSG00000040610 0.000686176   -9.559236 -1.758704
                    std.logFC cellType.target std.logFC.rank     std.logFC.anno
ENSMUSG00000079014 0.11732938          random              1  std logFC = 0.117
ENSMUSG00000027353 0.10748194          random              2  std logFC = 0.107
ENSMUSG00000075408 0.10364983          random              3  std logFC = 0.104
ENSMUSG00000039742 0.09862885          random              4  std logFC = 0.099
ENSMUSG00000036602 0.09684475          random              5  std logFC = 0.097
ENSMUSG00000040610 0.09510557          random              6  std logFC = 0.095
[1] 87
Running 1vALL Testing for up-regulated genes
2024-09-08 00:38:56.931914 - Find markers for: random
2024-09-08 00:39:05.328911 - Find markers for: other
2024-09-08 00:39:13.670367 - Building Table
** Done! **

                                 gene        logFC log.p.value   log.FDR
ENSMUSG00000026394 ENSMUSG00000026394 0.0025617343   -13.80802 -4.246581
ENSMUSG00000038148 ENSMUSG00000038148 0.0006361559   -12.95594 -4.246581
ENSMUSG00000008482 ENSMUSG00000008482 0.0031923371   -12.86356 -4.246581
ENSMUSG00000062518 ENSMUSG00000062518 0.0006840367   -12.29316 -3.963863
ENSMUSG00000036687 ENSMUSG00000036687 0.0033550072   -11.94949 -3.843335
ENSMUSG00000026327 ENSMUSG00000026327 0.0015476320   -11.53553 -3.611702
                   std.logFC cellType.target std.logFC.rank     std.logFC.anno
ENSMUSG00000026394 0.1180608          random              1  std logFC = 0.118
ENSMUSG00000038148 0.1137049          random              2  std logFC = 0.114
ENSMUSG00000008482 0.1132234          random              3  std logFC = 0.113
ENSMUSG00000062518 0.1102075          random              4   std logFC = 0.11
ENSMUSG00000036687 0.1083534          random              5  std logFC = 0.108
ENSMUSG00000026327 0.1060809          random              6  std logFC = 0.106
[1] 88
Running 1vALL Testing for up-regulated genes
2024-09-08 00:39:13.898712 - Find markers for: other
2024-09-08 00:39:22.420431 - Find markers for: random
2024-09-08 00:39:31.048695 - Building Table
** Done! **

                                 gene        logFC log.p.value   log.FDR
ENSMUSG00000078810 ENSMUSG00000078810 0.0014423132   -17.66645 -7.950859
ENSMUSG00000055561 ENSMUSG00000055561 0.0010433696   -14.20335 -5.242007
ENSMUSG00000094445 ENSMUSG00000094445 0.0005510062   -13.62775 -5.242007
ENSMUSG00000039742 ENSMUSG00000039742 0.0010396030   -13.48102 -5.242007
ENSMUSG00000074109 ENSMUSG00000074109 0.0007952465   -13.34816 -5.242007
ENSMUSG00000032098 ENSMUSG00000032098 0.0034304409   -11.15898 -3.235150
                   std.logFC cellType.target std.logFC.rank     std.logFC.anno
ENSMUSG00000078810 0.1362338          random              1  std logFC = 0.136
ENSMUSG00000055561 0.1200945          random              2   std logFC = 0.12
ENSMUSG00000094445 0.1172126          random              3  std logFC = 0.117
ENSMUSG00000039742 0.1164674          random              4  std logFC = 0.116
ENSMUSG00000074109 0.1157889          random              5  std logFC = 0.116
ENSMUSG00000032098 0.1040285          random              6  std logFC = 0.104
[1] 89
Running 1vALL Testing for up-regulated genes
2024-09-08 00:39:31.243566 - Find markers for: other
2024-09-08 00:39:39.889042 - Find markers for: random
2024-09-08 00:39:48.515768 - Building Table
** Done! **

                                 gene        logFC log.p.value   log.FDR
ENSMUSG00000001348 ENSMUSG00000001348 0.0022090866   -17.15042 -7.434825
ENSMUSG00000045052 ENSMUSG00000045052 0.0025736850   -14.86706 -5.844613
ENSMUSG00000079019 ENSMUSG00000079019 0.0007018239   -13.96529 -5.348312
ENSMUSG00000038179 ENSMUSG00000038179 0.0028658023   -13.24604 -4.916743
ENSMUSG00000066797 ENSMUSG00000066797 0.0015064835   -11.36377 -3.257614
ENSMUSG00000029925 ENSMUSG00000029925 0.0259468425   -11.08769 -3.163856
                   std.logFC cellType.target std.logFC.rank     std.logFC.anno
ENSMUSG00000001348 0.1338746          random              1  std logFC = 0.134
ENSMUSG00000045052 0.1232755          random              2  std logFC = 0.123
ENSMUSG00000079019 0.1188484          random              3  std logFC = 0.119
ENSMUSG00000038179 0.1152047          random              4  std logFC = 0.115
ENSMUSG00000066797 0.1051246          random              5  std logFC = 0.105
ENSMUSG00000029925 0.1035711          random              6  std logFC = 0.104
[1] 90
Running 1vALL Testing for up-regulated genes
2024-09-08 00:39:48.762435 - Find markers for: other
2024-09-08 00:39:57.209667 - Find markers for: random
2024-09-08 00:40:06.0116 - Building Table
** Done! **

                                 gene        logFC log.p.value   log.FDR
ENSMUSG00000028460 ENSMUSG00000028460 0.0005023506   -13.45317 -4.258800
ENSMUSG00000074305 ENSMUSG00000074305 0.0756686443   -13.28124 -4.258800
ENSMUSG00000030544 ENSMUSG00000030544 0.0018239748   -12.60132 -3.984339
ENSMUSG00000039377 ENSMUSG00000039377 0.0036557405   -11.58491 -3.255612
ENSMUSG00000050700 ENSMUSG00000050700 0.0026423956   -11.23524 -3.129087
ENSMUSG00000040841 ENSMUSG00000040841 0.0142579177   -10.14139 -2.356862
                    std.logFC cellType.target std.logFC.rank     std.logFC.anno
ENSMUSG00000028460 0.11623911          random              1  std logFC = 0.116
ENSMUSG00000074305 0.11536001          random              2  std logFC = 0.115
ENSMUSG00000030544 0.11182116          random              3  std logFC = 0.112
ENSMUSG00000039377 0.10633055          random              4  std logFC = 0.106
ENSMUSG00000050700 0.10438091          random              5  std logFC = 0.104
ENSMUSG00000040841 0.09805637          random              6  std logFC = 0.098
[1] 91
Running 1vALL Testing for up-regulated genes
2024-09-08 00:40:06.199712 - Find markers for: other
2024-09-08 00:40:14.595622 - Find markers for: random
2024-09-08 00:40:23.279355 - Building Table
** Done! **

                                 gene       logFC log.p.value   log.FDR
ENSMUSG00000028357 ENSMUSG00000028357 0.003049453   -15.16203 -5.446439
ENSMUSG00000108367 ENSMUSG00000108367 0.003412288   -13.82768 -4.805238
ENSMUSG00000026270 ENSMUSG00000026270 0.041114001   -13.39880 -4.781821
ENSMUSG00000021239 ENSMUSG00000021239 0.003118180   -12.10742 -3.830143
ENSMUSG00000041138 ENSMUSG00000041138 0.009944286   -11.93630 -3.830143
ENSMUSG00000034110 ENSMUSG00000034110 0.015715954   -11.23956 -3.436572
                   std.logFC cellType.target std.logFC.rank     std.logFC.anno
ENSMUSG00000028357 0.1245028          random              1  std logFC = 0.125
ENSMUSG00000108367 0.1179800          random              2  std logFC = 0.118
ENSMUSG00000026270 0.1158114          random              3  std logFC = 0.116
ENSMUSG00000021239 0.1090431          random              4  std logFC = 0.109
ENSMUSG00000041138 0.1081171          random              5  std logFC = 0.108
ENSMUSG00000034110 0.1042698          random              6  std logFC = 0.104
[1] 92
Running 1vALL Testing for up-regulated genes
2024-09-08 00:40:23.493909 - Find markers for: random
2024-09-08 00:40:32.260221 - Find markers for: other
2024-09-08 00:40:41.279529 - Building Table
** Done! **

                                 gene       logFC log.p.value   log.FDR
ENSMUSG00000090958 ENSMUSG00000090958 0.006375705   -15.60296 -5.887372
ENSMUSG00000060621 ENSMUSG00000060621 0.004214506   -12.44612 -3.423672
ENSMUSG00000038537 ENSMUSG00000038537 0.005724690   -11.56457 -3.168956
ENSMUSG00000090215 ENSMUSG00000090215 0.002386004   -11.49825 -3.168956
ENSMUSG00000091972 ENSMUSG00000091972 0.000869027   -10.74153 -2.648092
ENSMUSG00000060519 ENSMUSG00000060519 0.026023905   -10.51117 -2.648092
                   std.logFC cellType.target std.logFC.rank     std.logFC.anno
ENSMUSG00000090958 0.1266917          random              1  std logFC = 0.127
ENSMUSG00000060621 0.1109445          random              2  std logFC = 0.111
ENSMUSG00000038537 0.1061660          random              3  std logFC = 0.106
ENSMUSG00000090215 0.1057986          random              4  std logFC = 0.106
ENSMUSG00000091972 0.1015207          random              5  std logFC = 0.102
ENSMUSG00000060519 0.1001856          random              6    std logFC = 0.1
[1] 93
Running 1vALL Testing for up-regulated genes
2024-09-08 00:40:41.500379 - Find markers for: other
2024-09-08 00:40:49.931838 - Find markers for: random
2024-09-08 00:40:58.707726 - Building Table
** Done! **

                                 gene       logFC log.p.value   log.FDR
ENSMUSG00000036938 ENSMUSG00000036938 0.001136013   -15.88068 -6.165094
ENSMUSG00000036960 ENSMUSG00000036960 0.001497439   -12.64345 -3.621008
ENSMUSG00000029188 ENSMUSG00000029188 0.002008586   -12.01709 -3.521917
ENSMUSG00000045440 ENSMUSG00000045440 0.002262029   -11.85121 -3.521917
ENSMUSG00000020872 ENSMUSG00000020872 0.006898991   -10.37045 -2.264296
ENSMUSG00000022245 ENSMUSG00000022245 0.002811459   -10.08432 -2.160491
                    std.logFC cellType.target std.logFC.rank     std.logFC.anno
ENSMUSG00000036938 0.12835403          random              1  std logFC = 0.128
ENSMUSG00000036960 0.11230642          random              2  std logFC = 0.112
ENSMUSG00000029188 0.10895128          random              3  std logFC = 0.109
ENSMUSG00000045440 0.10804682          random              4  std logFC = 0.108
ENSMUSG00000020872 0.09964414          random              5    std logFC = 0.1
ENSMUSG00000022245 0.09794566          random              6  std logFC = 0.098
[1] 94
Running 1vALL Testing for up-regulated genes
2024-09-08 00:40:58.937498 - Find markers for: other
2024-09-08 00:41:07.714886 - Find markers for: random
2024-09-08 00:41:16.128023 - Building Table
** Done! **

                                 gene        logFC log.p.value   log.FDR
ENSMUSG00000109809 ENSMUSG00000109809 0.0008500947   -14.56557 -4.894276
ENSMUSG00000037974 ENSMUSG00000037974 0.0004200209   -13.83007 -4.894276
ENSMUSG00000025075 ENSMUSG00000025075 0.0005396630   -13.38860 -4.894276
ENSMUSG00000061780 ENSMUSG00000061780 0.0009225898   -13.15864 -4.894276
ENSMUSG00000072419 ENSMUSG00000072419 0.0028383026   -13.00043 -4.894276
ENSMUSG00000049291 ENSMUSG00000049291 0.0016995709   -11.82701 -3.903180
                   std.logFC cellType.target std.logFC.rank     std.logFC.anno
ENSMUSG00000109809 0.1214073          random              1  std logFC = 0.121
ENSMUSG00000037974 0.1177787          random              2  std logFC = 0.118
ENSMUSG00000025075 0.1155501          random              3  std logFC = 0.116
ENSMUSG00000061780 0.1143734          random              4  std logFC = 0.114
ENSMUSG00000072419 0.1135573          random              5  std logFC = 0.114
ENSMUSG00000049291 0.1073276          random              6  std logFC = 0.107
[1] 95
Running 1vALL Testing for up-regulated genes
2024-09-08 00:41:16.36045 - Find markers for: other
2024-09-08 00:41:25.579522 - Find markers for: random
2024-09-08 00:41:34.437845 - Building Table
** Done! **

                                 gene        logFC log.p.value   log.FDR
ENSMUSG00000031845 ENSMUSG00000031845 0.0053733192   -13.81441 -4.098816
ENSMUSG00000046826 ENSMUSG00000046826 0.0041017297   -12.81017 -3.787724
ENSMUSG00000039691 ENSMUSG00000039691 0.0015697081   -12.18924 -3.572262
ENSMUSG00000034435 ENSMUSG00000034435 0.0005049715   -11.75195 -3.500344
ENSMUSG00000011008 ENSMUSG00000011008 0.0037958295   -11.60650 -3.500344
ENSMUSG00000023755 ENSMUSG00000023755 0.0194237762   -11.34225 -3.418418
                   std.logFC cellType.target std.logFC.rank     std.logFC.anno
ENSMUSG00000031845 0.1179700          random              1  std logFC = 0.118
ENSMUSG00000046826 0.1128267          random              2  std logFC = 0.113
ENSMUSG00000039691 0.1095358          random              3   std logFC = 0.11
ENSMUSG00000034435 0.1071628          random              4  std logFC = 0.107
ENSMUSG00000011008 0.1063628          random              5  std logFC = 0.106
ENSMUSG00000023755 0.1048952          random              6  std logFC = 0.105
[1] 96
Running 1vALL Testing for up-regulated genes
2024-09-08 00:41:34.674416 - Find markers for: other
2024-09-08 00:41:43.063568 - Find markers for: random
2024-09-08 00:41:51.62 - Building Table
** Done! **

                                 gene        logFC log.p.value   log.FDR
ENSMUSG00000051509 ENSMUSG00000051509 0.0016182626  -15.127891 -5.412300
ENSMUSG00000097084 ENSMUSG00000097084 0.0011670987  -13.849272 -4.826829
ENSMUSG00000052099 ENSMUSG00000052099 0.0036387149  -13.031248 -4.414270
ENSMUSG00000021789 ENSMUSG00000021789 0.0006187208  -11.472733 -3.143437
ENSMUSG00000034384 ENSMUSG00000034384 0.0059835002  -10.758576 -2.652424
ENSMUSG00000030834 ENSMUSG00000030834 0.0097663069   -9.703004 -1.909167
                    std.logFC cellType.target std.logFC.rank     std.logFC.anno
ENSMUSG00000051509 0.12408376          random              1  std logFC = 0.124
ENSMUSG00000097084 0.11784496          random              2  std logFC = 0.118
ENSMUSG00000052099 0.11368803          random              3  std logFC = 0.114
ENSMUSG00000021789 0.10535414          random              4  std logFC = 0.105
ENSMUSG00000034384 0.10132766          random              5  std logFC = 0.101
ENSMUSG00000030834 0.09509615          random              6  std logFC = 0.095
[1] 97
Running 1vALL Testing for up-regulated genes
2024-09-08 00:41:51.835618 - Find markers for: other
2024-09-08 00:42:00.487335 - Find markers for: random
2024-09-08 00:42:09.593355 - Building Table
** Done! **

                                 gene       logFC log.p.value   log.FDR
ENSMUSG00000048027 ENSMUSG00000048027 0.035951136  -13.586617 -3.871027
ENSMUSG00000040456 ENSMUSG00000040456 0.002505779  -11.555485 -2.533041
ENSMUSG00000034117 ENSMUSG00000034117 0.002396082  -10.534095 -1.917117
ENSMUSG00000041827 ENSMUSG00000041827 0.001826800   -9.703325 -1.675211
ENSMUSG00000021947 ENSMUSG00000021947 0.032210690   -9.662648 -1.675211
ENSMUSG00000040264 ENSMUSG00000040264 0.001397608   -9.210980 -1.675211
                    std.logFC cellType.target std.logFC.rank     std.logFC.anno
ENSMUSG00000048027 0.11673477          random              1  std logFC = 0.117
ENSMUSG00000040456 0.10600203          random              2  std logFC = 0.106
ENSMUSG00000034117 0.10021171          random              3    std logFC = 0.1
ENSMUSG00000041827 0.09526917          random              4  std logFC = 0.095
ENSMUSG00000021947 0.09502126          random              5  std logFC = 0.095
ENSMUSG00000040264 0.09222860          random              6  std logFC = 0.092
[1] 98
Running 1vALL Testing for up-regulated genes
2024-09-08 00:42:09.876627 - Find markers for: other
2024-09-08 00:42:18.417953 - Find markers for: random
2024-09-08 00:42:27.183257 - Building Table
** Done! **

                                 gene        logFC log.p.value   log.FDR
ENSMUSG00000030976 ENSMUSG00000030976 0.0016165066   -18.89862 -9.183025
ENSMUSG00000030205 ENSMUSG00000030205 0.0024617935   -16.46653 -7.444087
ENSMUSG00000046811 ENSMUSG00000046811 0.0017825732   -15.56784 -6.950865
ENSMUSG00000060673 ENSMUSG00000060673 0.0009763594   -14.11442 -5.785120
ENSMUSG00000044863 ENSMUSG00000044863 0.0009019336   -13.65887 -5.715701
ENSMUSG00000033227 ENSMUSG00000033227 0.0075945322   -13.63953 -5.715701
                   std.logFC cellType.target std.logFC.rank     std.logFC.anno
ENSMUSG00000030976 0.1412405          random              1  std logFC = 0.141
ENSMUSG00000030205 0.1305580          random              2  std logFC = 0.131
ENSMUSG00000046811 0.1263974          random              3  std logFC = 0.126
ENSMUSG00000060673 0.1193840          random              4  std logFC = 0.119
ENSMUSG00000044863 0.1171058          random              5  std logFC = 0.117
ENSMUSG00000033227 0.1170082          random              6  std logFC = 0.117
[1] 99
Running 1vALL Testing for up-regulated genes
2024-09-08 00:42:27.376008 - Find markers for: other
2024-09-08 00:42:35.929745 - Find markers for: random
2024-09-08 00:42:44.387565 - Building Table
** Done! **

                                 gene        logFC log.p.value    log.FDR
ENSMUSG00000043681 ENSMUSG00000043681 0.0023555560   -20.96433 -11.248737
ENSMUSG00000018486 ENSMUSG00000018486 0.0039515048   -16.55628  -7.533839
ENSMUSG00000104445 ENSMUSG00000104445 0.0021850681   -14.14191  -5.798926
ENSMUSG00000024266 ENSMUSG00000024266 0.0030660478   -14.12822  -5.798926
ENSMUSG00000004654 ENSMUSG00000004654 0.0007210265   -12.31188  -4.205725
ENSMUSG00000053128 ENSMUSG00000053128 0.0143560863   -11.73661  -3.812784
                   std.logFC cellType.target std.logFC.rank     std.logFC.anno
ENSMUSG00000043681 0.1496663          random              1   std logFC = 0.15
ENSMUSG00000018486 0.1308947          random              2  std logFC = 0.131
ENSMUSG00000104445 0.1194545          random              3  std logFC = 0.119
ENSMUSG00000024266 0.1193867          random              4  std logFC = 0.119
ENSMUSG00000004654 0.1100560          random              5   std logFC = 0.11
ENSMUSG00000053128 0.1069457          random              6  std logFC = 0.107
[1] 100
Running 1vALL Testing for up-regulated genes
2024-09-08 00:42:44.585293 - Find markers for: random
2024-09-08 00:42:53.078367 - Find markers for: other
2024-09-08 00:43:01.806351 - Building Table
** Done! **

                                 gene       logFC log.p.value   log.FDR
ENSMUSG00000007034 ENSMUSG00000007034 0.007915726   -16.59048 -6.874886
ENSMUSG00000038527 ENSMUSG00000038527 0.006084203   -15.13225 -6.109802
ENSMUSG00000036596 ENSMUSG00000036596 0.001194567   -13.59669 -4.979708
ENSMUSG00000112230 ENSMUSG00000112230 0.001744310   -11.65780 -3.467628
ENSMUSG00000009654 ENSMUSG00000009654 0.002632210   -11.57378 -3.467628
ENSMUSG00000040471 ENSMUSG00000040471 0.001315697   -11.23978 -3.315944
                   std.logFC cellType.target std.logFC.rank     std.logFC.anno
ENSMUSG00000007034 0.1313667          random              1  std logFC = 0.131
ENSMUSG00000038527 0.1245659          random              2  std logFC = 0.125
ENSMUSG00000036596 0.1170094          random              3  std logFC = 0.117
ENSMUSG00000112230 0.1067704          random              4  std logFC = 0.107
ENSMUSG00000009654 0.1063064          random              5  std logFC = 0.106
ENSMUSG00000040471 0.1044431          random              6  std logFC = 0.104
[1] 101
Running 1vALL Testing for up-regulated genes
2024-09-08 00:43:02.041048 - Find markers for: other
2024-09-08 00:43:11.270468 - Find markers for: random
2024-09-08 00:43:19.749182 - Building Table
** Done! **

                                 gene       logFC log.p.value   log.FDR
ENSMUSG00000037095 ENSMUSG00000037095 0.003708479   -11.58539 -3.058298
ENSMUSG00000070464 ENSMUSG00000070464 0.001087025   -11.51921 -3.058298
ENSMUSG00000024401 ENSMUSG00000024401 0.001895138   -11.46396 -3.058298
ENSMUSG00000009185 ENSMUSG00000009185 0.000740179   -11.28565 -3.058298
ENSMUSG00000062064 ENSMUSG00000062064 0.001509052   -11.16445 -3.058298
ENSMUSG00000049404 ENSMUSG00000049404 0.008959805   -10.92803 -3.004196
                   std.logFC cellType.target std.logFC.rank     std.logFC.anno
ENSMUSG00000037095 0.1063585          random              1  std logFC = 0.106
ENSMUSG00000070464 0.1059919          random              2  std logFC = 0.106
ENSMUSG00000024401 0.1056850          random              3  std logFC = 0.106
ENSMUSG00000009185 0.1046889          random              4  std logFC = 0.105
ENSMUSG00000062064 0.1040069          random              5  std logFC = 0.104
ENSMUSG00000049404 0.1026647          random              6  std logFC = 0.103
[1] 102
Running 1vALL Testing for up-regulated genes
2024-09-08 00:43:19.949909 - Find markers for: other
2024-09-08 00:43:28.729877 - Find markers for: random
2024-09-08 00:43:37.813298 - Building Table
** Done! **

                                 gene        logFC log.p.value   log.FDR
ENSMUSG00000064109 ENSMUSG00000064109 0.0038324149   -15.26275 -5.547160
ENSMUSG00000055926 ENSMUSG00000055926 0.0037627846   -12.51711 -3.494669
ENSMUSG00000009185 ENSMUSG00000009185 0.0007356139   -11.22840 -2.611423
ENSMUSG00000032599 ENSMUSG00000032599 0.0516356264   -10.89720 -2.567904
ENSMUSG00000022422 ENSMUSG00000022422 0.0046653624   -10.41163 -2.305478
ENSMUSG00000062082 ENSMUSG00000062082 0.0025056705   -10.08636 -2.236706
                    std.logFC cellType.target std.logFC.rank     std.logFC.anno
ENSMUSG00000064109 0.12478539          random              1  std logFC = 0.125
ENSMUSG00000055926 0.11105605          random              2  std logFC = 0.111
ENSMUSG00000009185 0.10404297          random              3  std logFC = 0.104
ENSMUSG00000032599 0.10217004          random              4  std logFC = 0.102
ENSMUSG00000022422 0.09936655          random              5  std logFC = 0.099
ENSMUSG00000062082 0.09744796          random              6  std logFC = 0.097
[1] 103
Running 1vALL Testing for up-regulated genes
2024-09-08 00:43:38.051841 - Find markers for: random
2024-09-08 00:43:46.980732 - Find markers for: other
2024-09-08 00:43:55.425343 - Building Table
** Done! **

                                 gene        logFC log.p.value   log.FDR
ENSMUSG00000024340 ENSMUSG00000024340 0.0005535481   -13.93754 -4.584306
ENSMUSG00000062732 ENSMUSG00000062732 0.0007784951   -13.60675 -4.584306
ENSMUSG00000040964 ENSMUSG00000040964 0.0641631798   -12.11965 -3.985820
ENSMUSG00000053560 ENSMUSG00000053560 0.0151110244   -12.01252 -3.985820
ENSMUSG00000035187 ENSMUSG00000035187 0.0011285441   -12.00317 -3.985820
ENSMUSG00000021872 ENSMUSG00000021872 0.0017064485   -11.90965 -3.985820
                   std.logFC cellType.target std.logFC.rank     std.logFC.anno
ENSMUSG00000024340 0.1188039          random              1  std logFC = 0.119
ENSMUSG00000062732 0.1171380          random              2  std logFC = 0.117
ENSMUSG00000040964 0.1093616          random              3  std logFC = 0.109
ENSMUSG00000053560 0.1087817          random              4  std logFC = 0.109
ENSMUSG00000035187 0.1087309          random              5  std logFC = 0.109
ENSMUSG00000021872 0.1082222          random              6  std logFC = 0.108
[1] 104
Running 1vALL Testing for up-regulated genes
2024-09-08 00:43:55.624575 - Find markers for: other
2024-09-08 00:44:04.491659 - Find markers for: random
2024-09-08 00:44:13.1499 - Building Table
** Done! **

                                 gene       logFC log.p.value   log.FDR
ENSMUSG00000011349 ENSMUSG00000011349 0.001001258   -14.82266 -5.191020
ENSMUSG00000019278 ENSMUSG00000019278 0.004284283   -14.08190 -5.191020
ENSMUSG00000001228 ENSMUSG00000001228 0.012653713   -13.80800 -5.191020
ENSMUSG00000028607 ENSMUSG00000028607 0.021308569   -12.44163 -4.112338
ENSMUSG00000038023 ENSMUSG00000038023 0.047707329   -11.99039 -3.884236
ENSMUSG00000017453 ENSMUSG00000017453 0.034658731   -11.76180 -3.837966
                   std.logFC cellType.target std.logFC.rank     std.logFC.anno
ENSMUSG00000011349 0.1233512          random              1  std logFC = 0.123
ENSMUSG00000019278 0.1197110          random              2   std logFC = 0.12
ENSMUSG00000001228 0.1183388          random              3  std logFC = 0.118
ENSMUSG00000028607 0.1112613          random              4  std logFC = 0.111
ENSMUSG00000038023 0.1088313          random              5  std logFC = 0.109
ENSMUSG00000017453 0.1075813          random              6  std logFC = 0.108
[1] 105
Running 1vALL Testing for up-regulated genes
2024-09-08 00:44:13.338422 - Find markers for: random
2024-09-08 00:44:21.644732 - Find markers for: other
2024-09-08 00:44:29.992739 - Building Table
** Done! **

                                 gene        logFC log.p.value   log.FDR
ENSMUSG00000048626 ENSMUSG00000048626 0.0017882675   -15.38021 -5.664616
ENSMUSG00000026394 ENSMUSG00000026394 0.0025597624   -13.81855 -5.046424
ENSMUSG00000027528 ENSMUSG00000027528 0.0007613258   -13.66340 -5.046424
ENSMUSG00000024228 ENSMUSG00000024228 0.0165914471   -11.08212 -3.025337
ENSMUSG00000005649 ENSMUSG00000005649 0.0020093199   -11.05937 -3.025337
ENSMUSG00000056078 ENSMUSG00000056078 0.0011329805   -10.93609 -3.025337
                   std.logFC cellType.target std.logFC.rank     std.logFC.anno
ENSMUSG00000048626 0.1255774          random              1  std logFC = 0.126
ENSMUSG00000026394 0.1179699          random              2  std logFC = 0.118
ENSMUSG00000027528 0.1171892          random              3  std logFC = 0.117
ENSMUSG00000024228 0.1034137          random              4  std logFC = 0.103
ENSMUSG00000005649 0.1032849          random              5  std logFC = 0.103
ENSMUSG00000056078 0.1025842          random              6  std logFC = 0.103
[1] 106
Running 1vALL Testing for up-regulated genes
2024-09-08 00:44:30.242169 - Find markers for: other
2024-09-08 00:44:38.744166 - Find markers for: random
2024-09-08 00:44:47.510181 - Building Table
** Done! **

                                 gene        logFC log.p.value   log.FDR
ENSMUSG00000020182 ENSMUSG00000020182 0.0287191119  -13.592732 -3.877141
ENSMUSG00000095304 ENSMUSG00000095304 0.0006928828  -12.083169 -3.308470
ENSMUSG00000021278 ENSMUSG00000021278 0.0097575944  -11.925448 -3.308470
ENSMUSG00000108841 ENSMUSG00000108841 0.0409359161  -11.089164 -2.759868
ENSMUSG00000020132 ENSMUSG00000020132 0.0529683762   -9.775379 -2.059004
ENSMUSG00000079722 ENSMUSG00000079722 0.0009668409   -9.693762 -2.059004
                    std.logFC cellType.target std.logFC.rank     std.logFC.anno
ENSMUSG00000020182 0.11725196          random              1  std logFC = 0.117
ENSMUSG00000095304 0.10933694          random              2  std logFC = 0.109
ENSMUSG00000021278 0.10847949          random              3  std logFC = 0.108
ENSMUSG00000108841 0.10382550          random              4  std logFC = 0.104
ENSMUSG00000020132 0.09610547          random              5  std logFC = 0.096
ENSMUSG00000079722 0.09560744          random              6  std logFC = 0.096
[1] 107
Running 1vALL Testing for up-regulated genes
2024-09-08 00:44:47.720812 - Find markers for: other
2024-09-08 00:44:56.4288 - Find markers for: random
2024-09-08 00:45:05.055786 - Building Table
** Done! **

                                 gene        logFC log.p.value   log.FDR
ENSMUSG00000043664 ENSMUSG00000043664 0.0003547786  -12.091386 -2.375796
ENSMUSG00000031805 ENSMUSG00000031805 0.0063169555  -10.907858 -1.885415
ENSMUSG00000041062 ENSMUSG00000041062 0.0035822406  -10.436881 -1.819903
ENSMUSG00000091530 ENSMUSG00000091530 0.0028687273   -9.626255 -1.692626
ENSMUSG00000079277 ENSMUSG00000079277 0.0008725392   -9.434430 -1.692626
ENSMUSG00000024224 ENSMUSG00000024224 0.0008075108   -9.279096 -1.692626
                    std.logFC cellType.target std.logFC.rank     std.logFC.anno
ENSMUSG00000043664 0.10886862          random              1  std logFC = 0.109
ENSMUSG00000031805 0.10230939          random              2  std logFC = 0.102
ENSMUSG00000041062 0.09959060          random              3    std logFC = 0.1
ENSMUSG00000091530 0.09474744          random              4  std logFC = 0.095
ENSMUSG00000079277 0.09356860          random              5  std logFC = 0.094
ENSMUSG00000024224 0.09260421          random              6  std logFC = 0.093
[1] 108
Running 1vALL Testing for up-regulated genes
2024-09-08 00:45:05.278571 - Find markers for: other
2024-09-08 00:45:13.798694 - Find markers for: random
2024-09-08 00:45:22.316236 - Building Table
** Done! **

                                 gene        logFC log.p.value   log.FDR
ENSMUSG00000021678 ENSMUSG00000021678 0.0007191826   -13.77728 -4.061691
ENSMUSG00000024682 ENSMUSG00000024682 0.0055088834   -12.85394 -3.831501
ENSMUSG00000062518 ENSMUSG00000062518 0.0006723500   -12.06038 -3.647031
ENSMUSG00000034452 ENSMUSG00000034452 0.0088285382   -11.97633 -3.647031
ENSMUSG00000028148 ENSMUSG00000028148 0.0013726119   -11.45394 -3.347787
ENSMUSG00000029082 ENSMUSG00000029082 0.0022092200   -10.88625 -2.962417
                   std.logFC cellType.target std.logFC.rank     std.logFC.anno
ENSMUSG00000021678 0.1172230          random              1  std logFC = 0.117
ENSMUSG00000024682 0.1125174          random              2  std logFC = 0.113
ENSMUSG00000062518 0.1083235          random              3  std logFC = 0.108
ENSMUSG00000034452 0.1078706          random              4  std logFC = 0.108
ENSMUSG00000028148 0.1050157          random              5  std logFC = 0.105
ENSMUSG00000029082 0.1018309          random              6  std logFC = 0.102
[1] 109
Running 1vALL Testing for up-regulated genes
2024-09-08 00:45:22.522041 - Find markers for: other
2024-09-08 00:45:31.112197 - Find markers for: random
2024-09-08 00:45:39.492228 - Building Table
** Done! **

                                 gene       logFC log.p.value   log.FDR
ENSMUSG00000012889 ENSMUSG00000012889 0.005480003  -11.280080 -2.116661
ENSMUSG00000023993 ENSMUSG00000023993 0.003100663  -11.139104 -2.116661
ENSMUSG00000040188 ENSMUSG00000040188 0.039188036   -9.576409 -1.205487
ENSMUSG00000089661 ENSMUSG00000089661 0.019641102   -9.037264 -1.205487
ENSMUSG00000002108 ENSMUSG00000002108 0.016504563   -9.030747 -1.205487
ENSMUSG00000006345 ENSMUSG00000006345 0.006921928   -8.721503 -1.205487
                    std.logFC cellType.target std.logFC.rank     std.logFC.anno
ENSMUSG00000012889 0.10447331          random              1  std logFC = 0.104
ENSMUSG00000023993 0.10368081          random              2  std logFC = 0.104
ENSMUSG00000040188 0.09449723          random              3  std logFC = 0.094
ENSMUSG00000089661 0.09113764          random              4  std logFC = 0.091
ENSMUSG00000002108 0.09109636          random              5  std logFC = 0.091
ENSMUSG00000006345 0.08911798          random              6  std logFC = 0.089
[1] 110
Running 1vALL Testing for up-regulated genes
2024-09-08 00:45:39.692 - Find markers for: other
2024-09-08 00:45:48.21972 - Find markers for: random
2024-09-08 00:45:56.593426 - Building Table
** Done! **

                                 gene        logFC log.p.value   log.FDR
ENSMUSG00000027261 ENSMUSG00000027261 0.0038232100   -17.24291 -7.527315
ENSMUSG00000044678 ENSMUSG00000044678 0.0012084542   -13.82770 -4.805256
ENSMUSG00000012396 ENSMUSG00000012396 0.0025019680   -11.71172 -3.094738
ENSMUSG00000073177 ENSMUSG00000073177 0.0003001098   -11.33255 -3.003249
ENSMUSG00000052099 ENSMUSG00000052099 0.0031459564   -10.18303 -2.242374
ENSMUSG00000020630 ENSMUSG00000020630 0.0237722905   -10.16620 -2.242374
                    std.logFC cellType.target std.logFC.rank     std.logFC.anno
ENSMUSG00000027261 0.13422524          random              1  std logFC = 0.134
ENSMUSG00000044678 0.11810469          random              2  std logFC = 0.118
ENSMUSG00000012396 0.10700370          random              3  std logFC = 0.107
ENSMUSG00000073177 0.10490138          random              4  std logFC = 0.105
ENSMUSG00000052099 0.09828009          random              5  std logFC = 0.098
ENSMUSG00000020630 0.09818017          random              6  std logFC = 0.098
[1] 111
Running 1vALL Testing for up-regulated genes
2024-09-08 00:45:56.791059 - Find markers for: random
2024-09-08 00:46:05.280858 - Find markers for: other
2024-09-08 00:46:13.626953 - Building Table
** Done! **

                                 gene       logFC log.p.value   log.FDR
ENSMUSG00000104445 ENSMUSG00000104445 0.002398630  -16.544793 -6.829203
ENSMUSG00000063549 ENSMUSG00000063549 0.001052240  -13.902985 -4.880541
ENSMUSG00000001510 ENSMUSG00000001510 0.002734067  -13.371154 -4.754176
ENSMUSG00000008590 ENSMUSG00000008590 0.001665278  -10.695567 -2.366271
ENSMUSG00000041872 ENSMUSG00000041872 0.002702053   -9.460400 -1.665925
ENSMUSG00000031906 ENSMUSG00000031906 0.071995919   -9.225133 -1.665925
                    std.logFC cellType.target std.logFC.rank     std.logFC.anno
ENSMUSG00000104445 0.13114346          random              1  std logFC = 0.131
ENSMUSG00000063549 0.11853862          random              2  std logFC = 0.119
ENSMUSG00000001510 0.11584787          random              3  std logFC = 0.116
ENSMUSG00000008590 0.10132911          random              4  std logFC = 0.101
ENSMUSG00000041872 0.09394872          random              5  std logFC = 0.094
ENSMUSG00000031906 0.09248341          random              6  std logFC = 0.092
[1] 112
Running 1vALL Testing for up-regulated genes
2024-09-08 00:46:13.822393 - Find markers for: other
2024-09-08 00:46:22.320978 - Find markers for: random
2024-09-08 00:46:30.922558 - Building Table
** Done! **

                                 gene        logFC log.p.value   log.FDR
ENSMUSG00000079428 ENSMUSG00000079428 0.0067277885  -14.976952 -5.261362
ENSMUSG00000059069 ENSMUSG00000059069 0.0010585280  -13.491576 -4.469133
ENSMUSG00000008874 ENSMUSG00000008874 0.0008997246  -12.403114 -3.786136
ENSMUSG00000018040 ENSMUSG00000018040 0.0286852697  -10.251234 -1.921938
ENSMUSG00000001670 ENSMUSG00000001670 0.0017747979   -9.842191 -1.736038
ENSMUSG00000028707 ENSMUSG00000028707 0.0004507980   -9.501634 -1.668244
                    std.logFC cellType.target std.logFC.rank     std.logFC.anno
ENSMUSG00000079428 0.12362092          random              1  std logFC = 0.124
ENSMUSG00000059069 0.11628721          random              2  std logFC = 0.116
ENSMUSG00000008874 0.11062976          random              3  std logFC = 0.111
ENSMUSG00000018040 0.09858298          random              4  std logFC = 0.099
ENSMUSG00000001670 0.09613955          random              5  std logFC = 0.096
ENSMUSG00000028707 0.09406194          random              6  std logFC = 0.094
[1] 113
Running 1vALL Testing for up-regulated genes
2024-09-08 00:46:31.122115 - Find markers for: other
2024-09-08 00:46:39.756649 - Find markers for: random
2024-09-08 00:46:48.48545 - Building Table
** Done! **

                                 gene       logFC log.p.value   log.FDR
ENSMUSG00000061723 ENSMUSG00000061723 0.006510013   -14.47117 -4.755580
ENSMUSG00000041782 ENSMUSG00000041782 0.004882726   -12.92206 -4.251367
ENSMUSG00000032671 ENSMUSG00000032671 0.001403719   -12.75756 -4.251367
ENSMUSG00000110091 ENSMUSG00000110091 0.000513804   -12.58066 -4.251367
ENSMUSG00000055088 ENSMUSG00000055088 0.001363127   -11.59289 -3.486742
ENSMUSG00000046794 ENSMUSG00000046794 0.008653650   -11.20669 -3.282858
                   std.logFC cellType.target std.logFC.rank     std.logFC.anno
ENSMUSG00000061723 0.1211037          random              1  std logFC = 0.121
ENSMUSG00000041782 0.1132975          random              2  std logFC = 0.113
ENSMUSG00000032671 0.1124393          random              3  std logFC = 0.112
ENSMUSG00000110091 0.1115096          random              4  std logFC = 0.112
ENSMUSG00000055088 0.1061819          random              5  std logFC = 0.106
ENSMUSG00000046794 0.1040314          random              6  std logFC = 0.104
[1] 114
Running 1vALL Testing for up-regulated genes
2024-09-08 00:46:48.684917 - Find markers for: random
2024-09-08 00:46:57.679685 - Find markers for: other
2024-09-08 00:47:06.094414 - Building Table
** Done! **

                                 gene        logFC log.p.value   log.FDR
ENSMUSG00000025746 ENSMUSG00000025746 0.0034896616   -14.40458 -4.688989
ENSMUSG00000050973 ENSMUSG00000050973 0.0196442661   -11.91404 -3.065567
ENSMUSG00000058976 ENSMUSG00000058976 0.0006011789   -11.28772 -3.065567
ENSMUSG00000025068 ENSMUSG00000025068 0.0225982439   -11.23398 -3.065567
ENSMUSG00000045684 ENSMUSG00000045684 0.0010831947   -11.17172 -3.065567
ENSMUSG00000073967 ENSMUSG00000073967 0.0009479314   -10.61791 -2.790372
                   std.logFC cellType.target std.logFC.rank     std.logFC.anno
ENSMUSG00000025746 0.1211556          random              1  std logFC = 0.121
ENSMUSG00000050973 0.1082781          random              2  std logFC = 0.108
ENSMUSG00000058976 0.1048128          random              3  std logFC = 0.105
ENSMUSG00000025068 0.1045106          random              4  std logFC = 0.105
ENSMUSG00000045684 0.1041595          random              5  std logFC = 0.104
ENSMUSG00000073967 0.1009878          random              6  std logFC = 0.101
[1] 115
Running 1vALL Testing for up-regulated genes
2024-09-08 00:47:06.302974 - Find markers for: other
2024-09-08 00:47:14.962902 - Find markers for: random
2024-09-08 00:47:23.369024 - Building Table
** Done! **

                                 gene       logFC log.p.value   log.FDR
ENSMUSG00000036117 ENSMUSG00000036117 0.003842457   -17.84714 -8.131545
ENSMUSG00000035775 ENSMUSG00000035775 0.008309653   -15.74201 -6.719562
ENSMUSG00000078144 ENSMUSG00000078144 0.004032666   -13.99055 -5.373568
ENSMUSG00000047990 ENSMUSG00000047990 0.001498669   -13.21898 -4.889683
ENSMUSG00000025519 ENSMUSG00000025519 0.001006324   -11.18423 -3.078073
ENSMUSG00000049350 ENSMUSG00000049350 0.006979650   -10.35600 -2.445860
                    std.logFC cellType.target std.logFC.rank     std.logFC.anno
ENSMUSG00000036117 0.13753237          random              1  std logFC = 0.138
ENSMUSG00000035775 0.12797102          random              2  std logFC = 0.128
ENSMUSG00000078144 0.11947561          random              3  std logFC = 0.119
ENSMUSG00000047990 0.11555025          random              4  std logFC = 0.116
ENSMUSG00000025519 0.10455529          random              5  std logFC = 0.105
ENSMUSG00000049350 0.09976632          random              6    std logFC = 0.1
[1] 116
Running 1vALL Testing for up-regulated genes
2024-09-08 00:47:23.579427 - Find markers for: other
2024-09-08 00:47:32.342848 - Find markers for: random
2024-09-08 00:47:40.963968 - Building Table
** Done! **

                                 gene       logFC log.p.value   log.FDR
ENSMUSG00000035785 ENSMUSG00000035785 0.002284185   -12.24480 -3.054711
ENSMUSG00000066755 ENSMUSG00000066755 0.002458504   -11.84918 -3.054711
ENSMUSG00000052146 ENSMUSG00000052146 0.077421868   -11.60948 -3.054711
ENSMUSG00000078949 ENSMUSG00000078949 0.001734535   -11.24808 -3.054711
ENSMUSG00000028536 ENSMUSG00000028536 0.001175467   -11.16086 -3.054711
ENSMUSG00000021280 ENSMUSG00000021280 0.012662099   -10.17093 -2.266865
                   std.logFC cellType.target std.logFC.rank     std.logFC.anno
ENSMUSG00000035785 0.1098348          random              1   std logFC = 0.11
ENSMUSG00000066755 0.1076954          random              2  std logFC = 0.108
ENSMUSG00000052146 0.1063800          random              3  std logFC = 0.106
ENSMUSG00000078949 0.1043685          random              4  std logFC = 0.104
ENSMUSG00000028536 0.1038777          random              5  std logFC = 0.104
ENSMUSG00000021280 0.0981524          random              6  std logFC = 0.098
[1] 117
Running 1vALL Testing for up-regulated genes
2024-09-08 00:47:41.17225 - Find markers for: other
2024-09-08 00:47:49.518442 - Find markers for: random
2024-09-08 00:47:57.873583 - Building Table
** Done! **

                                 gene       logFC log.p.value   log.FDR
ENSMUSG00000045291 ENSMUSG00000045291 0.001914608  -19.425195 -9.709605
ENSMUSG00000087166 ENSMUSG00000087166 0.001973811  -14.922460 -5.900017
ENSMUSG00000048764 ENSMUSG00000048764 0.002210995  -12.684653 -4.067675
ENSMUSG00000103476 ENSMUSG00000103476 0.003062963  -11.038349 -2.709053
ENSMUSG00000040627 ENSMUSG00000040627 0.001217431  -10.077891 -1.971739
ENSMUSG00000022229 ENSMUSG00000022229 0.002365844   -9.600687 -1.861967
                    std.logFC cellType.target std.logFC.rank     std.logFC.anno
ENSMUSG00000045291 0.14355971          random              1  std logFC = 0.144
ENSMUSG00000087166 0.12341924          random              2  std logFC = 0.123
ENSMUSG00000048764 0.11217297          random              3  std logFC = 0.112
ENSMUSG00000103476 0.10318797          random              4  std logFC = 0.103
ENSMUSG00000040627 0.09760184          random              5  std logFC = 0.098
ENSMUSG00000022229 0.09471663          random              6  std logFC = 0.095
[1] 118
Running 1vALL Testing for up-regulated genes
2024-09-08 00:47:58.08946 - Find markers for: other
2024-09-08 00:48:06.388278 - Find markers for: random
2024-09-08 00:48:14.621339 - Building Table
** Done! **

                                 gene       logFC log.p.value   log.FDR
ENSMUSG00000071661 ENSMUSG00000071661 0.008746714  -11.791037 -2.765860
ENSMUSG00000055088 ENSMUSG00000055088 0.001379407  -11.788303 -2.765860
ENSMUSG00000050967 ENSMUSG00000050967 0.028183065  -10.714239 -2.097260
ENSMUSG00000020702 ENSMUSG00000020702 0.002200500  -10.226089 -1.896793
ENSMUSG00000037872 ENSMUSG00000037872 0.014954207   -9.339284 -1.482483
ENSMUSG00000021702 ENSMUSG00000021702 0.035157444   -9.168959 -1.482483
                    std.logFC cellType.target std.logFC.rank     std.logFC.anno
ENSMUSG00000071661 0.10746588          random              1  std logFC = 0.107
ENSMUSG00000055088 0.10745091          random              2  std logFC = 0.107
ENSMUSG00000050967 0.10141407          random              3  std logFC = 0.101
ENSMUSG00000020702 0.09856019          random              4  std logFC = 0.099
ENSMUSG00000037872 0.09317591          random              5  std logFC = 0.093
ENSMUSG00000021702 0.09210969          random              6  std logFC = 0.092
[1] 119
Running 1vALL Testing for up-regulated genes
2024-09-08 00:48:14.809919 - Find markers for: other
2024-09-08 00:48:23.066575 - Find markers for: random
2024-09-08 00:48:31.274478 - Building Table
** Done! **

                                 gene       logFC log.p.value   log.FDR
ENSMUSG00000091204 ENSMUSG00000091204 0.002133721   -12.33555 -2.619963
ENSMUSG00000033383 ENSMUSG00000033383 0.002000399   -11.22433 -2.444659
ENSMUSG00000042414 ENSMUSG00000042414 0.002358161   -11.06164 -2.444659
ENSMUSG00000022479 ENSMUSG00000022479 0.003260806   -10.54071 -2.268391
ENSMUSG00000024588 ENSMUSG00000024588 0.044011805   -10.33963 -2.268391
ENSMUSG00000040600 ENSMUSG00000040600 0.014204622   -10.19222 -2.268391
                    std.logFC cellType.target std.logFC.rank     std.logFC.anno
ENSMUSG00000091204 0.11067821          random              1  std logFC = 0.111
ENSMUSG00000033383 0.10457327          random              2  std logFC = 0.105
ENSMUSG00000042414 0.10365206          random              3  std logFC = 0.104
ENSMUSG00000022479 0.10065112          random              4  std logFC = 0.101
ENSMUSG00000024588 0.09947090          random              5  std logFC = 0.099
ENSMUSG00000040600 0.09859765          random              6  std logFC = 0.099
[1] 120
Running 1vALL Testing for up-regulated genes
2024-09-08 00:48:31.475889 - Find markers for: other
2024-09-08 00:48:39.768373 - Find markers for: random
2024-09-08 00:48:47.988385 - Building Table
** Done! **

                                 gene        logFC log.p.value   log.FDR
ENSMUSG00000012396 ENSMUSG00000012396 0.0030089905   -16.01579 -6.300198
ENSMUSG00000024386 ENSMUSG00000024386 0.0056448273   -12.32187 -4.149491
ENSMUSG00000030996 ENSMUSG00000030996 0.0028922772   -12.28234 -4.149491
ENSMUSG00000031898 ENSMUSG00000031898 0.0009371259   -12.26200 -4.149491
ENSMUSG00000006777 ENSMUSG00000006777 0.0013653935   -12.00313 -4.149491
ENSMUSG00000014554 ENSMUSG00000014554 0.0514517936   -11.97900 -4.149491
                   std.logFC cellType.target std.logFC.rank     std.logFC.anno
ENSMUSG00000012396 0.1287123          random              1  std logFC = 0.129
ENSMUSG00000024386 0.1103631          random              2   std logFC = 0.11
ENSMUSG00000030996 0.1101515          random              3   std logFC = 0.11
ENSMUSG00000031898 0.1100425          random              4   std logFC = 0.11
ENSMUSG00000006777 0.1086466          random              5  std logFC = 0.109
ENSMUSG00000014554 0.1085157          random              6  std logFC = 0.109
[1] 121
Running 1vALL Testing for up-regulated genes
2024-09-08 00:48:48.17538 - Find markers for: random
2024-09-08 00:48:56.333147 - Find markers for: other
2024-09-08 00:49:04.752671 - Building Table
** Done! **

                                 gene        logFC log.p.value   log.FDR
ENSMUSG00000016982 ENSMUSG00000016982 0.0008198983  -12.947796 -3.556747
ENSMUSG00000078783 ENSMUSG00000078783 0.0025225651  -12.309979 -3.556747
ENSMUSG00000037335 ENSMUSG00000037335 0.0009320010  -12.173725 -3.556747
ENSMUSG00000026295 ENSMUSG00000026295 0.0018131553  -10.839797 -2.510501
ENSMUSG00000015093 ENSMUSG00000015093 0.0041465095  -10.547169 -2.441016
ENSMUSG00000036855 ENSMUSG00000036855 0.0016045116   -9.692929 -1.769098
                   std.logFC cellType.target std.logFC.rank     std.logFC.anno
ENSMUSG00000016982 0.1136144          random              1  std logFC = 0.114
ENSMUSG00000078783 0.1102509          random              2   std logFC = 0.11
ENSMUSG00000037335 0.1095201          random              3   std logFC = 0.11
ENSMUSG00000026295 0.1021149          random              4  std logFC = 0.102
ENSMUSG00000015093 0.1004244          random              5    std logFC = 0.1
ENSMUSG00000036855 0.0953356          random              6  std logFC = 0.095
[1] 122
Running 1vALL Testing for up-regulated genes
2024-09-08 00:49:04.95802 - Find markers for: other
2024-09-08 00:49:13.325687 - Find markers for: random
2024-09-08 00:49:21.499739 - Building Table
** Done! **

                                 gene        logFC log.p.value   log.FDR
ENSMUSG00000006221 ENSMUSG00000006221 0.0024467511   -15.75486 -6.039269
ENSMUSG00000045794 ENSMUSG00000045794 0.0003868744   -13.98583 -4.963386
ENSMUSG00000029923 ENSMUSG00000029923 0.0075072000   -12.56107 -4.150750
ENSMUSG00000035057 ENSMUSG00000035057 0.0009682401   -12.48005 -4.150750
ENSMUSG00000024857 ENSMUSG00000024857 0.0019279357   -12.23413 -4.139669
ENSMUSG00000032437 ENSMUSG00000032437 0.0634668314   -11.97187 -4.139669
                   std.logFC cellType.target std.logFC.rank     std.logFC.anno
ENSMUSG00000006221 0.1274693          random              1  std logFC = 0.127
ENSMUSG00000045794 0.1189275          random              2  std logFC = 0.119
ENSMUSG00000029923 0.1116111          random              3  std logFC = 0.112
ENSMUSG00000035057 0.1111818          random              4  std logFC = 0.111
ENSMUSG00000024857 0.1098692          random              5   std logFC = 0.11
ENSMUSG00000032437 0.1084535          random              6  std logFC = 0.108
[1] 123
Running 1vALL Testing for up-regulated genes
2024-09-08 00:49:21.686626 - Find markers for: other
2024-09-08 00:49:29.92375 - Find markers for: random
2024-09-08 00:49:38.172177 - Building Table
** Done! **

                                 gene        logFC log.p.value   log.FDR
ENSMUSG00000063851 ENSMUSG00000063851 0.0023364668  -14.010881 -4.295291
ENSMUSG00000035148 ENSMUSG00000035148 0.0006223963  -12.561843 -3.539400
ENSMUSG00000054387 ENSMUSG00000054387 0.0759760405  -11.134151 -2.517172
ENSMUSG00000019429 ENSMUSG00000019429 0.0009320910  -10.538530 -2.209234
ENSMUSG00000066500 ENSMUSG00000066500 0.0022211566  -10.291284 -2.185132
ENSMUSG00000078937 ENSMUSG00000078937 0.0099943864   -9.952502 -2.120735
                    std.logFC cellType.target std.logFC.rank     std.logFC.anno
ENSMUSG00000063851 0.11878992          random              1  std logFC = 0.119
ENSMUSG00000035148 0.11136914          random              2  std logFC = 0.111
ENSMUSG00000054387 0.10358468          random              3  std logFC = 0.104
ENSMUSG00000019429 0.10017527          random              4    std logFC = 0.1
ENSMUSG00000066500 0.09872883          random              5  std logFC = 0.099
ENSMUSG00000078937 0.09671532          random              6  std logFC = 0.097
[1] 124
Running 1vALL Testing for up-regulated genes
2024-09-08 00:49:38.382269 - Find markers for: random
2024-09-08 00:49:46.645204 - Find markers for: other
2024-09-08 00:49:54.957475 - Building Table
** Done! **

                                 gene        logFC log.p.value   log.FDR
ENSMUSG00000045794 ENSMUSG00000045794 0.0003855799  -13.876328 -4.160738
ENSMUSG00000012443 ENSMUSG00000012443 0.0237492824  -12.083359 -3.060916
ENSMUSG00000016758 ENSMUSG00000016758 0.0025364941  -11.363809 -2.746831
ENSMUSG00000024987 ENSMUSG00000024987 0.0016617034   -9.881512 -1.552216
ENSMUSG00000054662 ENSMUSG00000054662 0.0028639498   -9.301143 -1.401969
ENSMUSG00000053852 ENSMUSG00000053852 0.0044383582   -8.902784 -1.401969
                    std.logFC cellType.target std.logFC.rank     std.logFC.anno
ENSMUSG00000045794 0.11852899          random              1  std logFC = 0.119
ENSMUSG00000012443 0.10919465          random              2  std logFC = 0.109
ENSMUSG00000016758 0.10523641          random              3  std logFC = 0.105
ENSMUSG00000024987 0.09662284          random              4  std logFC = 0.097
ENSMUSG00000054662 0.09305634          random              5  std logFC = 0.093
ENSMUSG00000053852 0.09053617          random              6  std logFC = 0.091
[1] 125
Running 1vALL Testing for up-regulated genes
2024-09-08 00:49:55.163445 - Find markers for: other
2024-09-08 00:50:03.497187 - Find markers for: random
2024-09-08 00:50:11.768792 - Building Table
** Done! **

                                 gene        logFC log.p.value   log.FDR
ENSMUSG00000036412 ENSMUSG00000036412 0.0069665867   -18.03523 -8.770676
ENSMUSG00000031444 ENSMUSG00000031444 0.0039767647   -17.79312 -8.770676
ENSMUSG00000044542 ENSMUSG00000044542 0.0014699823   -12.70746 -4.090480
ENSMUSG00000039518 ENSMUSG00000039518 0.0009890178   -12.28186 -3.952563
ENSMUSG00000049409 ENSMUSG00000049409 0.0010638105   -11.74323 -3.637081
ENSMUSG00000044086 ENSMUSG00000044086 0.0011771485   -10.65567 -2.731836
                   std.logFC cellType.target std.logFC.rank     std.logFC.anno
ENSMUSG00000036412 0.1376141          random              1  std logFC = 0.138
ENSMUSG00000031444 0.1365582          random              2  std logFC = 0.137
ENSMUSG00000044542 0.1122730          random              3  std logFC = 0.112
ENSMUSG00000039518 0.1100173          random              4   std logFC = 0.11
ENSMUSG00000049409 0.1071003          random              5  std logFC = 0.107
ENSMUSG00000044086 0.1009779          random              6  std logFC = 0.101
[1] 126
Running 1vALL Testing for up-regulated genes
2024-09-08 00:50:11.97983 - Find markers for: other
2024-09-08 00:50:20.290483 - Find markers for: random
2024-09-08 00:50:28.494956 - Building Table
** Done! **

                                 gene       logFC log.p.value   log.FDR
ENSMUSG00000029918 ENSMUSG00000029918 0.067287494   -13.55325 -4.007316
ENSMUSG00000017664 ENSMUSG00000017664 0.041376664   -12.94474 -4.007316
ENSMUSG00000044338 ENSMUSG00000044338 0.001686501   -12.62429 -4.007316
ENSMUSG00000026068 ENSMUSG00000026068 0.001246016   -12.03235 -3.703055
ENSMUSG00000036855 ENSMUSG00000036855 0.001740220   -11.02069 -2.914536
ENSMUSG00000107167 ENSMUSG00000107167 0.002793595   -10.49861 -2.913634
                   std.logFC cellType.target std.logFC.rank     std.logFC.anno
ENSMUSG00000029918 0.1170161          random              1  std logFC = 0.117
ENSMUSG00000017664 0.1138822          random              2  std logFC = 0.114
ENSMUSG00000044338 0.1121995          random              3  std logFC = 0.112
ENSMUSG00000026068 0.1090286          random              4  std logFC = 0.109
ENSMUSG00000036855 0.1034050          random              5  std logFC = 0.103
ENSMUSG00000107167 0.1003914          random              6    std logFC = 0.1
[1] 127
Running 1vALL Testing for up-regulated genes
2024-09-08 00:50:28.706819 - Find markers for: other
2024-09-08 00:50:36.996724 - Find markers for: random
2024-09-08 00:50:45.21889 - Building Table
** Done! **

                                 gene        logFC log.p.value   log.FDR
ENSMUSG00000062694 ENSMUSG00000062694 0.0018605050  -14.161825 -4.446234
ENSMUSG00000070645 ENSMUSG00000070645 0.0010798266  -11.644543 -2.622100
ENSMUSG00000017300 ENSMUSG00000017300 0.0005668257  -11.144041 -2.527063
ENSMUSG00000047108 ENSMUSG00000047108 0.0072748868  -10.694183 -2.364887
ENSMUSG00000031778 ENSMUSG00000031778 0.0507277066   -9.591594 -1.543182
ENSMUSG00000046836 ENSMUSG00000046836 0.0415486097   -8.681548 -1.543182
                    std.logFC cellType.target std.logFC.rank     std.logFC.anno
ENSMUSG00000062694 0.11988765          random              1   std logFC = 0.12
ENSMUSG00000070645 0.10673813          random              2  std logFC = 0.107
ENSMUSG00000017300 0.10394321          random              3  std logFC = 0.104
ENSMUSG00000047108 0.10137157          random              4  std logFC = 0.101
ENSMUSG00000031778 0.09480424          random              5  std logFC = 0.095
ENSMUSG00000046836 0.08906051          random              6  std logFC = 0.089
[1] 128
Running 1vALL Testing for up-regulated genes
2024-09-08 00:50:45.424507 - Find markers for: other
2024-09-08 00:50:53.656476 - Find markers for: random
2024-09-08 00:51:01.848505 - Building Table
** Done! **

                                 gene       logFC log.p.value   log.FDR
ENSMUSG00000043119 ENSMUSG00000043119 0.001089454   -14.54322 -4.827626
ENSMUSG00000030228 ENSMUSG00000030228 0.014288228   -13.28646 -4.264017
ENSMUSG00000048875 ENSMUSG00000048875 0.003163024   -12.06132 -3.444343
ENSMUSG00000024425 ENSMUSG00000024425 0.083971164   -11.01418 -2.903905
ENSMUSG00000042826 ENSMUSG00000042826 0.024384167   -11.01006 -2.903905
ENSMUSG00000022206 ENSMUSG00000022206 0.015007682   -10.82122 -2.897386
                   std.logFC cellType.target std.logFC.rank     std.logFC.anno
ENSMUSG00000043119 0.1213887          random              1  std logFC = 0.121
ENSMUSG00000030228 0.1151143          random              2  std logFC = 0.115
ENSMUSG00000048875 0.1086784          random              3  std logFC = 0.109
ENSMUSG00000024425 0.1028876          random              4  std logFC = 0.103
ENSMUSG00000042826 0.1028642          random              5  std logFC = 0.103
ENSMUSG00000022206 0.1017879          random              6  std logFC = 0.102
[1] 129
Running 1vALL Testing for up-regulated genes
2024-09-08 00:51:02.037132 - Find markers for: other
2024-09-08 00:51:10.23073 - Find markers for: random
2024-09-08 00:51:18.620482 - Building Table
** Done! **

                                 gene        logFC log.p.value   log.FDR
ENSMUSG00000000182 ENSMUSG00000000182 0.0067470802   -17.87938 -8.163791
ENSMUSG00000047636 ENSMUSG00000047636 0.0018212310   -13.71052 -4.688075
ENSMUSG00000038192 ENSMUSG00000038192 0.0005680529   -12.81441 -4.197431
ENSMUSG00000054850 ENSMUSG00000054850 0.0168411881   -12.02416 -3.694868
ENSMUSG00000017950 ENSMUSG00000017950 0.0009431748   -11.03021 -2.924062
ENSMUSG00000025745 ENSMUSG00000025745 0.0544274093   -10.75270 -2.842675
                   std.logFC cellType.target std.logFC.rank     std.logFC.anno
ENSMUSG00000000182 0.1367424          random              1  std logFC = 0.137
ENSMUSG00000047636 0.1172660          random              2  std logFC = 0.117
ENSMUSG00000038192 0.1126745          random              3  std logFC = 0.113
ENSMUSG00000054850 0.1084777          random              4  std logFC = 0.108
ENSMUSG00000017950 0.1029784          random              5  std logFC = 0.103
ENSMUSG00000025745 0.1013947          random              6  std logFC = 0.101
[1] 130
Running 1vALL Testing for up-regulated genes
2024-09-08 00:51:18.829043 - Find markers for: other
2024-09-08 00:51:27.162242 - Find markers for: random
2024-09-08 00:51:35.473755 - Building Table
** Done! **

                                 gene        logFC log.p.value   log.FDR
ENSMUSG00000047281 ENSMUSG00000047281 0.0058241357  -14.200595 -4.485004
ENSMUSG00000046934 ENSMUSG00000046934 0.0016687266  -13.044320 -4.021877
ENSMUSG00000036938 ENSMUSG00000036938 0.0009494684  -11.853460 -3.236482
ENSMUSG00000047678 ENSMUSG00000047678 0.0158344591  -10.532233 -2.234486
ENSMUSG00000050377 ENSMUSG00000050377 0.0252749009  -10.340639 -2.234486
ENSMUSG00000054666 ENSMUSG00000054666 0.0015225139   -9.991171 -2.080852
                    std.logFC cellType.target std.logFC.rank     std.logFC.anno
ENSMUSG00000047281 0.11938172          random              1  std logFC = 0.119
ENSMUSG00000046934 0.11355816          random              2  std logFC = 0.114
ENSMUSG00000036938 0.10725809          random              3  std logFC = 0.107
ENSMUSG00000047678 0.09984738          random              4    std logFC = 0.1
ENSMUSG00000050377 0.09873106          random              5  std logFC = 0.099
ENSMUSG00000054666 0.09666504          random              6  std logFC = 0.097
[1] 131
Running 1vALL Testing for up-regulated genes
2024-09-08 00:51:35.689421 - Find markers for: other
2024-09-08 00:51:44.014358 - Find markers for: random
2024-09-08 00:51:52.331244 - Building Table
** Done! **

                                 gene        logFC log.p.value   log.FDR
ENSMUSG00000015619 ENSMUSG00000015619 0.0018398795   -14.78149 -5.065898
ENSMUSG00000094584 ENSMUSG00000094584 0.0013854300   -12.07943 -3.056985
ENSMUSG00000009108 ENSMUSG00000009108 0.0032548924   -11.34621 -2.955570
ENSMUSG00000058794 ENSMUSG00000058794 0.0008576129   -11.28487 -2.955570
ENSMUSG00000005949 ENSMUSG00000005949 0.0322355252   -10.74341 -2.666621
ENSMUSG00000022768 ENSMUSG00000022768 0.0066976201   -10.40667 -2.666621
                    std.logFC cellType.target std.logFC.rank     std.logFC.anno
ENSMUSG00000015619 0.12281108          random              1  std logFC = 0.123
ENSMUSG00000094584 0.10901257          random              2  std logFC = 0.109
ENSMUSG00000009108 0.10498302          random              3  std logFC = 0.105
ENSMUSG00000058794 0.10463952          random              4  std logFC = 0.105
ENSMUSG00000005949 0.10156175          random              5  std logFC = 0.102
ENSMUSG00000022768 0.09960436          random              6    std logFC = 0.1
[1] 132
Running 1vALL Testing for up-regulated genes
2024-09-08 00:51:52.539455 - Find markers for: other
2024-09-08 00:52:00.792262 - Find markers for: random
2024-09-08 00:52:09.042778 - Building Table
** Done! **

                                 gene        logFC log.p.value   log.FDR
ENSMUSG00000024340 ENSMUSG00000024340 0.0005537152   -13.94948 -4.488417
ENSMUSG00000042262 ENSMUSG00000042262 0.0003555836   -13.51086 -4.488417
ENSMUSG00000025129 ENSMUSG00000025129 0.0011298525   -12.77007 -4.461666
ENSMUSG00000015619 ENSMUSG00000015619 0.0016724413   -12.54679 -4.461666
ENSMUSG00000016626 ENSMUSG00000016626 0.0009929055   -12.48341 -4.461666
ENSMUSG00000037660 ENSMUSG00000037660 0.0015937284   -12.38550 -4.461666
                   std.logFC cellType.target std.logFC.rank     std.logFC.anno
ENSMUSG00000024340 0.1188399          random              1  std logFC = 0.119
ENSMUSG00000042262 0.1166276          random              2  std logFC = 0.117
ENSMUSG00000025129 0.1128008          random              3  std logFC = 0.113
ENSMUSG00000015619 0.1116237          random              4  std logFC = 0.112
ENSMUSG00000016626 0.1112875          random              5  std logFC = 0.111
ENSMUSG00000037660 0.1107663          random              6  std logFC = 0.111
[1] 133
Running 1vALL Testing for up-regulated genes
2024-09-08 00:52:09.232611 - Find markers for: other
2024-09-08 00:52:17.447069 - Find markers for: random
2024-09-08 00:52:25.66377 - Building Table
** Done! **

                                 gene        logFC log.p.value   log.FDR
ENSMUSG00000074109 ENSMUSG00000074109 0.0007996429   -13.40087 -3.685284
ENSMUSG00000020636 ENSMUSG00000020636 0.0033675877   -12.10742 -3.240604
ENSMUSG00000028008 ENSMUSG00000028008 0.0047678589   -11.85758 -3.240604
ENSMUSG00000028435 ENSMUSG00000028435 0.0009957447   -11.10772 -2.778426
ENSMUSG00000040569 ENSMUSG00000040569 0.0123581478   -10.44337 -2.516341
ENSMUSG00000032332 ENSMUSG00000032332 0.0211334289   -10.44017 -2.516341
                   std.logFC cellType.target std.logFC.rank     std.logFC.anno
ENSMUSG00000074109 0.1164293          random              1  std logFC = 0.116
ENSMUSG00000020636 0.1096148          random              2   std logFC = 0.11
ENSMUSG00000028008 0.1082534          random              3  std logFC = 0.108
ENSMUSG00000028435 0.1040700          random              4  std logFC = 0.104
ENSMUSG00000040569 0.1002318          random              5    std logFC = 0.1
ENSMUSG00000032332 0.1002131          random              6    std logFC = 0.1
[1] 134
Running 1vALL Testing for up-regulated genes
2024-09-08 00:52:25.875721 - Find markers for: other
2024-09-08 00:52:34.278453 - Find markers for: random
2024-09-08 00:52:42.645992 - Building Table
** Done! **

                                 gene       logFC log.p.value   log.FDR
ENSMUSG00000022382 ENSMUSG00000022382 0.027378984   -13.31363 -4.395130
ENSMUSG00000026931 ENSMUSG00000026931 0.002536159   -13.06272 -4.395130
ENSMUSG00000021950 ENSMUSG00000021950 0.003744275   -12.85806 -4.395130
ENSMUSG00000037020 ENSMUSG00000037020 0.013704145   -12.72443 -4.395130
ENSMUSG00000063234 ENSMUSG00000063234 0.004464369   -11.83918 -3.733028
ENSMUSG00000030170 ENSMUSG00000030170 0.030815536   -11.21498 -3.291146
                   std.logFC cellType.target std.logFC.rank     std.logFC.anno
ENSMUSG00000022382 0.1151978          random              1  std logFC = 0.115
ENSMUSG00000026931 0.1139090          random              2  std logFC = 0.114
ENSMUSG00000021950 0.1128478          random              3  std logFC = 0.113
ENSMUSG00000037020 0.1121499          random              4  std logFC = 0.112
ENSMUSG00000063234 0.1074219          random              5  std logFC = 0.107
ENSMUSG00000030170 0.1039706          random              6  std logFC = 0.104
[1] 135
Running 1vALL Testing for up-regulated genes
2024-09-08 00:52:42.885694 - Find markers for: other
2024-09-08 00:52:51.213451 - Find markers for: random
2024-09-08 00:52:59.436858 - Building Table
** Done! **

                                 gene       logFC log.p.value   log.FDR
ENSMUSG00000046634 ENSMUSG00000046634 0.004370619   -13.71438 -4.242931
ENSMUSG00000052316 ENSMUSG00000052316 0.002419442   -12.89865 -4.242931
ENSMUSG00000035427 ENSMUSG00000035427 0.002495577   -12.85991 -4.242931
ENSMUSG00000118553 ENSMUSG00000118553 0.002273627   -12.10131 -3.772012
ENSMUSG00000062170 ENSMUSG00000062170 0.002297885   -11.34945 -3.243293
ENSMUSG00000052974 ENSMUSG00000052974 0.003542610   -10.67383 -2.873397
                   std.logFC cellType.target std.logFC.rank     std.logFC.anno
ENSMUSG00000046634 0.1172849          random              1  std logFC = 0.117
ENSMUSG00000052316 0.1131128          random              2  std logFC = 0.113
ENSMUSG00000035427 0.1129111          random              3  std logFC = 0.113
ENSMUSG00000118553 0.1088933          random              4  std logFC = 0.109
ENSMUSG00000062170 0.1047727          random              5  std logFC = 0.105
ENSMUSG00000052974 0.1009400          random              6  std logFC = 0.101
[1] 136
Running 1vALL Testing for up-regulated genes
2024-09-08 00:52:59.644445 - Find markers for: other
2024-09-08 00:53:07.966042 - Find markers for: random
2024-09-08 00:53:16.195376 - Building Table
** Done! **

                                 gene        logFC log.p.value   log.FDR
ENSMUSG00000109713 ENSMUSG00000109713 0.0018466043   -12.25212 -3.012978
ENSMUSG00000031898 ENSMUSG00000031898 0.0009263421   -12.03542 -3.012978
ENSMUSG00000042448 ENSMUSG00000042448 0.0010047829   -11.47791 -2.964016
ENSMUSG00000079014 ENSMUSG00000079014 0.0018692294   -11.29331 -2.964016
ENSMUSG00000007038 ENSMUSG00000007038 0.0328751552   -11.01796 -2.911807
ENSMUSG00000017607 ENSMUSG00000017607 0.0039598902   -10.44563 -2.521802
                    std.logFC cellType.target std.logFC.rank     std.logFC.anno
ENSMUSG00000109713 0.10994260          random              1   std logFC = 0.11
ENSMUSG00000031898 0.10877517          random              2  std logFC = 0.109
ENSMUSG00000042448 0.10571770          random              3  std logFC = 0.106
ENSMUSG00000079014 0.10468745          random              4  std logFC = 0.105
ENSMUSG00000007038 0.10313333          random              5  std logFC = 0.103
ENSMUSG00000017607 0.09983315          random              6    std logFC = 0.1
[1] 137
Running 1vALL Testing for up-regulated genes
2024-09-08 00:53:16.40239 - Find markers for: other
2024-09-08 00:53:24.700491 - Find markers for: random
2024-09-08 00:53:32.959893 - Building Table
** Done! **

                                 gene        logFC log.p.value   log.FDR
ENSMUSG00000044103 ENSMUSG00000044103 0.0006300699  -13.668928 -4.540607
ENSMUSG00000062524 ENSMUSG00000062524 0.0007864857  -13.563050 -4.540607
ENSMUSG00000024365 ENSMUSG00000024365 0.0004766384  -13.063671 -4.446693
ENSMUSG00000031173 ENSMUSG00000031173 0.0134946504  -11.016773 -2.687477
ENSMUSG00000070777 ENSMUSG00000070777 0.0011797000  -10.426181 -2.320028
ENSMUSG00000024114 ENSMUSG00000024114 0.0047728899   -9.319349 -2.035235
                    std.logFC cellType.target std.logFC.rank     std.logFC.anno
ENSMUSG00000044103 0.11754139          random              1  std logFC = 0.118
ENSMUSG00000062524 0.11700447          random              2  std logFC = 0.117
ENSMUSG00000024365 0.11444075          random              3  std logFC = 0.114
ENSMUSG00000031173 0.10332837          random              4  std logFC = 0.103
ENSMUSG00000070777 0.09991436          random              5    std logFC = 0.1
ENSMUSG00000024114 0.09321538          random              6  std logFC = 0.093
[1] 138
Running 1vALL Testing for up-regulated genes
2024-09-08 00:53:33.165054 - Find markers for: other
2024-09-08 00:53:41.40071 - Find markers for: random
2024-09-08 00:53:49.596862 - Building Table
** Done! **

                                 gene       logFC log.p.value   log.FDR
ENSMUSG00000031131 ENSMUSG00000031131 0.002331158  -13.009670 -3.294079
ENSMUSG00000058976 ENSMUSG00000058976 0.000600869  -11.295768 -2.273325
ENSMUSG00000109561 ENSMUSG00000109561 0.004580479  -10.156654 -1.993617
ENSMUSG00000070552 ENSMUSG00000070552 0.002047526  -10.045864 -1.993617
ENSMUSG00000108022 ENSMUSG00000108022 0.001321254   -9.860271 -1.993617
ENSMUSG00000025432 ENSMUSG00000025432 0.017261425   -9.620709 -1.993617
                    std.logFC cellType.target std.logFC.rank     std.logFC.anno
ENSMUSG00000031131 0.11400005          random              1  std logFC = 0.114
ENSMUSG00000058976 0.10475878          random              2  std logFC = 0.105
ENSMUSG00000109561 0.09818281          random              3  std logFC = 0.098
ENSMUSG00000070552 0.09752194          random              4  std logFC = 0.098
ENSMUSG00000108022 0.09640577          random              5  std logFC = 0.096
ENSMUSG00000025432 0.09494767          random              6  std logFC = 0.095
[1] 139
Running 1vALL Testing for up-regulated genes
2024-09-08 00:53:49.801911 - Find markers for: other
2024-09-08 00:53:58.009038 - Find markers for: random
2024-09-08 00:54:06.197847 - Building Table
** Done! **

                                 gene        logFC log.p.value   log.FDR
ENSMUSG00000061311 ENSMUSG00000061311 0.0009393016  -13.629744 -3.914154
ENSMUSG00000037124 ENSMUSG00000037124 0.0019161173  -11.857591 -2.835148
ENSMUSG00000070713 ENSMUSG00000070713 0.0032292761  -10.465568 -1.848590
ENSMUSG00000030205 ENSMUSG00000030205 0.0017788156   -9.538271 -1.639800
ENSMUSG00000011118 ENSMUSG00000011118 0.0019492369   -9.395359 -1.639800
ENSMUSG00000019815 ENSMUSG00000019815 0.0027674722   -9.277727 -1.639800
                    std.logFC cellType.target std.logFC.rank     std.logFC.anno
ENSMUSG00000061311 0.11701357          random              1  std logFC = 0.117
ENSMUSG00000037124 0.10771625          random              2  std logFC = 0.108
ENSMUSG00000070713 0.09986421          random              3    std logFC = 0.1
ENSMUSG00000030205 0.09430857          random              4  std logFC = 0.094
ENSMUSG00000011118 0.09342612          random              5  std logFC = 0.093
ENSMUSG00000019815 0.09269415          random              6  std logFC = 0.093
[1] 140
Running 1vALL Testing for up-regulated genes
2024-09-08 00:54:06.40674 - Find markers for: other
2024-09-08 00:54:14.806614 - Find markers for: random
2024-09-08 00:54:23.032226 - Building Table
** Done! **

                                 gene        logFC log.p.value   log.FDR
ENSMUSG00000047227 ENSMUSG00000047227 0.0185615047   -14.21406 -5.052565
ENSMUSG00000040264 ENSMUSG00000040264 0.0018056407   -14.06879 -5.052565
ENSMUSG00000024730 ENSMUSG00000024730 0.0019340302   -13.66954 -5.052565
ENSMUSG00000001027 ENSMUSG00000001027 0.0003965181   -13.14284 -4.813547
ENSMUSG00000035861 ENSMUSG00000035861 0.0011930945   -12.10793 -4.001779
ENSMUSG00000034435 ENSMUSG00000034435 0.0005006347   -11.59430 -3.670464
                   std.logFC cellType.target std.logFC.rank     std.logFC.anno
ENSMUSG00000047227 0.1198995          random              1   std logFC = 0.12
ENSMUSG00000040264 0.1191800          random              2  std logFC = 0.119
ENSMUSG00000024730 0.1171817          random              3  std logFC = 0.117
ENSMUSG00000001027 0.1144962          random              4  std logFC = 0.114
ENSMUSG00000035861 0.1090430          random              5  std logFC = 0.109
ENSMUSG00000034435 0.1062417          random              6  std logFC = 0.106
[1] 141
Running 1vALL Testing for up-regulated genes
2024-09-08 00:54:23.221646 - Find markers for: other
2024-09-08 00:54:31.506756 - Find markers for: random
2024-09-08 00:54:39.679677 - Building Table
** Done! **

                                 gene        logFC log.p.value   log.FDR
ENSMUSG00000026866 ENSMUSG00000026866 0.0075922724  -11.133354 -1.866679
ENSMUSG00000079162 ENSMUSG00000079162 0.0038593245  -10.889122 -1.866679
ENSMUSG00000040140 ENSMUSG00000040140 0.0075986162  -10.132586 -1.515608
ENSMUSG00000096029 ENSMUSG00000096029 0.0013362158   -9.659685 -1.454046
ENSMUSG00000016255 ENSMUSG00000016255 0.0007256213   -9.292886 -1.454046
ENSMUSG00000072553 ENSMUSG00000072553 0.0014516992   -9.224392 -1.454046
                    std.logFC cellType.target std.logFC.rank     std.logFC.anno
ENSMUSG00000026866 0.10354584          random              1  std logFC = 0.104
ENSMUSG00000079162 0.10216069          random              2  std logFC = 0.102
ENSMUSG00000040140 0.09775784          random              3  std logFC = 0.098
ENSMUSG00000096029 0.09491272          random              4  std logFC = 0.095
ENSMUSG00000016255 0.09265228          random              5  std logFC = 0.093
ENSMUSG00000072553 0.09222471          random              6  std logFC = 0.092
[1] 142
Running 1vALL Testing for up-regulated genes
2024-09-08 00:54:39.873875 - Find markers for: other
2024-09-08 00:54:48.080067 - Find markers for: random
2024-09-08 00:54:56.345257 - Building Table
** Done! **

                                 gene        logFC log.p.value   log.FDR
ENSMUSG00000008461 ENSMUSG00000008461 0.0006207687   -13.53163 -3.816035
ENSMUSG00000043681 ENSMUSG00000043681 0.0016518364   -11.31966 -2.689615
ENSMUSG00000029680 ENSMUSG00000029680 0.0021326464   -11.08135 -2.689615
ENSMUSG00000044288 ENSMUSG00000044288 0.0425706556   -10.63570 -2.689615
ENSMUSG00000013622 ENSMUSG00000013622 0.0450616612   -10.52489 -2.689615
ENSMUSG00000082101 ENSMUSG00000082101 0.0006378461   -10.43521 -2.689615
                    std.logFC cellType.target std.logFC.rank     std.logFC.anno
ENSMUSG00000008461 0.11669870          random              1  std logFC = 0.117
ENSMUSG00000043681 0.10490898          random              2  std logFC = 0.105
ENSMUSG00000029680 0.10356593          random              3  std logFC = 0.104
ENSMUSG00000044288 0.10101108          random              4  std logFC = 0.101
ENSMUSG00000013622 0.10036669          random              5    std logFC = 0.1
ENSMUSG00000082101 0.09984245          random              6    std logFC = 0.1
[1] 143
Running 1vALL Testing for up-regulated genes
2024-09-08 00:54:56.589937 - Find markers for: other
2024-09-08 00:55:04.970741 - Find markers for: random
2024-09-08 00:55:13.201559 - Building Table
** Done! **

                                 gene       logFC log.p.value   log.FDR
ENSMUSG00000023987 ENSMUSG00000023987 0.001611631   -17.64947 -7.933877
ENSMUSG00000023039 ENSMUSG00000023039 0.002814821   -14.31409 -5.291648
ENSMUSG00000029437 ENSMUSG00000029437 0.001056975   -13.81924 -5.278445
ENSMUSG00000029272 ENSMUSG00000029272 0.001681238   -13.60774 -5.278445
ENSMUSG00000091212 ENSMUSG00000091212 0.001569681   -12.73144 -4.625290
ENSMUSG00000073491 ENSMUSG00000073491 0.003670564   -12.43864 -4.514806
                   std.logFC cellType.target std.logFC.rank     std.logFC.anno
ENSMUSG00000023987 0.1365292          random              1  std logFC = 0.137
ENSMUSG00000023039 0.1209695          random              2  std logFC = 0.121
ENSMUSG00000029437 0.1184998          random              3  std logFC = 0.118
ENSMUSG00000029272 0.1174296          random              4  std logFC = 0.117
ENSMUSG00000091212 0.1128960          random              5  std logFC = 0.113
ENSMUSG00000073491 0.1113434          random              6  std logFC = 0.111
[1] 144
Running 1vALL Testing for up-regulated genes
2024-09-08 00:55:13.402215 - Find markers for: other
2024-09-08 00:55:21.602431 - Find markers for: random
2024-09-08 00:55:29.949973 - Building Table
** Done! **

                                 gene        logFC log.p.value   log.FDR
ENSMUSG00000029352 ENSMUSG00000029352 0.0094278966  -12.252245 -3.056160
ENSMUSG00000087679 ENSMUSG00000087679 0.0198916239  -12.078603 -3.056160
ENSMUSG00000038593 ENSMUSG00000038593 0.0303810484  -11.362760 -2.941254
ENSMUSG00000068614 ENSMUSG00000068614 0.0011735821  -11.244442 -2.941254
ENSMUSG00000035451 ENSMUSG00000035451 0.0021678009  -11.047407 -2.941254
ENSMUSG00000026417 ENSMUSG00000026417 0.0007479974   -9.820364 -1.896533
                    std.logFC cellType.target std.logFC.rank     std.logFC.anno
ENSMUSG00000029352 0.11004926          random              1   std logFC = 0.11
ENSMUSG00000087679 0.10911381          random              2  std logFC = 0.109
ENSMUSG00000038593 0.10517743          random              3  std logFC = 0.105
ENSMUSG00000068614 0.10451382          random              4  std logFC = 0.105
ENSMUSG00000035451 0.10340014          random              5  std logFC = 0.103
ENSMUSG00000026417 0.09620407          random              6  std logFC = 0.096
[1] 145
Running 1vALL Testing for up-regulated genes
2024-09-08 00:55:30.1608 - Find markers for: other
2024-09-08 00:55:38.352199 - Find markers for: random
2024-09-08 00:55:46.579525 - Building Table
** Done! **

                                 gene        logFC log.p.value   log.FDR
ENSMUSG00000074916 ENSMUSG00000074916 0.0072458182   -14.14514 -4.429545
ENSMUSG00000038997 ENSMUSG00000038997 0.0030705242   -13.43619 -4.413743
ENSMUSG00000068697 ENSMUSG00000068697 0.0014445410   -12.42686 -3.809882
ENSMUSG00000029234 ENSMUSG00000029234 0.0525595970   -11.47853 -3.215923
ENSMUSG00000026308 ENSMUSG00000026308 0.0020301458   -11.32208 -3.215923
ENSMUSG00000070504 ENSMUSG00000070504 0.0005591535   -11.06596 -3.142127
                   std.logFC cellType.target std.logFC.rank     std.logFC.anno
ENSMUSG00000074916 0.1194740          random              1  std logFC = 0.119
ENSMUSG00000038997 0.1159169          random              2  std logFC = 0.116
ENSMUSG00000068697 0.1106714          random              3  std logFC = 0.111
ENSMUSG00000029234 0.1055263          random              4  std logFC = 0.106
ENSMUSG00000026308 0.1046553          random              5  std logFC = 0.105
ENSMUSG00000070504 0.1032152          random              6  std logFC = 0.103
[1] 146
Running 1vALL Testing for up-regulated genes
2024-09-08 00:55:46.789394 - Find markers for: other
2024-09-08 00:55:55.028211 - Find markers for: random
2024-09-08 00:56:03.28239 - Building Table
** Done! **

                                 gene        logFC log.p.value   log.FDR
ENSMUSG00000008461 ENSMUSG00000008461 0.0006211175  -13.597605 -4.111051
ENSMUSG00000069998 ENSMUSG00000069998 0.0009578063  -13.133495 -4.111051
ENSMUSG00000024974 ENSMUSG00000024974 0.0675577514  -11.338133 -2.981804
ENSMUSG00000040728 ENSMUSG00000040728 0.0062623167  -11.311100 -2.981804
ENSMUSG00000016327 ENSMUSG00000016327 0.0043388700  -10.520673 -2.414521
ENSMUSG00000073967 ENSMUSG00000073967 0.0009030601   -9.861126 -2.162028
                    std.logFC cellType.target std.logFC.rank     std.logFC.anno
ENSMUSG00000008461 0.11676460          random              1  std logFC = 0.117
ENSMUSG00000069998 0.11439546          random              2  std logFC = 0.114
ENSMUSG00000024974 0.10477109          random              3  std logFC = 0.105
ENSMUSG00000040728 0.10462001          random              4  std logFC = 0.105
ENSMUSG00000016327 0.10011152          random              5    std logFC = 0.1
ENSMUSG00000073967 0.09620428          random              6  std logFC = 0.096
[1] 147
Running 1vALL Testing for up-regulated genes
2024-09-08 00:56:03.473346 - Find markers for: other
2024-09-08 00:56:11.761746 - Find markers for: random
2024-09-08 00:56:20.044988 - Building Table
** Done! **

                                 gene        logFC log.p.value   log.FDR
ENSMUSG00000049561 ENSMUSG00000049561 0.0013730657   -16.87127 -7.155684
ENSMUSG00000040283 ENSMUSG00000040283 0.0006154058   -13.81529 -4.792844
ENSMUSG00000024366 ENSMUSG00000024366 0.0030208313   -13.06293 -4.445954
ENSMUSG00000024735 ENSMUSG00000024735 0.0413053842   -11.83885 -3.509555
ENSMUSG00000026564 ENSMUSG00000026564 0.0040264590   -11.21126 -3.105104
ENSMUSG00000041620 ENSMUSG00000041620 0.0012515229   -10.36909 -2.535239
                   std.logFC cellType.target std.logFC.rank     std.logFC.anno
ENSMUSG00000049561 0.1323964          random              1  std logFC = 0.132
ENSMUSG00000040283 0.1178967          random              2  std logFC = 0.118
ENSMUSG00000024366 0.1140662          random              3  std logFC = 0.114
ENSMUSG00000024735 0.1075673          random              4  std logFC = 0.108
ENSMUSG00000026564 0.1040921          random              5  std logFC = 0.104
ENSMUSG00000041620 0.0992561          random              6  std logFC = 0.099
[1] 148
Running 1vALL Testing for up-regulated genes
2024-09-08 00:56:20.255169 - Find markers for: other
2024-09-08 00:56:28.533921 - Find markers for: random
2024-09-08 00:56:36.72512 - Building Table
** Done! **

                                 gene       logFC log.p.value   log.FDR
ENSMUSG00000024795 ENSMUSG00000024795 0.017253952   -13.13990 -3.933422
ENSMUSG00000038943 ENSMUSG00000038943 0.028827221   -12.95587 -3.933422
ENSMUSG00000031016 ENSMUSG00000031016 0.027651804   -12.49039 -3.873412
ENSMUSG00000025991 ENSMUSG00000025991 0.001369520   -11.61972 -3.299695
ENSMUSG00000023947 ENSMUSG00000023947 0.006951243   -11.38708 -3.299695
ENSMUSG00000069189 ENSMUSG00000069189 0.001034380   -11.22353 -3.299695
                   std.logFC cellType.target std.logFC.rank     std.logFC.anno
ENSMUSG00000024795 0.1147196          random              1  std logFC = 0.115
ENSMUSG00000038943 0.1137654          random              2  std logFC = 0.114
ENSMUSG00000031016 0.1113184          random              3  std logFC = 0.111
ENSMUSG00000025991 0.1066037          random              4  std logFC = 0.107
ENSMUSG00000023947 0.1053114          random              5  std logFC = 0.105
ENSMUSG00000069189 0.1043942          random              6  std logFC = 0.104
[1] 149
Running 1vALL Testing for up-regulated genes
2024-09-08 00:56:36.938129 - Find markers for: other
2024-09-08 00:56:45.21722 - Find markers for: random
2024-09-08 00:56:53.449187 - Building Table
** Done! **

                                 gene        logFC log.p.value   log.FDR
ENSMUSG00000055197 ENSMUSG00000055197 0.0008782273   -13.80611 -4.720239
ENSMUSG00000049353 ENSMUSG00000049353 0.0078522029   -13.45545 -4.720239
ENSMUSG00000022126 ENSMUSG00000022126 0.0018190083   -13.30754 -4.720239
ENSMUSG00000020830 ENSMUSG00000020830 0.0016258317   -13.04954 -4.720239
ENSMUSG00000045281 ENSMUSG00000045281 0.0020947264   -12.18882 -4.082665
ENSMUSG00000031163 ENSMUSG00000031163 0.0070424084   -11.73238 -3.808551
                   std.logFC cellType.target std.logFC.rank     std.logFC.anno
ENSMUSG00000055197 0.1178097          random              1  std logFC = 0.118
ENSMUSG00000049353 0.1160388          random              2  std logFC = 0.116
ENSMUSG00000022126 0.1152843          random              3  std logFC = 0.115
ENSMUSG00000020830 0.1139573          random              4  std logFC = 0.114
ENSMUSG00000045281 0.1094234          random              5  std logFC = 0.109
ENSMUSG00000031163 0.1069478          random              6  std logFC = 0.107
[1] 150
Running 1vALL Testing for up-regulated genes
2024-09-08 00:56:53.649686 - Find markers for: other
2024-09-08 00:57:02.087557 - Find markers for: random
2024-09-08 00:57:10.389388 - Building Table
** Done! **

                                 gene        logFC log.p.value   log.FDR
ENSMUSG00000026497 ENSMUSG00000026497 0.0016477073  -13.465514 -3.948054
ENSMUSG00000030954 ENSMUSG00000030954 0.0008185875  -12.739424 -3.948054
ENSMUSG00000078127 ENSMUSG00000078127 0.0002879704  -12.565032 -3.948054
ENSMUSG00000032315 ENSMUSG00000032315 0.0008575555  -10.654444 -2.325148
ENSMUSG00000042909 ENSMUSG00000042909 0.0011285013  -10.047068 -1.940915
ENSMUSG00000009876 ENSMUSG00000009876 0.0096288690   -9.762475 -1.838644
                    std.logFC cellType.target std.logFC.rank     std.logFC.anno
ENSMUSG00000026497 0.11600710          random              1  std logFC = 0.116
ENSMUSG00000030954 0.11226286          random              2  std logFC = 0.112
ENSMUSG00000078127 0.11134635          random              3  std logFC = 0.111
ENSMUSG00000032315 0.10081107          random              4  std logFC = 0.101
ENSMUSG00000042909 0.09724652          random              5  std logFC = 0.097
ENSMUSG00000009876 0.09553528          random              6  std logFC = 0.096
[1] 151
Running 1vALL Testing for up-regulated genes
2024-09-08 00:57:10.595926 - Find markers for: other
2024-09-08 00:57:18.94826 - Find markers for: random
2024-09-08 00:57:27.139832 - Building Table
** Done! **

                                 gene        logFC log.p.value   log.FDR
ENSMUSG00000024793 ENSMUSG00000024793 0.0181210707  -15.564676 -6.246296
ENSMUSG00000036938 ENSMUSG00000036938 0.0011095663  -15.268739 -6.246296
ENSMUSG00000040148 ENSMUSG00000040148 0.0031531575  -11.719817 -3.102839
ENSMUSG00000043017 ENSMUSG00000043017 0.0005969425  -10.103644 -1.858624
ENSMUSG00000050100 ENSMUSG00000050100 0.0020416347   -9.964776 -1.858624
ENSMUSG00000030149 ENSMUSG00000030149 0.0027621563   -9.343597 -1.659982
                    std.logFC cellType.target std.logFC.rank     std.logFC.anno
ENSMUSG00000024793 0.12676528          random              1  std logFC = 0.127
ENSMUSG00000036938 0.12536256          random              2  std logFC = 0.125
ENSMUSG00000040148 0.10723621          random              3  std logFC = 0.107
ENSMUSG00000043017 0.09797968          random              4  std logFC = 0.098
ENSMUSG00000050100 0.09714731          random              5  std logFC = 0.097
ENSMUSG00000030149 0.09334289          random              6  std logFC = 0.093
[1] 152
Running 1vALL Testing for up-regulated genes
2024-09-08 00:57:27.326363 - Find markers for: other
2024-09-08 00:57:35.692292 - Find markers for: random
2024-09-08 00:57:43.937467 - Building Table
** Done! **

                                 gene        logFC log.p.value   log.FDR
ENSMUSG00000043017 ENSMUSG00000043017 0.0008793162   -19.60551 -9.889916
ENSMUSG00000031089 ENSMUSG00000031089 0.0031471624   -16.30728 -7.284833
ENSMUSG00000029420 ENSMUSG00000029420 0.0759826366   -12.47390 -4.053017
ENSMUSG00000074653 ENSMUSG00000074653 0.0024457622   -12.31684 -4.053017
ENSMUSG00000020429 ENSMUSG00000020429 0.0012162043   -12.12847 -4.053017
ENSMUSG00000026166 ENSMUSG00000026166 0.0008962966   -11.97685 -4.053017
                   std.logFC cellType.target std.logFC.rank     std.logFC.anno
ENSMUSG00000043017 0.1443876          random              1  std logFC = 0.144
ENSMUSG00000031089 0.1299939          random              2   std logFC = 0.13
ENSMUSG00000029420 0.1111189          random              3  std logFC = 0.111
ENSMUSG00000074653 0.1102822          random              4   std logFC = 0.11
ENSMUSG00000020429 0.1092711          random              5  std logFC = 0.109
ENSMUSG00000026166 0.1084509          random              6  std logFC = 0.108
[1] 153
Running 1vALL Testing for up-regulated genes
2024-09-08 00:57:44.147069 - Find markers for: other
2024-09-08 00:57:52.409101 - Find markers for: random
2024-09-08 00:58:00.60189 - Building Table
** Done! **

                                 gene        logFC log.p.value   log.FDR
ENSMUSG00000041062 ENSMUSG00000041062 0.0042779691   -14.02806 -4.893568
ENSMUSG00000093938 ENSMUSG00000093938 0.0007312025   -13.84790 -4.893568
ENSMUSG00000054999 ENSMUSG00000054999 0.0039914866   -13.51055 -4.893568
ENSMUSG00000015533 ENSMUSG00000015533 0.0163620054   -10.83187 -2.502579
ENSMUSG00000073967 ENSMUSG00000073967 0.0009439658   -10.59465 -2.488493
ENSMUSG00000006007 ENSMUSG00000006007 0.0015212424   -10.21820 -2.339337
                    std.logFC cellType.target std.logFC.rank     std.logFC.anno
ENSMUSG00000041062 0.11895133          random              1  std logFC = 0.119
ENSMUSG00000093938 0.11805220          random              2  std logFC = 0.118
ENSMUSG00000054999 0.11635136          random              3  std logFC = 0.116
ENSMUSG00000015533 0.10193245          random              4  std logFC = 0.102
ENSMUSG00000073967 0.10056520          random              5  std logFC = 0.101
ENSMUSG00000006007 0.09836045          random              6  std logFC = 0.098
[1] 154
Running 1vALL Testing for up-regulated genes
2024-09-08 00:58:00.804476 - Find markers for: other
2024-09-08 00:58:09.01429 - Find markers for: random
2024-09-08 00:58:17.273117 - Building Table
** Done! **

                                 gene        logFC log.p.value   log.FDR
ENSMUSG00000037335 ENSMUSG00000037335 0.0009347655   -12.27799 -3.306957
ENSMUSG00000042106 ENSMUSG00000042106 0.0062696313   -11.73272 -3.306957
ENSMUSG00000070330 ENSMUSG00000070330 0.0009847897   -11.46472 -3.306957
ENSMUSG00000035427 ENSMUSG00000035427 0.0023277599   -11.44558 -3.306957
ENSMUSG00000058794 ENSMUSG00000058794 0.0008558903   -11.28726 -3.306957
ENSMUSG00000033216 ENSMUSG00000033216 0.0568069636   -11.23079 -3.306957
                   std.logFC cellType.target std.logFC.rank     std.logFC.anno
ENSMUSG00000037335 0.1098454          random              1   std logFC = 0.11
ENSMUSG00000042106 0.1068955          random              2  std logFC = 0.107
ENSMUSG00000070330 0.1054181          random              3  std logFC = 0.105
ENSMUSG00000035427 0.1053119          random              4  std logFC = 0.105
ENSMUSG00000058794 0.1044294          random              5  std logFC = 0.104
ENSMUSG00000033216 0.1041129          random              6  std logFC = 0.104
[1] 155
Running 1vALL Testing for up-regulated genes
2024-09-08 00:58:17.478429 - Find markers for: other
2024-09-08 00:58:25.703768 - Find markers for: random
2024-09-08 00:58:33.965648 - Building Table
** Done! **

                                 gene       logFC log.p.value   log.FDR
ENSMUSG00000029373 ENSMUSG00000029373 0.005440261  -14.188702 -4.473111
ENSMUSG00000091530 ENSMUSG00000091530 0.003479926  -13.237502 -4.215059
ENSMUSG00000022372 ENSMUSG00000022372 0.013965827  -11.583732 -2.966754
ENSMUSG00000020453 ENSMUSG00000020453 0.041457807  -10.495119 -2.210535
ENSMUSG00000044429 ENSMUSG00000044429 0.001893769  -10.068510 -2.210535
ENSMUSG00000017132 ENSMUSG00000017132 0.065319354   -9.994847 -2.210535
                    std.logFC cellType.target std.logFC.rank     std.logFC.anno
ENSMUSG00000029373 0.11974177          random              1   std logFC = 0.12
ENSMUSG00000091530 0.11495198          random              2  std logFC = 0.115
ENSMUSG00000022372 0.10615470          random              3  std logFC = 0.106
ENSMUSG00000020453 0.09998155          random              4    std logFC = 0.1
ENSMUSG00000044429 0.09746641          random              5  std logFC = 0.097
ENSMUSG00000017132 0.09702619          random              6  std logFC = 0.097
[1] 156
Running 1vALL Testing for up-regulated genes
2024-09-08 00:58:34.157109 - Find markers for: other
2024-09-08 00:58:42.578012 - Find markers for: random
2024-09-08 00:58:50.767563 - Building Table
** Done! **

                                 gene        logFC log.p.value   log.FDR
ENSMUSG00000007480 ENSMUSG00000007480 0.0050512705  -13.603527 -3.887936
ENSMUSG00000017310 ENSMUSG00000017310 0.0013233965  -11.247103 -2.789896
ENSMUSG00000000157 ENSMUSG00000000157 0.0027358004  -11.199409 -2.789896
ENSMUSG00000028544 ENSMUSG00000028544 0.0007969785  -11.119192 -2.789896
ENSMUSG00000044162 ENSMUSG00000044162 0.0027107872  -10.334253 -2.228100
ENSMUSG00000032417 ENSMUSG00000032417 0.0186685675   -9.731176 -1.916556
                    std.logFC cellType.target std.logFC.rank     std.logFC.anno
ENSMUSG00000007480 0.11666968          random              1  std logFC = 0.117
ENSMUSG00000017310 0.10415009          random              2  std logFC = 0.104
ENSMUSG00000000157 0.10388252          random              3  std logFC = 0.104
ENSMUSG00000028544 0.10343106          random              4  std logFC = 0.103
ENSMUSG00000044162 0.09891535          random              5  std logFC = 0.099
ENSMUSG00000032417 0.09531552          random              6  std logFC = 0.095
[1] 157
Running 1vALL Testing for up-regulated genes
2024-09-08 00:58:50.956019 - Find markers for: other
2024-09-08 00:58:59.178439 - Find markers for: random
2024-09-08 00:59:07.350386 - Building Table
** Done! **

                                 gene        logFC log.p.value   log.FDR
ENSMUSG00000047822 ENSMUSG00000047822 0.0035529988   -17.46972 -7.754132
ENSMUSG00000020622 ENSMUSG00000020622 0.0032445899   -13.76040 -4.737960
ENSMUSG00000001027 ENSMUSG00000001027 0.0004012672   -13.30536 -4.688381
ENSMUSG00000034031 ENSMUSG00000034031 0.0010301293   -13.00478 -4.675486
ENSMUSG00000018672 ENSMUSG00000018672 0.0182894967   -10.63564 -2.678063
ENSMUSG00000073063 ENSMUSG00000073063 0.0010245543   -10.51365 -2.678063
                   std.logFC cellType.target std.logFC.rank     std.logFC.anno
ENSMUSG00000047822 0.1357154          random              1  std logFC = 0.136
ENSMUSG00000020622 0.1181873          random              2  std logFC = 0.118
ENSMUSG00000001027 0.1158683          random              3  std logFC = 0.116
ENSMUSG00000034031 0.1143128          random              4  std logFC = 0.114
ENSMUSG00000018672 0.1012947          random              5  std logFC = 0.101
ENSMUSG00000073063 0.1005831          random              6  std logFC = 0.101
[1] 158
Running 1vALL Testing for up-regulated genes
2024-09-08 00:59:07.546555 - Find markers for: other
2024-09-08 00:59:15.899016 - Find markers for: random
2024-09-08 00:59:24.281013 - Building Table
** Done! **

                                 gene        logFC log.p.value   log.FDR
ENSMUSG00000045794 ENSMUSG00000045794 0.0003857575   -13.92431 -4.208722
ENSMUSG00000066456 ENSMUSG00000066456 0.0584497476   -10.32865 -2.178076
ENSMUSG00000022868 ENSMUSG00000022868 0.0010792873   -10.20534 -2.178076
ENSMUSG00000047884 ENSMUSG00000047884 0.0016289933   -10.18225 -2.178076
ENSMUSG00000021281 ENSMUSG00000021281 0.0064940263   -10.16338 -2.178076
ENSMUSG00000065947 ENSMUSG00000065947 0.0170318894   -10.10191 -2.178076
                    std.logFC cellType.target std.logFC.rank     std.logFC.anno
ENSMUSG00000045794 0.11858382          random              1  std logFC = 0.119
ENSMUSG00000066456 0.09913686          random              2  std logFC = 0.099
ENSMUSG00000022868 0.09840838          random              3  std logFC = 0.098
ENSMUSG00000047884 0.09827144          random              4  std logFC = 0.098
ENSMUSG00000021281 0.09815941          random              5  std logFC = 0.098
ENSMUSG00000065947 0.09779357          random              6  std logFC = 0.098
[1] 159
Running 1vALL Testing for up-regulated genes
2024-09-08 00:59:24.472477 - Find markers for: other
2024-09-08 00:59:32.70889 - Find markers for: random
2024-09-08 00:59:41.015467 - Building Table
** Done! **

                                 gene        logFC log.p.value    log.FDR
ENSMUSG00000031448 ENSMUSG00000031448 0.0071043793   -23.45286 -13.737271
ENSMUSG00000109809 ENSMUSG00000109809 0.0009289575   -16.92292  -7.900480
ENSMUSG00000091212 ENSMUSG00000091212 0.0015472299   -12.52138  -3.904401
ENSMUSG00000090874 ENSMUSG00000090874 0.0007788886   -12.20979  -3.880498
ENSMUSG00000059481 ENSMUSG00000059481 0.0045466950   -11.79639  -3.690239
ENSMUSG00000063727 ENSMUSG00000063727 0.0074866674   -10.07100  -2.147168
                    std.logFC cellType.target std.logFC.rank     std.logFC.anno
ENSMUSG00000031448 0.15949754          random              1  std logFC = 0.159
ENSMUSG00000109809 0.13268397          random              2  std logFC = 0.133
ENSMUSG00000091212 0.11128024          random              3  std logFC = 0.111
ENSMUSG00000090874 0.10961961          random              4   std logFC = 0.11
ENSMUSG00000059481 0.10738013          random              5  std logFC = 0.107
ENSMUSG00000063727 0.09753327          random              6  std logFC = 0.098
[1] 160
Running 1vALL Testing for up-regulated genes
2024-09-08 00:59:41.209996 - Find markers for: other
2024-09-08 00:59:49.451745 - Find markers for: random
2024-09-08 00:59:57.660643 - Building Table
** Done! **

                                 gene       logFC log.p.value    log.FDR
ENSMUSG00000027484 ENSMUSG00000027484 0.002382981   -23.88340 -14.167809
ENSMUSG00000064016 ENSMUSG00000064016 0.002065202   -17.23439  -8.211949
ENSMUSG00000085933 ENSMUSG00000085933 0.005606042   -15.09810  -6.481124
ENSMUSG00000053469 ENSMUSG00000053469 0.012105123   -11.88649  -3.590939
ENSMUSG00000040966 ENSMUSG00000040966 0.007513216   -11.69709  -3.590939
ENSMUSG00000000441 ENSMUSG00000000441 0.068028703   -10.74061  -2.831948
                   std.logFC cellType.target std.logFC.rank     std.logFC.anno
ENSMUSG00000027484 0.1614050          random              1  std logFC = 0.161
ENSMUSG00000064016 0.1343178          random              2  std logFC = 0.134
ENSMUSG00000085933 0.1244496          random              3  std logFC = 0.124
ENSMUSG00000053469 0.1080652          random              4  std logFC = 0.108
ENSMUSG00000040966 0.1070273          random              5  std logFC = 0.107
ENSMUSG00000000441 0.1016393          random              6  std logFC = 0.102
[1] 161
Running 1vALL Testing for up-regulated genes
2024-09-08 00:59:57.869009 - Find markers for: other
2024-09-08 01:00:06.212574 - Find markers for: random
2024-09-08 01:00:14.531726 - Building Table
** Done! **

                                 gene        logFC log.p.value   log.FDR
ENSMUSG00000028738 ENSMUSG00000028738 0.0008070353  -13.473958 -3.912427
ENSMUSG00000049641 ENSMUSG00000049641 0.0021673124  -12.934870 -3.912427
ENSMUSG00000034435 ENSMUSG00000034435 0.0005038544  -11.632745 -3.015767
ENSMUSG00000000889 ENSMUSG00000000889 0.0014178125  -10.919713 -2.590417
ENSMUSG00000028800 ENSMUSG00000028800 0.0403848338  -10.293892 -2.193629
ENSMUSG00000034139 ENSMUSG00000034139 0.0029662119   -9.994428 -2.193629
                    std.logFC cellType.target std.logFC.rank     std.logFC.anno
ENSMUSG00000028738 0.11670565          random              1  std logFC = 0.117
ENSMUSG00000049641 0.11392194          random              2  std logFC = 0.114
ENSMUSG00000034435 0.10692517          random              3  std logFC = 0.107
ENSMUSG00000000889 0.10291081          random              4  std logFC = 0.103
ENSMUSG00000028800 0.09926674          random              5  std logFC = 0.099
ENSMUSG00000034139 0.09747969          random              6  std logFC = 0.097
[1] 162
Running 1vALL Testing for up-regulated genes
2024-09-08 01:00:14.7442 - Find markers for: other
2024-09-08 01:00:22.968789 - Find markers for: random
2024-09-08 01:00:31.305149 - Building Table
** Done! **

                                 gene        logFC log.p.value   log.FDR
ENSMUSG00000036805 ENSMUSG00000036805 0.0012329824  -19.012769 -9.297178
ENSMUSG00000009588 ENSMUSG00000009588 0.0018907382  -13.784054 -4.761611
ENSMUSG00000054141 ENSMUSG00000054141 0.0020167405  -10.992372 -2.375394
ENSMUSG00000031671 ENSMUSG00000031671 0.0166658489  -10.250347 -2.034676
ENSMUSG00000002664 ENSMUSG00000002664 0.0009271293  -10.140829 -2.034676
ENSMUSG00000005232 ENSMUSG00000005232 0.0011000169   -9.849133 -2.000817
                    std.logFC cellType.target std.logFC.rank     std.logFC.anno
ENSMUSG00000036805 0.14205609          random              1  std logFC = 0.142
ENSMUSG00000009588 0.11801239          random              2  std logFC = 0.118
ENSMUSG00000054141 0.10309301          random              3  std logFC = 0.103
ENSMUSG00000031671 0.09878511          random              4  std logFC = 0.099
ENSMUSG00000002664 0.09813487          random              5  std logFC = 0.098
ENSMUSG00000005232 0.09638381          random              6  std logFC = 0.096
[1] 163
Running 1vALL Testing for up-regulated genes
2024-09-08 01:00:31.514092 - Find markers for: other
2024-09-08 01:00:39.819686 - Find markers for: random
2024-09-08 01:00:48.099191 - Building Table
** Done! **

                                 gene       logFC log.p.value   log.FDR
ENSMUSG00000035238 ENSMUSG00000035238 0.002717739   -14.41802 -4.702431
ENSMUSG00000021629 ENSMUSG00000021629 0.050716549   -11.41963 -2.397182
ENSMUSG00000023987 ENSMUSG00000023987 0.001212787   -10.96355 -2.346570
ENSMUSG00000033436 ENSMUSG00000033436 0.020838795   -10.61516 -2.285862
ENSMUSG00000039395 ENSMUSG00000039395 0.013123031   -10.23485 -2.280438
ENSMUSG00000072620 ENSMUSG00000072620 0.007181402   -10.12835 -2.280438
                    std.logFC cellType.target std.logFC.rank     std.logFC.anno
ENSMUSG00000035238 0.12090769          random              1  std logFC = 0.121
ENSMUSG00000021629 0.10527780          random              2  std logFC = 0.105
ENSMUSG00000023987 0.10271092          random              3  std logFC = 0.103
ENSMUSG00000033436 0.10071026          random              4  std logFC = 0.101
ENSMUSG00000039395 0.09848452          random              5  std logFC = 0.098
ENSMUSG00000072620 0.09785302          random              6  std logFC = 0.098
[1] 164
Running 1vALL Testing for up-regulated genes
2024-09-08 01:00:48.310837 - Find markers for: other
2024-09-08 01:00:56.750206 - Find markers for: random
2024-09-08 01:01:04.990561 - Building Table
** Done! **

                                 gene       logFC log.p.value   log.FDR
ENSMUSG00000018500 ENSMUSG00000018500 0.015472334  -10.491779 -1.464934
ENSMUSG00000022940 ENSMUSG00000022940 0.040917380  -10.037384 -1.464934
ENSMUSG00000035275 ENSMUSG00000035275 0.056025761   -9.592089 -1.464934
ENSMUSG00000023914 ENSMUSG00000023914 0.002227544   -9.572923 -1.464934
ENSMUSG00000009075 ENSMUSG00000009075 0.008223033   -9.571087 -1.464934
ENSMUSG00000024402 ENSMUSG00000024402 0.002347626   -8.804142 -1.301481
                   std.logFC cellType.target std.logFC.rank     std.logFC.anno
ENSMUSG00000018500 0.1002299          random              1    std logFC = 0.1
ENSMUSG00000022940 0.0975412          random              2  std logFC = 0.098
ENSMUSG00000035275 0.0948402          random              3  std logFC = 0.095
ENSMUSG00000023914 0.0947224          random              4  std logFC = 0.095
ENSMUSG00000009075 0.0947111          random              5  std logFC = 0.095
ENSMUSG00000024402 0.0898844          random              6   std logFC = 0.09
[1] 165
Running 1vALL Testing for up-regulated genes
2024-09-08 01:01:05.182465 - Find markers for: other
2024-09-08 01:01:13.474532 - Find markers for: random
2024-09-08 01:01:21.763592 - Building Table
** Done! **

                                 gene       logFC log.p.value   log.FDR
ENSMUSG00000027718 ENSMUSG00000027718 0.000708008  -13.826297 -4.110707
ENSMUSG00000022219 ENSMUSG00000022219 0.014420938  -12.536391 -3.625530
ENSMUSG00000033898 ENSMUSG00000033898 0.003082029  -12.242508 -3.625530
ENSMUSG00000071489 ENSMUSG00000071489 0.004261952  -11.056696 -2.727400
ENSMUSG00000014603 ENSMUSG00000014603 0.007013440   -9.870535 -2.104575
ENSMUSG00000044726 ENSMUSG00000044726 0.010209013   -9.840226 -2.104575
                    std.logFC cellType.target std.logFC.rank     std.logFC.anno
ENSMUSG00000027718 0.11784685          random              1  std logFC = 0.118
ENSMUSG00000022219 0.11121418          random              2  std logFC = 0.111
ENSMUSG00000033898 0.10965160          random              3   std logFC = 0.11
ENSMUSG00000071489 0.10312804          random              4  std logFC = 0.103
ENSMUSG00000014603 0.09620470          random              5  std logFC = 0.096
ENSMUSG00000044726 0.09602192          random              6  std logFC = 0.096
[1] 166
Running 1vALL Testing for up-regulated genes
2024-09-08 01:01:21.966098 - Find markers for: other
2024-09-08 01:01:30.396105 - Find markers for: random
2024-09-08 01:01:38.865236 - Building Table
** Done! **

                                 gene        logFC log.p.value   log.FDR
ENSMUSG00000030200 ENSMUSG00000030200 0.0024057119  -12.680279 -3.548365
ENSMUSG00000070464 ENSMUSG00000070464 0.0011445163  -12.570808 -3.548365
ENSMUSG00000008932 ENSMUSG00000008932 0.0045183418  -11.134140 -2.517162
ENSMUSG00000039555 ENSMUSG00000039555 0.0005827715  -10.479649 -2.305811
ENSMUSG00000029848 ENSMUSG00000029848 0.0013078947  -10.411964 -2.305811
ENSMUSG00000029522 ENSMUSG00000029522 0.0018335723   -9.564232 -1.850265
                    std.logFC cellType.target std.logFC.rank     std.logFC.anno
ENSMUSG00000030200 0.11217993          random              1  std logFC = 0.112
ENSMUSG00000070464 0.11160278          random              2  std logFC = 0.112
ENSMUSG00000008932 0.10375785          random              3  std logFC = 0.104
ENSMUSG00000039555 0.09999948          random              4    std logFC = 0.1
ENSMUSG00000029848 0.09960350          random              5    std logFC = 0.1
ENSMUSG00000029522 0.09451823          random              6  std logFC = 0.095
[1] 167
Running 1vALL Testing for up-regulated genes
2024-09-08 01:01:39.070321 - Find markers for: other
2024-09-08 01:01:47.435349 - Find markers for: random
2024-09-08 01:01:55.650743 - Building Table
** Done! **

                                 gene        logFC log.p.value   log.FDR
ENSMUSG00000064006 ENSMUSG00000064006 0.0007717046   -12.89902 -3.643545
ENSMUSG00000108022 ENSMUSG00000108022 0.0015354052   -12.66599 -3.643545
ENSMUSG00000040729 ENSMUSG00000040729 0.0627050745   -11.68980 -3.371990
ENSMUSG00000070464 ENSMUSG00000070464 0.0010820441   -11.45610 -3.371990
ENSMUSG00000019326 ENSMUSG00000019326 0.0029942020   -11.29594 -3.371990
ENSMUSG00000073177 ENSMUSG00000073177 0.0002992817   -11.29582 -3.371990
                   std.logFC cellType.target std.logFC.rank     std.logFC.anno
ENSMUSG00000064006 0.1132648          random              1  std logFC = 0.113
ENSMUSG00000108022 0.1120451          random              2  std logFC = 0.112
ENSMUSG00000040729 0.1067975          random              3  std logFC = 0.107
ENSMUSG00000070464 0.1055059          random              4  std logFC = 0.106
ENSMUSG00000019326 0.1046124          random              5  std logFC = 0.105
ENSMUSG00000073177 0.1046117          random              6  std logFC = 0.105
[1] 168
Running 1vALL Testing for up-regulated genes
2024-09-08 01:01:55.860054 - Find markers for: other
2024-09-08 01:02:04.209554 - Find markers for: random
2024-09-08 01:02:12.561253 - Building Table
** Done! **

                                 gene        logFC log.p.value   log.FDR
ENSMUSG00000028357 ENSMUSG00000028357 0.0026726938   -12.05531 -2.990114
ENSMUSG00000020664 ENSMUSG00000020664 0.0443423115   -11.80355 -2.990114
ENSMUSG00000045502 ENSMUSG00000045502 0.0009805150   -11.58980 -2.990114
ENSMUSG00000110469 ENSMUSG00000110469 0.0009125065   -11.31941 -2.990114
ENSMUSG00000028874 ENSMUSG00000028874 0.0065037305   -10.99188 -2.885724
ENSMUSG00000031132 ENSMUSG00000031132 0.0032707176   -10.78189 -2.858056
                   std.logFC cellType.target std.logFC.rank     std.logFC.anno
ENSMUSG00000028357 0.1091056          random              1  std logFC = 0.109
ENSMUSG00000020664 0.1077332          random              2  std logFC = 0.108
ENSMUSG00000045502 0.1065554          random              3  std logFC = 0.107
ENSMUSG00000110469 0.1050482          random              4  std logFC = 0.105
ENSMUSG00000028874 0.1031958          random              5  std logFC = 0.103
ENSMUSG00000031132 0.1019921          random              6  std logFC = 0.102
[1] 169
Running 1vALL Testing for up-regulated genes
2024-09-08 01:02:12.754219 - Find markers for: other
2024-09-08 01:02:21.005253 - Find markers for: random
2024-09-08 01:02:29.277718 - Building Table
** Done! **

                                 gene        logFC log.p.value   log.FDR
ENSMUSG00000028635 ENSMUSG00000028635 0.0005081856   -13.87594 -4.249657
ENSMUSG00000075370 ENSMUSG00000075370 0.0021235586   -12.96153 -4.249657
ENSMUSG00000023034 ENSMUSG00000023034 0.0463581313   -12.86664 -4.249657
ENSMUSG00000032226 ENSMUSG00000032226 0.0017290712   -12.27463 -3.945331
ENSMUSG00000069302 ENSMUSG00000069302 0.0020334404   -11.45104 -3.344885
ENSMUSG00000008668 ENSMUSG00000008668 0.0567057133   -10.88137 -2.957539
                   std.logFC cellType.target std.logFC.rank     std.logFC.anno
ENSMUSG00000028635 0.1184377          random              1  std logFC = 0.118
ENSMUSG00000075370 0.1137686          random              2  std logFC = 0.114
ENSMUSG00000023034 0.1132740          random              3  std logFC = 0.113
ENSMUSG00000032226 0.1101419          random              4   std logFC = 0.11
ENSMUSG00000069302 0.1056438          random              5  std logFC = 0.106
ENSMUSG00000008668 0.1024276          random              6  std logFC = 0.102
[1] 170
Running 1vALL Testing for up-regulated genes
2024-09-08 01:02:29.486257 - Find markers for: other
2024-09-08 01:02:37.756422 - Find markers for: random
2024-09-08 01:02:46.08185 - Building Table
** Done! **

                                 gene       logFC log.p.value   log.FDR
ENSMUSG00000053773 ENSMUSG00000053773 0.004457466   -13.96362 -4.248031
ENSMUSG00000014453 ENSMUSG00000014453 0.002376959   -12.63738 -3.927712
ENSMUSG00000006216 ENSMUSG00000006216 0.001240927   -12.41672 -3.927712
ENSMUSG00000047441 ENSMUSG00000047441 0.002540393   -12.25701 -3.927712
ENSMUSG00000027157 ENSMUSG00000027157 0.002046286   -11.19484 -3.088686
ENSMUSG00000029618 ENSMUSG00000029618 0.001341886   -10.13866 -2.477609
                    std.logFC cellType.target std.logFC.rank     std.logFC.anno
ENSMUSG00000053773 0.11817119          random              1  std logFC = 0.118
ENSMUSG00000014453 0.11140563          random              2  std logFC = 0.111
ENSMUSG00000006216 0.11024301          random              3   std logFC = 0.11
ENSMUSG00000047441 0.10939445          random              4  std logFC = 0.109
ENSMUSG00000027157 0.10359021          random              5  std logFC = 0.104
ENSMUSG00000029618 0.09750992          random              6  std logFC = 0.098
[1] 171
Running 1vALL Testing for up-regulated genes
2024-09-08 01:02:46.272979 - Find markers for: other
2024-09-08 01:02:54.51773 - Find markers for: random
2024-09-08 01:03:02.82092 - Building Table
** Done! **

                                 gene        logFC log.p.value   log.FDR
ENSMUSG00000056822 ENSMUSG00000056822 0.0008978638  -12.995382 -3.279791
ENSMUSG00000015355 ENSMUSG00000015355 0.0070646441  -12.014428 -3.176850
ENSMUSG00000036938 ENSMUSG00000036938 0.0009484963  -11.793828 -3.176850
ENSMUSG00000028736 ENSMUSG00000028736 0.0025068569  -11.223531 -2.894235
ENSMUSG00000073967 ENSMUSG00000073967 0.0008972477   -9.779400 -1.733569
ENSMUSG00000037997 ENSMUSG00000037997 0.0320097690   -9.448503 -1.733569
                    std.logFC cellType.target std.logFC.rank     std.logFC.anno
ENSMUSG00000056822 0.11353267          random              1  std logFC = 0.114
ENSMUSG00000015355 0.10834599          random              2  std logFC = 0.108
ENSMUSG00000036938 0.10714800          random              3  std logFC = 0.107
ENSMUSG00000028736 0.10399279          random              4  std logFC = 0.104
ENSMUSG00000073967 0.09558473          random              5  std logFC = 0.096
ENSMUSG00000037997 0.09356301          random              6  std logFC = 0.094
[1] 172
Running 1vALL Testing for up-regulated genes
2024-09-08 01:03:03.066591 - Find markers for: other
2024-09-08 01:03:11.324475 - Find markers for: random
2024-09-08 01:03:19.538644 - Building Table
** Done! **

                                 gene        logFC log.p.value   log.FDR
ENSMUSG00000028093 ENSMUSG00000028093 0.0544987569   -14.85817 -5.142578
ENSMUSG00000068252 ENSMUSG00000068252 0.0017224522   -12.52377 -3.501330
ENSMUSG00000038384 ENSMUSG00000038384 0.0371819831   -11.49874 -2.967315
ENSMUSG00000043681 ENSMUSG00000043681 0.0016432275   -11.24625 -2.967315
ENSMUSG00000036117 ENSMUSG00000036117 0.0028893587   -11.07347 -2.967315
ENSMUSG00000091043 ENSMUSG00000091043 0.0009028625   -10.85945 -2.966579
                   std.logFC cellType.target std.logFC.rank     std.logFC.anno
ENSMUSG00000028093 0.1231100          random              1  std logFC = 0.123
ENSMUSG00000068252 0.1113247          random              2  std logFC = 0.111
ENSMUSG00000038384 0.1057712          random              3  std logFC = 0.106
ENSMUSG00000043681 0.1043619          random              4  std logFC = 0.104
ENSMUSG00000036117 0.1033875          random              5  std logFC = 0.103
ENSMUSG00000091043 0.1021689          random              6  std logFC = 0.102
[1] 173
Running 1vALL Testing for up-regulated genes
2024-09-08 01:03:19.726691 - Find markers for: other
2024-09-08 01:03:27.92803 - Find markers for: random
2024-09-08 01:03:36.140967 - Building Table
** Done! **

                                 gene       logFC log.p.value   log.FDR
ENSMUSG00000030825 ENSMUSG00000030825 0.003768101   -14.15598 -4.440389
ENSMUSG00000039321 ENSMUSG00000039321 0.001009092   -13.27175 -4.423742
ENSMUSG00000027761 ENSMUSG00000027761 0.001186367   -13.04072 -4.423742
ENSMUSG00000041406 ENSMUSG00000041406 0.019449990   -12.57679 -4.308392
ENSMUSG00000039518 ENSMUSG00000039518 0.000990828   -12.30515 -4.308392
ENSMUSG00000063683 ENSMUSG00000063683 0.003550788   -12.23222 -4.308392
                   std.logFC cellType.target std.logFC.rank     std.logFC.anno
ENSMUSG00000030825 0.1197399          random              1   std logFC = 0.12
ENSMUSG00000039321 0.1152816          random              2  std logFC = 0.115
ENSMUSG00000027761 0.1140903          random              3  std logFC = 0.114
ENSMUSG00000041406 0.1116629          random              4  std logFC = 0.112
ENSMUSG00000039518 0.1102188          random              5   std logFC = 0.11
ENSMUSG00000063683 0.1098281          random              6   std logFC = 0.11
[1] 174
Running 1vALL Testing for up-regulated genes
2024-09-08 01:03:36.3322 - Find markers for: other
2024-09-08 01:03:44.526895 - Find markers for: random
2024-09-08 01:03:52.779298 - Building Table
** Done! **

                                 gene       logFC log.p.value   log.FDR
ENSMUSG00000016255 ENSMUSG00000016255 0.001122284  -19.361883 -9.646292
ENSMUSG00000006269 ENSMUSG00000006269 0.006063839  -12.399430 -3.536851
ENSMUSG00000073574 ENSMUSG00000073574 0.001454509  -12.019316 -3.536851
ENSMUSG00000094649 ENSMUSG00000094649 0.001010872  -11.866147 -3.536851
ENSMUSG00000031809 ENSMUSG00000031809 0.003116564  -10.016368 -1.910215
ENSMUSG00000035785 ENSMUSG00000035785 0.001954090   -9.468846 -1.819874
                    std.logFC cellType.target std.logFC.rank     std.logFC.anno
ENSMUSG00000016255 0.14336424          random              1  std logFC = 0.143
ENSMUSG00000006269 0.11071761          random              2  std logFC = 0.111
ENSMUSG00000073574 0.10867604          random              3  std logFC = 0.109
ENSMUSG00000094649 0.10784339          random              4  std logFC = 0.108
ENSMUSG00000031809 0.09728116          random              5  std logFC = 0.097
ENSMUSG00000035785 0.09395092          random              6  std logFC = 0.094
[1] 175
Running 1vALL Testing for up-regulated genes
2024-09-08 01:03:52.98152 - Find markers for: other
2024-09-08 01:04:01.229258 - Find markers for: random
2024-09-08 01:04:09.474698 - Building Table
** Done! **

                                 gene        logFC log.p.value   log.FDR
ENSMUSG00000026251 ENSMUSG00000026251 0.0008040293  -13.976712 -4.621187
ENSMUSG00000094445 ENSMUSG00000094445 0.0005515635  -13.643630 -4.621187
ENSMUSG00000020871 ENSMUSG00000020871 0.0038399589  -11.658447 -3.041469
ENSMUSG00000017950 ENSMUSG00000017950 0.0009521549  -11.140746 -2.811450
ENSMUSG00000027719 ENSMUSG00000027719 0.0018627418   -9.721945 -1.771643
ENSMUSG00000073876 ENSMUSG00000073876 0.0014853019   -9.621025 -1.771643
                    std.logFC cellType.target std.logFC.rank     std.logFC.anno
ENSMUSG00000026251 0.11900624          random              1  std logFC = 0.119
ENSMUSG00000094445 0.11733122          random              2  std logFC = 0.117
ENSMUSG00000020871 0.10685059          random              3  std logFC = 0.107
ENSMUSG00000017950 0.10395938          random              4  std logFC = 0.104
ENSMUSG00000027719 0.09563373          random              5  std logFC = 0.096
ENSMUSG00000073876 0.09501663          random              6  std logFC = 0.095
[1] 176
Running 1vALL Testing for up-regulated genes
2024-09-08 01:04:09.668364 - Find markers for: other
2024-09-08 01:04:17.878011 - Find markers for: random
2024-09-08 01:04:26.1012 - Building Table
** Done! **

                                 gene        logFC log.p.value   log.FDR
ENSMUSG00000042367 ENSMUSG00000042367 0.0016101249  -15.223235 -5.507644
ENSMUSG00000031449 ENSMUSG00000031449 0.0010411564  -13.980667 -4.958223
ENSMUSG00000069998 ENSMUSG00000069998 0.0009710433  -13.305554 -4.688576
ENSMUSG00000091212 ENSMUSG00000091212 0.0015666385  -12.672853 -4.343557
ENSMUSG00000051509 ENSMUSG00000051509 0.0012809748  -10.095466 -1.989313
ENSMUSG00000009941 ENSMUSG00000009941 0.0016762057   -9.757428 -1.843641
                    std.logFC cellType.target std.logFC.rank     std.logFC.anno
ENSMUSG00000042367 0.12548941          random              1  std logFC = 0.125
ENSMUSG00000031449 0.11940602          random              2  std logFC = 0.119
ENSMUSG00000069998 0.11597730          random              3  std logFC = 0.116
ENSMUSG00000091212 0.11267690          random              4  std logFC = 0.113
ENSMUSG00000051509 0.09819990          random              5  std logFC = 0.098
ENSMUSG00000009941 0.09615589          random              6  std logFC = 0.096
[1] 177
Running 1vALL Testing for up-regulated genes
2024-09-08 01:04:26.309573 - Find markers for: other
2024-09-08 01:04:34.594423 - Find markers for: random
2024-09-08 01:04:42.962903 - Building Table
** Done! **

                                 gene        logFC log.p.value   log.FDR
ENSMUSG00000027761 ENSMUSG00000027761 0.0011813055  -12.924100 -3.208509
ENSMUSG00000020323 ENSMUSG00000020323 0.0034582936   -9.987772 -1.745897
ENSMUSG00000030911 ENSMUSG00000030911 0.0029075867   -9.513913 -1.745897
ENSMUSG00000046490 ENSMUSG00000046490 0.0014258256   -9.472293 -1.745897
ENSMUSG00000021148 ENSMUSG00000021148 0.0009547211   -9.358231 -1.745897
ENSMUSG00000031592 ENSMUSG00000031592 0.0753938886   -9.357573 -1.745897
                    std.logFC cellType.target std.logFC.rank     std.logFC.anno
ENSMUSG00000027761 0.11360305          random              1  std logFC = 0.114
ENSMUSG00000020323 0.09721489          random              2  std logFC = 0.097
ENSMUSG00000030911 0.09433102          random              3  std logFC = 0.094
ENSMUSG00000046490 0.09407395          random              4  std logFC = 0.094
ENSMUSG00000021148 0.09336621          random              5  std logFC = 0.093
ENSMUSG00000031592 0.09336211          random              6  std logFC = 0.093
[1] 178
Running 1vALL Testing for up-regulated genes
2024-09-08 01:04:43.15932 - Find markers for: other
2024-09-08 01:04:51.373211 - Find markers for: random
2024-09-08 01:04:59.567325 - Building Table
** Done! **

                                 gene       logFC log.p.value   log.FDR
ENSMUSG00000037053 ENSMUSG00000037053 0.001746539   -13.41874 -4.110342
ENSMUSG00000093866 ENSMUSG00000093866 0.002060367   -12.91339 -4.110342
ENSMUSG00000062478 ENSMUSG00000062478 0.002178089   -12.72732 -4.110342
ENSMUSG00000012042 ENSMUSG00000012042 0.001249973   -11.74435 -3.415057
ENSMUSG00000024844 ENSMUSG00000024844 0.028995759   -10.99470 -2.888547
ENSMUSG00000045330 ENSMUSG00000045330 0.001198716   -10.67482 -2.750990
                   std.logFC cellType.target std.logFC.rank     std.logFC.anno
ENSMUSG00000037053 0.1158199          random              1  std logFC = 0.116
ENSMUSG00000093866 0.1132198          random              2  std logFC = 0.113
ENSMUSG00000062478 0.1122485          random              3  std logFC = 0.112
ENSMUSG00000012042 0.1069838          random              4  std logFC = 0.107
ENSMUSG00000024844 0.1028040          random              5  std logFC = 0.103
ENSMUSG00000045330 0.1009728          random              6  std logFC = 0.101
[1] 179
Running 1vALL Testing for up-regulated genes
2024-09-08 01:04:59.777388 - Find markers for: other
2024-09-08 01:05:08.089438 - Find markers for: random
2024-09-08 01:05:16.305874 - Building Table
** Done! **

                                 gene       logFC log.p.value   log.FDR
ENSMUSG00000038167 ENSMUSG00000038167 0.004114082  -15.841931 -6.126341
ENSMUSG00000079014 ENSMUSG00000079014 0.002140911  -14.255466 -5.233023
ENSMUSG00000063447 ENSMUSG00000063447 0.001615808  -12.320653 -3.757249
ENSMUSG00000046207 ENSMUSG00000046207 0.011578467  -12.086545 -3.757249
ENSMUSG00000067860 ENSMUSG00000067860 0.021269049   -9.253029 -1.738893
ENSMUSG00000032094 ENSMUSG00000032094 0.001075291   -9.193056 -1.738893
                    std.logFC cellType.target std.logFC.rank     std.logFC.anno
ENSMUSG00000038167 0.12750689          random              1  std logFC = 0.128
ENSMUSG00000079014 0.11991868          random              2   std logFC = 0.12
ENSMUSG00000063447 0.11001425          random              3   std logFC = 0.11
ENSMUSG00000046207 0.10875980          random              4  std logFC = 0.109
ENSMUSG00000067860 0.09237123          random              5  std logFC = 0.092
ENSMUSG00000032094 0.09199618          random              6  std logFC = 0.092
[1] 180
Running 1vALL Testing for up-regulated genes
2024-09-08 01:05:16.533224 - Find markers for: other
2024-09-08 01:05:24.790146 - Find markers for: random
2024-09-08 01:05:33.040411 - Building Table
** Done! **

                                 gene        logFC log.p.value   log.FDR
ENSMUSG00000039691 ENSMUSG00000039691 0.0015867199  -12.362423 -3.329751
ENSMUSG00000030858 ENSMUSG00000030858 0.0012570298  -12.352195 -3.329751
ENSMUSG00000046110 ENSMUSG00000046110 0.0077093713  -11.517049 -2.900070
ENSMUSG00000109833 ENSMUSG00000109833 0.0020344609  -10.727735 -2.398439
ENSMUSG00000082101 ENSMUSG00000082101 0.0006399994  -10.475301 -2.369149
ENSMUSG00000020838 ENSMUSG00000020838 0.0032099602   -9.972199 -2.064519
                    std.logFC cellType.target std.logFC.rank     std.logFC.anno
ENSMUSG00000039691 0.11072375          random              1  std logFC = 0.111
ENSMUSG00000030858 0.11066907          random              2  std logFC = 0.111
ENSMUSG00000046110 0.10611828          random              3  std logFC = 0.106
ENSMUSG00000109833 0.10164753          random              4  std logFC = 0.102
ENSMUSG00000082101 0.10017968          random              5    std logFC = 0.1
ENSMUSG00000020838 0.09719483          random              6  std logFC = 0.097
[1] 181
Running 1vALL Testing for up-regulated genes
2024-09-08 01:05:33.25078 - Find markers for: other
2024-09-08 01:05:41.553527 - Find markers for: random
2024-09-08 01:05:49.825259 - Building Table
** Done! **

                                 gene       logFC log.p.value   log.FDR
ENSMUSG00000050150 ENSMUSG00000050150 0.014924150   -12.93402 -3.596028
ENSMUSG00000053113 ENSMUSG00000053113 0.007538539   -12.61847 -3.596028
ENSMUSG00000023243 ENSMUSG00000023243 0.010066905   -11.85423 -3.237248
ENSMUSG00000063087 ENSMUSG00000063087 0.059357130   -10.73269 -2.403399
ENSMUSG00000092518 ENSMUSG00000092518 0.003196290   -10.17368 -2.303721
ENSMUSG00000026124 ENSMUSG00000026124 0.001179485   -10.12061 -2.303721
                    std.logFC cellType.target std.logFC.rank     std.logFC.anno
ENSMUSG00000050150 0.11353809          random              1  std logFC = 0.114
ENSMUSG00000053113 0.11188472          random              2  std logFC = 0.112
ENSMUSG00000023243 0.10778427          random              3  std logFC = 0.108
ENSMUSG00000063087 0.10149501          random              4  std logFC = 0.101
ENSMUSG00000092518 0.09822463          random              5  std logFC = 0.098
ENSMUSG00000026124 0.09790903          random              6  std logFC = 0.098
[1] 182
Running 1vALL Testing for up-regulated genes
2024-09-08 01:05:50.024669 - Find markers for: other
2024-09-08 01:05:58.239949 - Find markers for: random
2024-09-08 01:06:06.616791 - Building Table
** Done! **

                                 gene        logFC log.p.value   log.FDR
ENSMUSG00000079019 ENSMUSG00000079019 0.0006938689   -13.77970 -4.701830
ENSMUSG00000037974 ENSMUSG00000037974 0.0004180382   -13.72427 -4.701830
ENSMUSG00000021490 ENSMUSG00000021490 0.0046084041   -13.05565 -4.438669
ENSMUSG00000079014 ENSMUSG00000079014 0.0018571649   -11.23122 -2.901929
ENSMUSG00000037202 ENSMUSG00000037202 0.0014175201   -10.66841 -2.642369
ENSMUSG00000049848 ENSMUSG00000049848 0.0007770270   -10.56620 -2.642369
                   std.logFC cellType.target std.logFC.rank     std.logFC.anno
ENSMUSG00000079019 0.1175003          random              1  std logFC = 0.118
ENSMUSG00000037974 0.1172221          random              2  std logFC = 0.117
ENSMUSG00000021490 0.1138175          random              3  std logFC = 0.114
ENSMUSG00000079014 0.1040115          random              4  std logFC = 0.104
ENSMUSG00000037202 0.1008120          random              5  std logFC = 0.101
ENSMUSG00000049848 0.1002211          random              6    std logFC = 0.1
[1] 183
Running 1vALL Testing for up-regulated genes
2024-09-08 01:06:06.8021 - Find markers for: other
2024-09-08 01:06:15.194762 - Find markers for: random
2024-09-08 01:06:23.436449 - Building Table
** Done! **

                                 gene        logFC log.p.value   log.FDR
ENSMUSG00000073489 ENSMUSG00000073489 0.0065487894   -14.16508 -4.449488
ENSMUSG00000021886 ENSMUSG00000021886 0.0030774101   -11.95227 -3.287872
ENSMUSG00000049530 ENSMUSG00000049530 0.0009873997   -11.90485 -3.287872
ENSMUSG00000040263 ENSMUSG00000040263 0.0272687034   -11.54994 -3.220647
ENSMUSG00000026815 ENSMUSG00000026815 0.0005633699   -10.96857 -2.862419
ENSMUSG00000032094 ENSMUSG00000032094 0.0011637862   -10.39379 -2.469962
                    std.logFC cellType.target std.logFC.rank     std.logFC.anno
ENSMUSG00000073489 0.11984540          random              1   std logFC = 0.12
ENSMUSG00000021886 0.10837112          random              2  std logFC = 0.108
ENSMUSG00000049530 0.10811305          random              3  std logFC = 0.108
ENSMUSG00000040263 0.10616328          random              4  std logFC = 0.106
ENSMUSG00000026815 0.10289693          random              5  std logFC = 0.103
ENSMUSG00000032094 0.09957251          random              6    std logFC = 0.1
[1] 184
Running 1vALL Testing for up-regulated genes
2024-09-08 01:06:23.646863 - Find markers for: other
2024-09-08 01:06:31.948683 - Find markers for: random
2024-09-08 01:06:40.275625 - Building Table
** Done! **

                                 gene       logFC log.p.value   log.FDR
ENSMUSG00000020870 ENSMUSG00000020870 0.001822820   -16.80444 -7.088852
ENSMUSG00000007480 ENSMUSG00000007480 0.004898492   -12.91461 -3.892169
ENSMUSG00000009214 ENSMUSG00000009214 0.002417832   -11.49587 -2.947479
ENSMUSG00000047260 ENSMUSG00000047260 0.033710216   -11.27678 -2.947479
ENSMUSG00000063260 ENSMUSG00000063260 0.048956298   -10.75107 -2.781493
ENSMUSG00000029586 ENSMUSG00000029586 0.002317000   -10.70532 -2.781493
                   std.logFC cellType.target std.logFC.rank     std.logFC.anno
ENSMUSG00000020870 0.1319094          random              1  std logFC = 0.132
ENSMUSG00000007480 0.1131375          random              2  std logFC = 0.113
ENSMUSG00000009214 0.1055323          random              3  std logFC = 0.106
ENSMUSG00000047260 0.1043129          random              4  std logFC = 0.104
ENSMUSG00000063260 0.1013327          random              5  std logFC = 0.101
ENSMUSG00000029586 0.1010695          random              6  std logFC = 0.101
[1] 185
Running 1vALL Testing for up-regulated genes
2024-09-08 01:06:40.47613 - Find markers for: other
2024-09-08 01:06:48.975653 - Find markers for: random
2024-09-08 01:06:57.245958 - Building Table
** Done! **

                                 gene        logFC log.p.value   log.FDR
ENSMUSG00000029706 ENSMUSG00000029706 0.0005590250   -13.85004 -5.072884
ENSMUSG00000038300 ENSMUSG00000038300 0.0008385981   -13.71152 -5.072884
ENSMUSG00000044863 ENSMUSG00000044863 0.0009071538   -13.68986 -5.072884
ENSMUSG00000035420 ENSMUSG00000035420 0.0009680748   -12.73224 -4.402948
ENSMUSG00000061126 ENSMUSG00000061126 0.0010286603   -12.47386 -4.367706
ENSMUSG00000022871 ENSMUSG00000022871 0.0013811436   -11.36001 -3.436183
                   std.logFC cellType.target std.logFC.rank     std.logFC.anno
ENSMUSG00000029706 0.1185920          random              1  std logFC = 0.119
ENSMUSG00000038300 0.1178933          random              2  std logFC = 0.118
ENSMUSG00000044863 0.1177837          random              3  std logFC = 0.118
ENSMUSG00000035420 0.1128404          random              4  std logFC = 0.113
ENSMUSG00000061126 0.1114721          random              5  std logFC = 0.111
ENSMUSG00000022871 0.1053884          random              6  std logFC = 0.105
[1] 186
Running 1vALL Testing for up-regulated genes
2024-09-08 01:06:57.456419 - Find markers for: other
2024-09-08 01:07:05.776769 - Find markers for: random
2024-09-08 01:07:14.099499 - Building Table
** Done! **

                                 gene        logFC log.p.value   log.FDR
ENSMUSG00000009350 ENSMUSG00000009350 0.0017063095   -13.59465 -4.530194
ENSMUSG00000055891 ENSMUSG00000055891 0.0013484722   -13.46665 -4.530194
ENSMUSG00000023176 ENSMUSG00000023176 0.0006351759   -13.14717 -4.530194
ENSMUSG00000052485 ENSMUSG00000052485 0.0008022588   -12.46454 -4.135240
ENSMUSG00000021539 ENSMUSG00000021539 0.0012711363   -11.93965 -3.833500
ENSMUSG00000034435 ENSMUSG00000034435 0.0005025928   -11.62476 -3.700927
                   std.logFC cellType.target std.logFC.rank     std.logFC.anno
ENSMUSG00000009350 0.1170751          random              1  std logFC = 0.117
ENSMUSG00000055891 0.1164243          random              2  std logFC = 0.116
ENSMUSG00000023176 0.1147850          random              3  std logFC = 0.115
ENSMUSG00000052485 0.1112080          random              4  std logFC = 0.111
ENSMUSG00000021539 0.1083842          random              5  std logFC = 0.108
ENSMUSG00000034435 0.1066574          random              6  std logFC = 0.107
[1] 187
Running 1vALL Testing for up-regulated genes
2024-09-08 01:07:14.303777 - Find markers for: other
2024-09-08 01:07:22.525709 - Find markers for: random
2024-09-08 01:07:30.811335 - Building Table
** Done! **

                                 gene       logFC log.p.value   log.FDR
ENSMUSG00000000385 ENSMUSG00000000385 0.005277372  -15.865308 -6.149718
ENSMUSG00000078502 ENSMUSG00000078502 0.002269113  -14.004693 -4.982249
ENSMUSG00000026012 ENSMUSG00000026012 0.002116103  -10.924233 -2.307255
ENSMUSG00000078611 ENSMUSG00000078611 0.004788389   -9.480412 -1.362495
ENSMUSG00000063415 ENSMUSG00000063415 0.006109007   -9.416244 -1.362495
ENSMUSG00000030114 ENSMUSG00000030114 0.001900095   -9.099165 -1.362495
                    std.logFC cellType.target std.logFC.rank     std.logFC.anno
ENSMUSG00000000385 0.12828008          random              1  std logFC = 0.128
ENSMUSG00000078502 0.11929604          random              2  std logFC = 0.119
ENSMUSG00000026012 0.10285773          random              3  std logFC = 0.103
ENSMUSG00000078611 0.09426938          random              4  std logFC = 0.094
ENSMUSG00000063415 0.09387139          random              5  std logFC = 0.094
ENSMUSG00000030114 0.09188225          random              6  std logFC = 0.092
[1] 188
Running 1vALL Testing for up-regulated genes
2024-09-08 01:07:30.996673 - Find markers for: other
2024-09-08 01:07:39.225554 - Find markers for: random
2024-09-08 01:07:47.436136 - Building Table
** Done! **

                                 gene        logFC log.p.value   log.FDR
ENSMUSG00000026532 ENSMUSG00000026532 0.0027138279   -15.80920 -6.093611
ENSMUSG00000043782 ENSMUSG00000043782 0.0023946214   -14.92269 -5.900247
ENSMUSG00000033501 ENSMUSG00000033501 0.0005451141   -12.94731 -4.330336
ENSMUSG00000045775 ENSMUSG00000045775 0.0036893208   -11.81639 -3.487092
ENSMUSG00000075543 ENSMUSG00000075543 0.0015142651   -10.75494 -2.806831
ENSMUSG00000019762 ENSMUSG00000019762 0.0048322729   -10.73066 -2.806831
                   std.logFC cellType.target std.logFC.rank     std.logFC.anno
ENSMUSG00000026532 0.1278132          random              1  std logFC = 0.128
ENSMUSG00000043782 0.1236065          random              2  std logFC = 0.124
ENSMUSG00000033501 0.1137174          random              3  std logFC = 0.114
ENSMUSG00000045775 0.1076819          random              4  std logFC = 0.108
ENSMUSG00000075543 0.1017217          random              5  std logFC = 0.102
ENSMUSG00000019762 0.1015817          random              6  std logFC = 0.102
[1] 189
Running 1vALL Testing for up-regulated genes
2024-09-08 01:07:47.645289 - Find markers for: other
2024-09-08 01:07:56.100087 - Find markers for: random
2024-09-08 01:08:04.383199 - Building Table
** Done! **

                                 gene        logFC log.p.value   log.FDR
ENSMUSG00000005980 ENSMUSG00000005980 0.0041227833   -15.75779 -6.042196
ENSMUSG00000029503 ENSMUSG00000029503 0.0030478535   -14.82641 -5.803964
ENSMUSG00000021678 ENSMUSG00000021678 0.0007337394   -14.07724 -5.716978
ENSMUSG00000037446 ENSMUSG00000037446 0.0036355188   -14.04627 -5.716978
ENSMUSG00000039232 ENSMUSG00000039232 0.0055387797   -12.80694 -4.700784
ENSMUSG00000070980 ENSMUSG00000070980 0.0012984531   -12.41010 -4.486271
                   std.logFC cellType.target std.logFC.rank     std.logFC.anno
ENSMUSG00000005980 0.1277121          random              1  std logFC = 0.128
ENSMUSG00000029503 0.1232761          random              2  std logFC = 0.123
ENSMUSG00000021678 0.1195973          random              3   std logFC = 0.12
ENSMUSG00000037446 0.1194430          random              4  std logFC = 0.119
ENSMUSG00000039232 0.1131078          random              5  std logFC = 0.113
ENSMUSG00000070980 0.1110091          random              6  std logFC = 0.111
[1] 190
Running 1vALL Testing for up-regulated genes
2024-09-08 01:08:04.599124 - Find markers for: other
2024-09-08 01:08:12.983905 - Find markers for: random
2024-09-08 01:08:21.320735 - Building Table
** Done! **

                                 gene        logFC log.p.value   log.FDR
ENSMUSG00000001943 ENSMUSG00000001943 0.0112344880  -11.605410 -1.952791
ENSMUSG00000024266 ENSMUSG00000024266 0.0025650511  -10.442488 -1.952791
ENSMUSG00000049307 ENSMUSG00000049307 0.0019702312  -10.415420 -1.952791
ENSMUSG00000003341 ENSMUSG00000003341 0.0038834934  -10.217318 -1.952791
ENSMUSG00000033963 ENSMUSG00000033963 0.0031159535  -10.058943 -1.952791
ENSMUSG00000020383 ENSMUSG00000020383 0.0003011211   -9.575308 -1.651477
                    std.logFC cellType.target std.logFC.rank     std.logFC.anno
ENSMUSG00000001943 0.10647511          random              1  std logFC = 0.106
ENSMUSG00000024266 0.09986268          random              2    std logFC = 0.1
ENSMUSG00000049307 0.09970405          random              3    std logFC = 0.1
ENSMUSG00000003341 0.09853613          random              4  std logFC = 0.099
ENSMUSG00000033963 0.09759338          random              5  std logFC = 0.098
ENSMUSG00000020383 0.09466248          random              6  std logFC = 0.095
[1] 191
Running 1vALL Testing for up-regulated genes
2024-09-08 01:08:21.530287 - Find markers for: other
2024-09-08 01:08:29.879503 - Find markers for: random
2024-09-08 01:08:38.191269 - Building Table
** Done! **

                                 gene        logFC log.p.value   log.FDR
ENSMUSG00000022209 ENSMUSG00000022209 0.0034924072  -14.063109 -4.347518
ENSMUSG00000090874 ENSMUSG00000090874 0.0007785281  -12.241616 -3.219173
ENSMUSG00000058669 ENSMUSG00000058669 0.0037584804   -9.566877 -1.303851
ENSMUSG00000038236 ENSMUSG00000038236 0.0018813562   -9.269406 -1.303851
ENSMUSG00000025728 ENSMUSG00000025728 0.0343897078   -9.264089 -1.303851
ENSMUSG00000089876 ENSMUSG00000089876 0.0016247054   -8.644814 -1.303851
                    std.logFC cellType.target std.logFC.rank     std.logFC.anno
ENSMUSG00000022209 0.11894297          random              1  std logFC = 0.119
ENSMUSG00000090874 0.10956904          random              2   std logFC = 0.11
ENSMUSG00000058669 0.09429226          random              3  std logFC = 0.094
ENSMUSG00000038236 0.09245386          random              4  std logFC = 0.092
ENSMUSG00000025728 0.09242070          random              5  std logFC = 0.092
ENSMUSG00000089876 0.08848386          random              6  std logFC = 0.088
[1] 192
Running 1vALL Testing for up-regulated genes
2024-09-08 01:08:38.40169 - Find markers for: other
2024-09-08 01:08:46.659197 - Find markers for: random
2024-09-08 01:08:54.919526 - Building Table
** Done! **

                                 gene        logFC log.p.value    log.FDR
ENSMUSG00000057454 ENSMUSG00000057454 0.0009459795   -19.75678 -10.041189
ENSMUSG00000020630 ENSMUSG00000020630 0.0282646860   -13.57204  -4.549596
ENSMUSG00000027524 ENSMUSG00000027524 0.0068207235   -12.34772  -3.730738
ENSMUSG00000035626 ENSMUSG00000035626 0.0008937054   -11.21533  -3.150645
ENSMUSG00000024682 ENSMUSG00000024682 0.0050633520   -11.07762  -3.150645
ENSMUSG00000075122 ENSMUSG00000075122 0.0147583918   -11.00144  -3.150645
                   std.logFC cellType.target std.logFC.rank     std.logFC.anno
ENSMUSG00000057454 0.1449371          random              1  std logFC = 0.145
ENSMUSG00000020630 0.1167512          random              2  std logFC = 0.117
ENSMUSG00000027524 0.1103875          random              3   std logFC = 0.11
ENSMUSG00000035626 0.1041867          random              4  std logFC = 0.104
ENSMUSG00000024682 0.1034095          random              5  std logFC = 0.103
ENSMUSG00000075122 0.1029773          random              6  std logFC = 0.103
[1] 193
Running 1vALL Testing for up-regulated genes
2024-09-08 01:08:55.121382 - Find markers for: other
2024-09-08 01:09:03.387434 - Find markers for: random
2024-09-08 01:09:11.61517 - Building Table
** Done! **

                                 gene        logFC log.p.value   log.FDR
ENSMUSG00000075502 ENSMUSG00000075502 0.0022512497   -16.23694 -6.521346
ENSMUSG00000031383 ENSMUSG00000031383 0.0020671959   -11.50221 -2.611872
ENSMUSG00000070504 ENSMUSG00000070504 0.0005619551   -11.14466 -2.611872
ENSMUSG00000058620 ENSMUSG00000058620 0.0054419605   -10.79348 -2.611872
ENSMUSG00000067219 ENSMUSG00000067219 0.0016018985   -10.56249 -2.611872
ENSMUSG00000090215 ENSMUSG00000090215 0.0022437084   -10.40545 -2.611872
                    std.logFC cellType.target std.logFC.rank     std.logFC.anno
ENSMUSG00000075502 0.12953087          random              1   std logFC = 0.13
ENSMUSG00000031383 0.10573202          random              2  std logFC = 0.106
ENSMUSG00000070504 0.10373270          random              3  std logFC = 0.104
ENSMUSG00000058620 0.10173440          random              4  std logFC = 0.102
ENSMUSG00000067219 0.10040042          random              5    std logFC = 0.1
ENSMUSG00000090215 0.09948427          random              6  std logFC = 0.099
[1] 194
Running 1vALL Testing for up-regulated genes
2024-09-08 01:09:11.808451 - Find markers for: other
2024-09-08 01:09:20.18001 - Find markers for: random
2024-09-08 01:09:28.553782 - Building Table
** Done! **

                                 gene        logFC log.p.value   log.FDR
ENSMUSG00000039264 ENSMUSG00000039264 0.0013487930  -16.255643 -6.540052
ENSMUSG00000047898 ENSMUSG00000047898 0.0022965984  -12.179115 -3.156672
ENSMUSG00000034785 ENSMUSG00000034785 0.0006950649  -10.404833 -1.787855
ENSMUSG00000074277 ENSMUSG00000074277 0.0035863478  -10.081213 -1.751917
ENSMUSG00000074378 ENSMUSG00000074378 0.0016418534   -9.634657 -1.598851
ENSMUSG00000036672 ENSMUSG00000036672 0.0242204573   -9.522682 -1.598851
                    std.logFC cellType.target std.logFC.rank     std.logFC.anno
ENSMUSG00000039264 0.12958382          random              1   std logFC = 0.13
ENSMUSG00000047898 0.10939787          random              2  std logFC = 0.109
ENSMUSG00000034785 0.09945530          random              3  std logFC = 0.099
ENSMUSG00000074277 0.09754338          random              4  std logFC = 0.098
ENSMUSG00000074378 0.09484850          random              5  std logFC = 0.095
ENSMUSG00000036672 0.09416194          random              6  std logFC = 0.094
[1] 195
Running 1vALL Testing for up-regulated genes
2024-09-08 01:09:28.765852 - Find markers for: other
2024-09-08 01:09:37.600431 - Find markers for: random
2024-09-08 01:09:46.09334 - Building Table
** Done! **

                                 gene        logFC log.p.value   log.FDR
ENSMUSG00000079277 ENSMUSG00000079277 0.0011616702   -15.09624 -5.380652
ENSMUSG00000023906 ENSMUSG00000023906 0.0006705668   -13.94894 -4.926495
ENSMUSG00000025955 ENSMUSG00000025955 0.0015008267   -13.39659 -4.779614
ENSMUSG00000107822 ENSMUSG00000107822 0.0011704334   -12.82329 -4.493989
ENSMUSG00000098022 ENSMUSG00000098022 0.0208483835   -12.02889 -3.922742
ENSMUSG00000031919 ENSMUSG00000031919 0.0023646612   -11.56934 -3.717134
                   std.logFC cellType.target std.logFC.rank     std.logFC.anno
ENSMUSG00000079277 0.1246050          random              1  std logFC = 0.125
ENSMUSG00000023906 0.1189840          random              2  std logFC = 0.119
ENSMUSG00000025955 0.1161883          random              3  std logFC = 0.116
ENSMUSG00000107822 0.1132194          random              4  std logFC = 0.113
ENSMUSG00000098022 0.1089832          random              5  std logFC = 0.109
ENSMUSG00000031919 0.1064623          random              6  std logFC = 0.106
[1] 196
Running 1vALL Testing for up-regulated genes
2024-09-08 01:09:46.298841 - Find markers for: other
2024-09-08 01:09:54.646816 - Find markers for: random
2024-09-08 01:10:02.870526 - Building Table
** Done! **

                                 gene        logFC log.p.value   log.FDR
ENSMUSG00000027547 ENSMUSG00000027547 0.0047613465  -14.483031 -4.785465
ENSMUSG00000027528 ENSMUSG00000027528 0.0007681833  -13.807908 -4.785465
ENSMUSG00000029503 ENSMUSG00000029503 0.0027680750  -12.587574 -3.970596
ENSMUSG00000037610 ENSMUSG00000037610 0.0515561780  -10.333633 -2.004337
ENSMUSG00000039555 ENSMUSG00000039555 0.0005699863  -10.069670 -1.963517
ENSMUSG00000036110 ENSMUSG00000036110 0.0008682919   -9.564778 -1.783131
                    std.logFC cellType.target std.logFC.rank     std.logFC.anno
ENSMUSG00000027547 0.12159933          random              1  std logFC = 0.122
ENSMUSG00000027528 0.11824553          random              2  std logFC = 0.118
ENSMUSG00000029503 0.11194895          random              3  std logFC = 0.112
ENSMUSG00000037610 0.09937212          random              4  std logFC = 0.099
ENSMUSG00000039555 0.09780389          random              5  std logFC = 0.098
ENSMUSG00000036110 0.09473958          random              6  std logFC = 0.095
[1] 197
Running 1vALL Testing for up-regulated genes
2024-09-08 01:10:03.087534 - Find markers for: other
2024-09-08 01:10:11.433397 - Find markers for: random
2024-09-08 01:10:19.782374 - Building Table
** Done! **

                                 gene        logFC log.p.value   log.FDR
ENSMUSG00000034435 ENSMUSG00000034435 0.0005045363   -11.66392 -3.055593
ENSMUSG00000031481 ENSMUSG00000031481 0.0077224347   -11.46077 -3.055593
ENSMUSG00000035142 ENSMUSG00000035142 0.0402015576   -11.41571 -3.055593
ENSMUSG00000040808 ENSMUSG00000040808 0.0049382225   -11.38489 -3.055593
ENSMUSG00000029656 ENSMUSG00000029656 0.0030409187   -11.03465 -2.928493
ENSMUSG00000032099 ENSMUSG00000032099 0.0021585850   -10.67520 -2.751373
                   std.logFC cellType.target std.logFC.rank     std.logFC.anno
ENSMUSG00000034435 0.1070700          random              1  std logFC = 0.107
ENSMUSG00000031481 0.1059424          random              2  std logFC = 0.106
ENSMUSG00000035142 0.1056908          random              3  std logFC = 0.106
ENSMUSG00000040808 0.1055183          random              4  std logFC = 0.106
ENSMUSG00000029656 0.1035408          random              5  std logFC = 0.104
ENSMUSG00000032099 0.1014750          random              6  std logFC = 0.101
[1] 198
Running 1vALL Testing for up-regulated genes
2024-09-08 01:10:19.991918 - Find markers for: other
2024-09-08 01:10:28.35074 - Find markers for: random
2024-09-08 01:10:36.687029 - Building Table
** Done! **

                                 gene        logFC log.p.value   log.FDR
ENSMUSG00000024738 ENSMUSG00000024738 0.0007303722  -16.990369 -7.274778
ENSMUSG00000035861 ENSMUSG00000035861 0.0012401325  -12.855562 -3.833119
ENSMUSG00000053375 ENSMUSG00000053375 0.0018717536  -11.708260 -3.091282
ENSMUSG00000061809 ENSMUSG00000061809 0.0006712736  -11.405888 -3.076592
ENSMUSG00000027360 ENSMUSG00000027360 0.0142875228  -10.008869 -1.902717
ENSMUSG00000022554 ENSMUSG00000022554 0.0104201491   -9.462894 -1.584285
                    std.logFC cellType.target std.logFC.rank     std.logFC.anno
ENSMUSG00000024738 0.13335085          random              1  std logFC = 0.133
ENSMUSG00000035861 0.11334577          random              2  std logFC = 0.113
ENSMUSG00000053375 0.10718973          random              3  std logFC = 0.107
ENSMUSG00000061809 0.10551282          random              4  std logFC = 0.106
ENSMUSG00000027360 0.09742786          random              5  std logFC = 0.097
ENSMUSG00000022554 0.09409922          random              6  std logFC = 0.094
[1] 199
Running 1vALL Testing for up-regulated genes
2024-09-08 01:10:36.873331 - Find markers for: other
2024-09-08 01:10:45.138668 - Find markers for: random
2024-09-08 01:10:53.464768 - Building Table
** Done! **

                                 gene        logFC log.p.value   log.FDR
ENSMUSG00000028716 ENSMUSG00000028716 0.0018952439   -14.83824 -5.122646
ENSMUSG00000003555 ENSMUSG00000003555 0.0006675783   -13.37025 -4.347810
ENSMUSG00000019893 ENSMUSG00000019893 0.0058343668   -10.62001 -2.245848
ENSMUSG00000028116 ENSMUSG00000028116 0.0098379596   -10.57514 -2.245848
ENSMUSG00000038417 ENSMUSG00000038417 0.0431794582   -10.22371 -2.117555
ENSMUSG00000021469 ENSMUSG00000021469 0.0037088051   -10.02021 -2.096374
                    std.logFC cellType.target std.logFC.rank     std.logFC.anno
ENSMUSG00000028716 0.12300973          random              1  std logFC = 0.123
ENSMUSG00000003555 0.11572239          random              2  std logFC = 0.116
ENSMUSG00000019893 0.10078634          random              3  std logFC = 0.101
ENSMUSG00000028116 0.10052603          random              4  std logFC = 0.101
ENSMUSG00000038417 0.09846548          random              5  std logFC = 0.098
ENSMUSG00000021469 0.09725436          random              6  std logFC = 0.097
[1] 200
Running 1vALL Testing for up-regulated genes
2024-09-08 01:10:53.675237 - Find markers for: other
2024-09-08 01:11:01.951333 - Find markers for: random
2024-09-08 01:11:10.293559 - Building Table
** Done! **

                                 gene        logFC log.p.value   log.FDR
ENSMUSG00000030954 ENSMUSG00000030954 0.0008163386   -12.68089 -2.965304
ENSMUSG00000020405 ENSMUSG00000020405 0.0024365458   -11.88060 -2.858157
ENSMUSG00000031138 ENSMUSG00000031138 0.0020393185   -10.83917 -2.477286
ENSMUSG00000095276 ENSMUSG00000095276 0.0013975878   -10.80658 -2.477286
ENSMUSG00000042616 ENSMUSG00000042616 0.0485724569   -10.56119 -2.455042
ENSMUSG00000040478 ENSMUSG00000040478 0.0007054747   -10.19907 -2.275243
                   std.logFC cellType.target std.logFC.rank     std.logFC.anno
ENSMUSG00000030954 0.1119542          random              1  std logFC = 0.112
ENSMUSG00000020405 0.1076786          random              2  std logFC = 0.108
ENSMUSG00000031138 0.1018711          random              3  std logFC = 0.102
ENSMUSG00000095276 0.1016846          random              4  std logFC = 0.102
ENSMUSG00000042616 0.1002696          random              5    std logFC = 0.1
ENSMUSG00000040478 0.0981479          random              6  std logFC = 0.098
[1] 201
Running 1vALL Testing for up-regulated genes
2024-09-08 01:11:10.502428 - Find markers for: other
2024-09-08 01:11:18.812374 - Find markers for: random
2024-09-08 01:11:27.068849 - Building Table
** Done! **

                                 gene        logFC log.p.value   log.FDR
ENSMUSG00000019429 ENSMUSG00000019429 0.0011919113  -15.943480 -6.227890
ENSMUSG00000039209 ENSMUSG00000039209 0.0009638962  -10.490695 -1.594950
ENSMUSG00000040478 ENSMUSG00000040478 0.0007045200  -10.162234 -1.594950
ENSMUSG00000036606 ENSMUSG00000036606 0.0278486231   -9.897881 -1.594950
ENSMUSG00000057135 ENSMUSG00000057135 0.0015552388   -9.701103 -1.594950
ENSMUSG00000036855 ENSMUSG00000036855 0.0015830790   -9.507942 -1.584111
                    std.logFC cellType.target std.logFC.rank     std.logFC.anno
ENSMUSG00000019429 0.12812943          random              1  std logFC = 0.128
ENSMUSG00000039209 0.09994657          random              2    std logFC = 0.1
ENSMUSG00000040478 0.09801493          random              3  std logFC = 0.098
ENSMUSG00000036606 0.09643508          random              4  std logFC = 0.096
ENSMUSG00000057135 0.09524384          random              5  std logFC = 0.095
ENSMUSG00000036855 0.09406139          random              6  std logFC = 0.094
[1] 202
Running 1vALL Testing for up-regulated genes
2024-09-08 01:11:27.259481 - Find markers for: other
2024-09-08 01:11:35.553705 - Find markers for: random
2024-09-08 01:11:43.773397 - Building Table
** Done! **

                                 gene        logFC log.p.value   log.FDR
ENSMUSG00000038209 ENSMUSG00000038209 0.0008960509  -13.878409 -4.673474
ENSMUSG00000070495 ENSMUSG00000070495 0.0045270133  -13.695917 -4.673474
ENSMUSG00000063447 ENSMUSG00000063447 0.0016361280  -12.544090 -3.927112
ENSMUSG00000043664 ENSMUSG00000043664 0.0003553464  -12.102861 -3.773565
ENSMUSG00000108022 ENSMUSG00000108022 0.0013104699   -9.753117 -1.844579
ENSMUSG00000058669 ENSMUSG00000058669 0.0038098034   -9.746876 -1.844579
                    std.logFC cellType.target std.logFC.rank     std.logFC.anno
ENSMUSG00000038209 0.11826047          random              1  std logFC = 0.118
ENSMUSG00000070495 0.11734390          random              2  std logFC = 0.117
ENSMUSG00000063447 0.11139888          random              3  std logFC = 0.111
ENSMUSG00000043664 0.10904289          random              4  std logFC = 0.109
ENSMUSG00000108022 0.09561850          random              5  std logFC = 0.096
ENSMUSG00000058669 0.09558059          random              6  std logFC = 0.096
[1] 203
Running 1vALL Testing for up-regulated genes
2024-09-08 01:11:43.982055 - Find markers for: other
2024-09-08 01:11:52.306676 - Find markers for: random
2024-09-08 01:12:00.672993 - Building Table
** Done! **

                                 gene       logFC log.p.value   log.FDR
ENSMUSG00000030612 ENSMUSG00000030612 0.030942065  -15.528114 -5.812524
ENSMUSG00000002732 ENSMUSG00000002732 0.026738048  -13.155008 -4.132565
ENSMUSG00000017607 ENSMUSG00000017607 0.004250193  -11.740435 -3.123457
ENSMUSG00000001520 ENSMUSG00000001520 0.026972260  -10.513307 -2.184011
ENSMUSG00000059323 ENSMUSG00000059323 0.009536461   -9.855014 -2.025841
ENSMUSG00000052396 ENSMUSG00000052396 0.001339784   -9.834714 -2.025841
                    std.logFC cellType.target std.logFC.rank     std.logFC.anno
ENSMUSG00000030612 0.12636686          random              1  std logFC = 0.126
ENSMUSG00000002732 0.11467923          random              2  std logFC = 0.115
ENSMUSG00000017607 0.10715803          random              3  std logFC = 0.107
ENSMUSG00000001520 0.10021979          random              4    std logFC = 0.1
ENSMUSG00000059323 0.09631266          random              5  std logFC = 0.096
ENSMUSG00000052396 0.09618991          random              6  std logFC = 0.096
[1] 204
Running 1vALL Testing for up-regulated genes
2024-09-08 01:12:00.872959 - Find markers for: other
2024-09-08 01:12:09.258912 - Find markers for: random
2024-09-08 01:12:17.620128 - Building Table
** Done! **

                                 gene        logFC log.p.value   log.FDR
ENSMUSG00000039814 ENSMUSG00000039814 0.0043592061   -18.91420 -9.198606
ENSMUSG00000102418 ENSMUSG00000102418 0.0025091214   -17.48163 -8.459183
ENSMUSG00000036615 ENSMUSG00000036615 0.0378998234   -14.72627 -6.109293
ENSMUSG00000055827 ENSMUSG00000055827 0.0005590442   -13.94693 -5.617634
ENSMUSG00000024224 ENSMUSG00000024224 0.0010227056   -13.63257 -5.526420
ENSMUSG00000023993 ENSMUSG00000023993 0.0034445595   -13.21870 -5.294870
                   std.logFC cellType.target std.logFC.rank     std.logFC.anno
ENSMUSG00000039814 0.1417071          random              1  std logFC = 0.142
ENSMUSG00000102418 0.1354962          random              2  std logFC = 0.135
ENSMUSG00000036615 0.1227289          random              3  std logFC = 0.123
ENSMUSG00000055827 0.1188872          random              4  std logFC = 0.119
ENSMUSG00000024224 0.1173046          random              5  std logFC = 0.117
ENSMUSG00000023993 0.1151906          random              6  std logFC = 0.115
[1] 205
Running 1vALL Testing for up-regulated genes
2024-09-08 01:12:17.837055 - Find markers for: other
2024-09-08 01:12:26.235496 - Find markers for: random
2024-09-08 01:12:34.551562 - Building Table
** Done! **

                                 gene        logFC log.p.value   log.FDR
ENSMUSG00000039209 ENSMUSG00000039209 0.0011328212   -13.64984 -3.934254
ENSMUSG00000026581 ENSMUSG00000026581 0.0020983443   -12.92578 -3.903332
ENSMUSG00000101031 ENSMUSG00000101031 0.0008957556   -11.86183 -3.244855
ENSMUSG00000021886 ENSMUSG00000021886 0.0029798350   -11.29500 -3.182582
ENSMUSG00000002384 ENSMUSG00000002384 0.0180608378   -11.28874 -3.182582
ENSMUSG00000073876 ENSMUSG00000073876 0.0015956481   -10.79377 -2.869935
                   std.logFC cellType.target std.logFC.rank     std.logFC.anno
ENSMUSG00000039209 0.1174786          random              1  std logFC = 0.117
ENSMUSG00000026581 0.1137562          random              2  std logFC = 0.114
ENSMUSG00000101031 0.1080738          random              3  std logFC = 0.108
ENSMUSG00000021886 0.1049320          random              4  std logFC = 0.105
ENSMUSG00000002384 0.1048968          random              5  std logFC = 0.105
ENSMUSG00000073876 0.1020808          random              6  std logFC = 0.102
[1] 206
Running 1vALL Testing for up-regulated genes
2024-09-08 01:12:34.741869 - Find markers for: other
2024-09-08 01:12:43.137527 - Find markers for: random
2024-09-08 01:12:51.671741 - Building Table
** Done! **

                                 gene        logFC log.p.value   log.FDR
ENSMUSG00000071172 ENSMUSG00000071172 0.0792927491   -15.20317 -5.526537
ENSMUSG00000026009 ENSMUSG00000026009 0.0032362705   -14.38223 -5.526537
ENSMUSG00000032691 ENSMUSG00000032691 0.0097885775   -14.10163 -5.526537
ENSMUSG00000038209 ENSMUSG00000038209 0.0008959678   -13.85583 -5.526537
ENSMUSG00000024365 ENSMUSG00000024365 0.0004760849   -13.08175 -5.107924
ENSMUSG00000040148 ENSMUSG00000040148 0.0033498286   -13.00903 -5.107924
                   std.logFC cellType.target std.logFC.rank     std.logFC.anno
ENSMUSG00000071172 0.1248343          random              1  std logFC = 0.125
ENSMUSG00000026009 0.1208617          random              2  std logFC = 0.121
ENSMUSG00000032691 0.1194758          random              3  std logFC = 0.119
ENSMUSG00000038209 0.1182494          random              4  std logFC = 0.118
ENSMUSG00000024365 0.1143079          random              5  std logFC = 0.114
ENSMUSG00000040148 0.1139312          random              6  std logFC = 0.114
[1] 207
Running 1vALL Testing for up-regulated genes
2024-09-08 01:12:51.882056 - Find markers for: other
2024-09-08 01:13:00.369835 - Find markers for: random
2024-09-08 01:13:08.802055 - Building Table
** Done! **

                                 gene        logFC log.p.value   log.FDR
ENSMUSG00000075031 ENSMUSG00000075031 0.0074382451  -18.087594 -8.372003
ENSMUSG00000029706 ENSMUSG00000029706 0.0005570317  -13.822389 -4.799946
ENSMUSG00000089728 ENSMUSG00000089728 0.0018545145  -11.867967 -3.250989
ENSMUSG00000044199 ENSMUSG00000044199 0.0026356400  -11.448860 -3.119563
ENSMUSG00000030484 ENSMUSG00000030484 0.0007394596   -9.739431 -1.633279
ENSMUSG00000075420 ENSMUSG00000075420 0.0050358917   -9.500660 -1.576829
                    std.logFC cellType.target std.logFC.rank     std.logFC.anno
ENSMUSG00000075031 0.13804612          random              1  std logFC = 0.138
ENSMUSG00000029706 0.11816900          random              2  std logFC = 0.118
ENSMUSG00000089728 0.10794226          random              3  std logFC = 0.108
ENSMUSG00000044199 0.10563165          random              4  std logFC = 0.106
ENSMUSG00000030484 0.09568855          random              5  std logFC = 0.096
ENSMUSG00000075420 0.09422495          random              6  std logFC = 0.094
[1] 208
Running 1vALL Testing for up-regulated genes
2024-09-08 01:13:08.99276 - Find markers for: random
2024-09-08 01:13:17.256202 - Find markers for: other
2024-09-08 01:13:25.55449 - Building Table
** Done! **

                                 gene        logFC log.p.value   log.FDR
ENSMUSG00000089960 ENSMUSG00000089960 0.0009189917  -13.708928 -3.993338
ENSMUSG00000030474 ENSMUSG00000030474 0.0036432318  -12.481799 -3.599911
ENSMUSG00000037335 ENSMUSG00000037335 0.0009341845  -12.216890 -3.599911
ENSMUSG00000109718 ENSMUSG00000109718 0.0018544565  -11.304875 -2.975578
ENSMUSG00000025081 ENSMUSG00000025081 0.0032947262  -10.023635 -2.025867
ENSMUSG00000091813 ENSMUSG00000091813 0.0009840606   -9.618203 -2.025867
                    std.logFC cellType.target std.logFC.rank     std.logFC.anno
ENSMUSG00000089960 0.11753865          random              1  std logFC = 0.118
ENSMUSG00000030474 0.11119126          random              2  std logFC = 0.111
ENSMUSG00000037335 0.10977685          random              3   std logFC = 0.11
ENSMUSG00000109718 0.10477448          random              4  std logFC = 0.105
ENSMUSG00000025081 0.09735599          random              5  std logFC = 0.097
ENSMUSG00000091813 0.09490027          random              6  std logFC = 0.095
[1] 209
Running 1vALL Testing for up-regulated genes
2024-09-08 01:13:25.802933 - Find markers for: other
2024-09-08 01:13:34.188038 - Find markers for: random
2024-09-08 01:13:42.533815 - Building Table
** Done! **

                                 gene       logFC log.p.value   log.FDR
ENSMUSG00000029522 ENSMUSG00000029522 0.002602866   -17.20362 -7.488029
ENSMUSG00000039321 ENSMUSG00000039321 0.001013234   -13.33534 -4.312898
ENSMUSG00000037053 ENSMUSG00000037053 0.001599623   -11.51810 -3.234263
ENSMUSG00000020838 ENSMUSG00000020838 0.003493638   -11.46821 -3.234263
ENSMUSG00000003119 ENSMUSG00000003119 0.079314303   -11.34042 -3.234263
ENSMUSG00000040554 ENSMUSG00000040554 0.001234964   -11.13235 -3.208514
                   std.logFC cellType.target std.logFC.rank     std.logFC.anno
ENSMUSG00000029522 0.1342192          random              1  std logFC = 0.134
ENSMUSG00000039321 0.1157551          random              2  std logFC = 0.116
ENSMUSG00000037053 0.1060685          random              3  std logFC = 0.106
ENSMUSG00000020838 0.1057912          random              4  std logFC = 0.106
ENSMUSG00000003119 0.1050777          random              5  std logFC = 0.105
ENSMUSG00000040554 0.1039066          random              6  std logFC = 0.104
[1] 210
Running 1vALL Testing for up-regulated genes
2024-09-08 01:13:42.759692 - Find markers for: other
2024-09-08 01:13:50.994891 - Find markers for: random
2024-09-08 01:13:59.244962 - Building Table
** Done! **

                                 gene        logFC log.p.value   log.FDR
ENSMUSG00000062564 ENSMUSG00000062564 0.0016504956   -12.83023 -3.114638
ENSMUSG00000030470 ENSMUSG00000030470 0.0012957102   -11.51475 -2.698025
ENSMUSG00000040165 ENSMUSG00000040165 0.0031663701   -11.31500 -2.698025
ENSMUSG00000025519 ENSMUSG00000025519 0.0009897081   -11.00758 -2.678288
ENSMUSG00000024851 ENSMUSG00000024851 0.0333182252   -10.62853 -2.522375
ENSMUSG00000033430 ENSMUSG00000033430 0.0303847031   -10.27894 -2.355110
                    std.logFC cellType.target std.logFC.rank     std.logFC.anno
ENSMUSG00000062564 0.11273296          random              1  std logFC = 0.113
ENSMUSG00000030470 0.10566921          random              2  std logFC = 0.106
ENSMUSG00000040165 0.10455865          random              3  std logFC = 0.105
ENSMUSG00000025519 0.10282816          random              4  std logFC = 0.103
ENSMUSG00000024851 0.10065737          random              5  std logFC = 0.101
ENSMUSG00000033430 0.09861717          random              6  std logFC = 0.099
[1] 211
Running 1vALL Testing for up-regulated genes
2024-09-08 01:13:59.455516 - Find markers for: other
2024-09-08 01:14:07.955843 - Find markers for: random
2024-09-08 01:14:16.345421 - Building Table
** Done! **

                                 gene        logFC log.p.value   log.FDR
ENSMUSG00000063549 ENSMUSG00000063549 0.0010510310   -13.90645 -4.190860
ENSMUSG00000050158 ENSMUSG00000050158 0.0008914865   -13.12439 -4.101943
ENSMUSG00000050370 ENSMUSG00000050370 0.0016574141   -12.45697 -3.933309
ENSMUSG00000070002 ENSMUSG00000070002 0.0533498402   -12.26260 -3.933309
ENSMUSG00000098022 ENSMUSG00000098022 0.0206732684   -11.92240 -3.816246
ENSMUSG00000049097 ENSMUSG00000049097 0.0162211360   -11.19556 -3.271725
                   std.logFC cellType.target std.logFC.rank     std.logFC.anno
ENSMUSG00000063549 0.1184024          random              1  std logFC = 0.118
ENSMUSG00000050158 0.1144312          random              2  std logFC = 0.114
ENSMUSG00000050370 0.1109389          random              3  std logFC = 0.111
ENSMUSG00000070002 0.1099028          random              4   std logFC = 0.11
ENSMUSG00000098022 0.1080673          random              5  std logFC = 0.108
ENSMUSG00000049097 0.1040472          random              6  std logFC = 0.104
[1] 212
Running 1vALL Testing for up-regulated genes
2024-09-08 01:14:16.547651 - Find markers for: other
2024-09-08 01:14:24.793951 - Find markers for: random
2024-09-08 01:14:33.078014 - Building Table
** Done! **

                                 gene        logFC log.p.value   log.FDR
ENSMUSG00000072419 ENSMUSG00000072419 0.0026419438  -11.484983 -2.060218
ENSMUSG00000091060 ENSMUSG00000091060 0.0023565226  -10.715166 -2.060218
ENSMUSG00000041479 ENSMUSG00000041479 0.0049302278  -10.665588 -2.060218
ENSMUSG00000030909 ENSMUSG00000030909 0.0058711305  -10.389514 -2.060218
ENSMUSG00000057375 ENSMUSG00000057375 0.0414965785   -9.461433 -1.505047
ENSMUSG00000076866 ENSMUSG00000076866 0.0005604532   -9.388661 -1.505047
                    std.logFC cellType.target std.logFC.rank     std.logFC.anno
ENSMUSG00000072419 0.10569422          random              1  std logFC = 0.106
ENSMUSG00000091060 0.10133925          random              2  std logFC = 0.101
ENSMUSG00000041479 0.10105295          random              3  std logFC = 0.101
ENSMUSG00000030909 0.09944516          random              4  std logFC = 0.099
ENSMUSG00000057375 0.09385965          random              5  std logFC = 0.094
ENSMUSG00000076866 0.09340908          random              6  std logFC = 0.093
[1] 213
Running 1vALL Testing for up-regulated genes
2024-09-08 01:14:33.272423 - Find markers for: random
2024-09-08 01:14:41.617393 - Find markers for: other
2024-09-08 01:14:49.892938 - Building Table
** Done! **

                                 gene       logFC log.p.value    log.FDR
ENSMUSG00000024973 ENSMUSG00000024973 0.003782048  -20.501966 -10.786376
ENSMUSG00000033196 ENSMUSG00000033196 0.002826888  -12.070850  -3.402665
ENSMUSG00000021228 ENSMUSG00000021228 0.003669950  -11.772527  -3.402665
ENSMUSG00000045232 ENSMUSG00000045232 0.001679342  -11.731961  -3.402665
ENSMUSG00000048582 ENSMUSG00000048582 0.001634416   -9.839807  -1.733655
ENSMUSG00000020638 ENSMUSG00000020638 0.017353918   -9.425571  -1.658405
                    std.logFC cellType.target std.logFC.rank     std.logFC.anno
ENSMUSG00000024973 0.14791527          random              1  std logFC = 0.148
ENSMUSG00000033196 0.10884517          random              2  std logFC = 0.109
ENSMUSG00000021228 0.10722349          random              3  std logFC = 0.107
ENSMUSG00000045232 0.10700124          random              4  std logFC = 0.107
ENSMUSG00000048582 0.09612165          random              5  std logFC = 0.096
ENSMUSG00000020638 0.09358887          random              6  std logFC = 0.094
[1] 214
Running 1vALL Testing for up-regulated genes
2024-09-08 01:14:50.104757 - Find markers for: other
2024-09-08 01:14:58.484429 - Find markers for: random
2024-09-08 01:15:06.762214 - Building Table
** Done! **

                                 gene       logFC log.p.value   log.FDR
ENSMUSG00000043807 ENSMUSG00000043807 0.003988842   -18.54228 -8.826694
ENSMUSG00000067578 ENSMUSG00000067578 0.012133470   -14.81798 -5.795540
ENSMUSG00000032064 ENSMUSG00000032064 0.077989677   -12.74302 -4.126045
ENSMUSG00000071089 ENSMUSG00000071089 0.001819913   -12.25846 -3.929168
ENSMUSG00000036401 ENSMUSG00000036401 0.001394450   -11.77925 -3.673098
ENSMUSG00000026725 ENSMUSG00000026725 0.001955839   -10.56232 -2.638492
                   std.logFC cellType.target std.logFC.rank     std.logFC.anno
ENSMUSG00000043807 0.1395351          random              1   std logFC = 0.14
ENSMUSG00000067578 0.1226599          random              2  std logFC = 0.123
ENSMUSG00000032064 0.1122456          random              3  std logFC = 0.112
ENSMUSG00000071089 0.1096829          random              4   std logFC = 0.11
ENSMUSG00000036401 0.1070934          random              5  std logFC = 0.107
ENSMUSG00000026725 0.1002456          random              6    std logFC = 0.1
[1] 215
Running 1vALL Testing for up-regulated genes
2024-09-08 01:15:06.976737 - Find markers for: other
2024-09-08 01:15:15.285939 - Find markers for: random
2024-09-08 01:15:23.603317 - Building Table
** Done! **

                                 gene       logFC log.p.value   log.FDR
ENSMUSG00000027514 ENSMUSG00000027514 0.003783528  -14.223631 -4.880149
ENSMUSG00000006642 ENSMUSG00000006642 0.001037490  -13.902592 -4.880149
ENSMUSG00000045631 ENSMUSG00000045631 0.003186439  -11.845413 -3.228435
ENSMUSG00000092164 ENSMUSG00000092164 0.001660642  -11.436870 -3.107573
ENSMUSG00000072511 ENSMUSG00000072511 0.003936977  -10.128574 -2.022421
ENSMUSG00000042729 ENSMUSG00000042729 0.024776975   -9.579103 -1.735185
                    std.logFC cellType.target std.logFC.rank     std.logFC.anno
ENSMUSG00000027514 0.11998662          random              1   std logFC = 0.12
ENSMUSG00000006642 0.11839129          random              2  std logFC = 0.118
ENSMUSG00000045631 0.10765540          random              3  std logFC = 0.108
ENSMUSG00000092164 0.10540463          random              4  std logFC = 0.105
ENSMUSG00000072511 0.09788305          random              5  std logFC = 0.098
ENSMUSG00000042729 0.09456425          random              6  std logFC = 0.095
[1] 216
Running 1vALL Testing for up-regulated genes
2024-09-08 01:15:23.816931 - Find markers for: other
2024-09-08 01:15:32.146804 - Find markers for: random
2024-09-08 01:15:40.395098 - Building Table
** Done! **

                                 gene        logFC log.p.value   log.FDR
ENSMUSG00000084128 ENSMUSG00000084128 0.0007592919   -10.81829 -1.606324
ENSMUSG00000075334 ENSMUSG00000075334 0.0167767383   -10.27154 -1.606324
ENSMUSG00000020052 ENSMUSG00000020052 0.0170730348    -9.78778 -1.606324
ENSMUSG00000000247 ENSMUSG00000000247 0.0377275966    -9.64672 -1.606324
ENSMUSG00000096773 ENSMUSG00000096773 0.0023157517    -9.53119 -1.606324
ENSMUSG00000027481 ENSMUSG00000027481 0.0011775437    -9.29384 -1.606324
                    std.logFC cellType.target std.logFC.rank     std.logFC.anno
ENSMUSG00000084128 0.10170204          random              1  std logFC = 0.102
ENSMUSG00000075334 0.09852773          random              2  std logFC = 0.099
ENSMUSG00000020052 0.09564033          random              3  std logFC = 0.096
ENSMUSG00000000247 0.09478356          random              4  std logFC = 0.095
ENSMUSG00000096773 0.09407666          random              5  std logFC = 0.094
ENSMUSG00000027481 0.09260929          random              6  std logFC = 0.093
[1] 217
Running 1vALL Testing for up-regulated genes
2024-09-08 01:15:40.632727 - Find markers for: other
2024-09-08 01:15:48.971232 - Find markers for: random
2024-09-08 01:15:57.320172 - Building Table
** Done! **

                                 gene       logFC log.p.value   log.FDR
ENSMUSG00000044429 ENSMUSG00000044429 0.002668023   -18.03040 -8.984435
ENSMUSG00000031757 ENSMUSG00000031757 0.001125351   -18.00688 -8.984435
ENSMUSG00000024986 ENSMUSG00000024986 0.007079017   -12.23059 -3.644451
ENSMUSG00000054435 ENSMUSG00000054435 0.001825218   -11.97375 -3.644451
ENSMUSG00000078577 ENSMUSG00000078577 0.001761283   -11.61746 -3.638750
ENSMUSG00000023243 ENSMUSG00000023243 0.009891706   -11.55879 -3.638750
                   std.logFC cellType.target std.logFC.rank     std.logFC.anno
ENSMUSG00000044429 0.1373628          random              1  std logFC = 0.137
ENSMUSG00000031757 0.1372607          random              2  std logFC = 0.137
ENSMUSG00000024986 0.1095590          random              3   std logFC = 0.11
ENSMUSG00000054435 0.1081761          random              4  std logFC = 0.108
ENSMUSG00000078577 0.1062306          random              5  std logFC = 0.106
ENSMUSG00000023243 0.1059071          random              6  std logFC = 0.106
[1] 218
Running 1vALL Testing for up-regulated genes
2024-09-08 01:15:57.534466 - Find markers for: other
2024-09-08 01:16:05.78256 - Find markers for: random
2024-09-08 01:16:14.104356 - Building Table
** Done! **

                                 gene        logFC log.p.value   log.FDR
ENSMUSG00000073421 ENSMUSG00000073421 0.0083371252   -14.97482 -5.259227
ENSMUSG00000052922 ENSMUSG00000052922 0.0007808746   -13.99255 -4.970111
ENSMUSG00000078127 ENSMUSG00000078127 0.0002905630   -12.67272 -4.077597
ENSMUSG00000034041 ENSMUSG00000034041 0.0162161416   -12.24852 -4.077597
ENSMUSG00000095304 ENSMUSG00000095304 0.0006954601   -12.18375 -4.077597
ENSMUSG00000047492 ENSMUSG00000047492 0.0023597333   -11.24526 -3.379753
                   std.logFC cellType.target std.logFC.rank     std.logFC.anno
ENSMUSG00000073421 0.1239348          random              1  std logFC = 0.124
ENSMUSG00000052922 0.1191190          random              2  std logFC = 0.119
ENSMUSG00000078127 0.1123493          random              3  std logFC = 0.112
ENSMUSG00000034041 0.1100924          random              4   std logFC = 0.11
ENSMUSG00000095304 0.1097441          random              5   std logFC = 0.11
ENSMUSG00000047492 0.1045784          random              6  std logFC = 0.105
[1] 219
Running 1vALL Testing for up-regulated genes
2024-09-08 01:16:14.311648 - Find markers for: other
2024-09-08 01:16:22.647438 - Find markers for: random
2024-09-08 01:16:30.980694 - Building Table
** Done! **

                                 gene        logFC log.p.value   log.FDR
ENSMUSG00000097886 ENSMUSG00000097886 0.0018280041   -14.21555 -4.776494
ENSMUSG00000027528 ENSMUSG00000027528 0.0007668909   -13.79894 -4.776494
ENSMUSG00000110573 ENSMUSG00000110573 0.0018281000   -11.51496 -3.056360
ENSMUSG00000025317 ENSMUSG00000025317 0.0108750379   -11.34122 -3.056360
ENSMUSG00000038259 ENSMUSG00000038259 0.0032011106   -11.15309 -3.056360
ENSMUSG00000045291 ENSMUSG00000045291 0.0013630883   -10.83667 -3.056360
                   std.logFC cellType.target std.logFC.rank     std.logFC.anno
ENSMUSG00000097886 0.1201244          random              1   std logFC = 0.12
ENSMUSG00000027528 0.1180465          random              2  std logFC = 0.118
ENSMUSG00000110573 0.1059950          random              3  std logFC = 0.106
ENSMUSG00000025317 0.1050267          random              4  std logFC = 0.105
ENSMUSG00000038259 0.1039689          random              5  std logFC = 0.104
ENSMUSG00000045291 0.1021675          random              6  std logFC = 0.102
[1] 220
Running 1vALL Testing for up-regulated genes
2024-09-08 01:16:31.20151 - Find markers for: other
2024-09-08 01:16:39.491777 - Find markers for: random
2024-09-08 01:16:47.911409 - Building Table
** Done! **

                                 gene        logFC log.p.value   log.FDR
ENSMUSG00000089960 ENSMUSG00000089960 0.0009206625   -13.70820 -3.992608
ENSMUSG00000056758 ENSMUSG00000056758 0.0053359351   -10.80595 -2.348153
ENSMUSG00000029503 ENSMUSG00000029503 0.0025072524   -10.67777 -2.348153
ENSMUSG00000040592 ENSMUSG00000040592 0.0018866092   -10.67745 -2.348153
ENSMUSG00000011884 ENSMUSG00000011884 0.0207728276   -10.30128 -2.195129
ENSMUSG00000034239 ENSMUSG00000034239 0.0013115706   -10.07330 -2.149470
                    std.logFC cellType.target std.logFC.rank     std.logFC.anno
ENSMUSG00000089960 0.11775234          random              1  std logFC = 0.118
ENSMUSG00000056758 0.10213225          random              2  std logFC = 0.102
ENSMUSG00000029503 0.10139210          random              3  std logFC = 0.101
ENSMUSG00000040592 0.10139022          random              4  std logFC = 0.101
ENSMUSG00000011884 0.09918922          random              5  std logFC = 0.099
ENSMUSG00000034239 0.09783361          random              6  std logFC = 0.098
[1] 221
Running 1vALL Testing for up-regulated genes
2024-09-08 01:16:48.121106 - Find markers for: other
2024-09-08 01:16:56.587884 - Find markers for: random
2024-09-08 01:17:04.908825 - Building Table
** Done! **

                                 gene       logFC log.p.value    log.FDR
ENSMUSG00000025328 ENSMUSG00000025328 0.002304615   -23.62151 -13.905917
ENSMUSG00000038236 ENSMUSG00000038236 0.002600252   -15.85805  -7.027813
ENSMUSG00000046031 ENSMUSG00000046031 0.004671069   -15.64479  -7.027813
ENSMUSG00000037185 ENSMUSG00000037185 0.003148133   -11.87576  -3.546468
ENSMUSG00000070713 ENSMUSG00000070713 0.003343948   -11.08232  -2.976165
ENSMUSG00000034177 ENSMUSG00000034177 0.031526930   -10.07121  -2.217294
                    std.logFC cellType.target std.logFC.rank     std.logFC.anno
ENSMUSG00000025328 0.16014135          random              1   std logFC = 0.16
ENSMUSG00000038236 0.12781870          random              2  std logFC = 0.128
ENSMUSG00000046031 0.12682203          random              3  std logFC = 0.127
ENSMUSG00000037185 0.10781871          random              4  std logFC = 0.108
ENSMUSG00000070713 0.10341315          random              5  std logFC = 0.103
ENSMUSG00000034177 0.09753936          random              6  std logFC = 0.098
[1] 222
Running 1vALL Testing for up-regulated genes
2024-09-08 01:17:05.123307 - Find markers for: other
2024-09-08 01:17:13.650786 - Find markers for: random
2024-09-08 01:17:22.00833 - Building Table
** Done! **

                                 gene       logFC log.p.value   log.FDR
ENSMUSG00000074647 ENSMUSG00000074647 0.001424399  -15.257112 -5.541522
ENSMUSG00000107822 ENSMUSG00000107822 0.001162265  -12.766022 -3.743579
ENSMUSG00000035836 ENSMUSG00000035836 0.000734082  -12.076789 -3.459811
ENSMUSG00000072423 ENSMUSG00000072423 0.004640328  -11.556752 -3.290892
ENSMUSG00000044595 ENSMUSG00000044595 0.007446368  -11.397044 -3.290892
ENSMUSG00000053522 ENSMUSG00000053522 0.004039501   -9.859221 -1.935390
                    std.logFC cellType.target std.logFC.rank     std.logFC.anno
ENSMUSG00000074647 0.12483040          random              1  std logFC = 0.125
ENSMUSG00000107822 0.11242899          random              2  std logFC = 0.112
ENSMUSG00000035836 0.10876888          random              3  std logFC = 0.109
ENSMUSG00000072423 0.10593093          random              4  std logFC = 0.106
ENSMUSG00000044595 0.10504537          random              5  std logFC = 0.105
ENSMUSG00000053522 0.09614312          random              6  std logFC = 0.096
[1] 223
Running 1vALL Testing for up-regulated genes
2024-09-08 01:17:22.217222 - Find markers for: other
2024-09-08 01:17:30.616726 - Find markers for: random
2024-09-08 01:17:38.897225 - Building Table
** Done! **

                                 gene        logFC log.p.value   log.FDR
ENSMUSG00000049723 ENSMUSG00000049723 0.0030073733   -18.50486 -8.789271
ENSMUSG00000029553 ENSMUSG00000029553 0.0031589956   -13.99425 -5.002959
ENSMUSG00000028238 ENSMUSG00000028238 0.0029612154   -13.61994 -5.002959
ENSMUSG00000108900 ENSMUSG00000108900 0.0015162715   -12.86035 -4.531050
ENSMUSG00000052485 ENSMUSG00000052485 0.0008064356   -12.52943 -4.423281
ENSMUSG00000052336 ENSMUSG00000052336 0.0383922773   -11.33468 -3.410847
                   std.logFC cellType.target std.logFC.rank     std.logFC.anno
ENSMUSG00000049723 0.1402088          random              1   std logFC = 0.14
ENSMUSG00000029553 0.1193363          random              2  std logFC = 0.119
ENSMUSG00000028238 0.1174499          random              3  std logFC = 0.117
ENSMUSG00000108900 0.1135331          random              4  std logFC = 0.114
ENSMUSG00000052485 0.1117873          random              5  std logFC = 0.112
ENSMUSG00000052336 0.1052648          random              6  std logFC = 0.105
[1] 224
Running 1vALL Testing for up-regulated genes
2024-09-08 01:17:39.137369 - Find markers for: other
2024-09-08 01:17:47.641492 - Find markers for: random
2024-09-08 01:17:56.076467 - Building Table
** Done! **

                                 gene       logFC log.p.value   log.FDR
ENSMUSG00000020870 ENSMUSG00000020870 0.001836045  -16.894027 -7.178437
ENSMUSG00000038201 ENSMUSG00000038201 0.001127278  -11.265479 -2.483761
ENSMUSG00000036912 ENSMUSG00000036912 0.003145380  -11.100739 -2.483761
ENSMUSG00000025127 ENSMUSG00000025127 0.002275875  -10.198617 -1.869321
ENSMUSG00000085861 ENSMUSG00000085861 0.007612721   -9.871424 -1.806224
ENSMUSG00000024011 ENSMUSG00000024011 0.011096771   -9.698705 -1.806224
                    std.logFC cellType.target std.logFC.rank     std.logFC.anno
ENSMUSG00000020870 0.13286698          random              1  std logFC = 0.133
ENSMUSG00000038201 0.10468660          random              2  std logFC = 0.105
ENSMUSG00000036912 0.10375668          random              3  std logFC = 0.104
ENSMUSG00000025127 0.09852413          random              4  std logFC = 0.099
ENSMUSG00000085861 0.09656339          random              5  std logFC = 0.097
ENSMUSG00000024011 0.09551382          random              6  std logFC = 0.096
[1] 225
Running 1vALL Testing for up-regulated genes
2024-09-08 01:17:56.286323 - Find markers for: other
2024-09-08 01:18:04.664659 - Find markers for: random
2024-09-08 01:18:13.031314 - Building Table
** Done! **

                                 gene       logFC log.p.value   log.FDR
ENSMUSG00000040747 ENSMUSG00000040747 0.012200006   -15.97121 -6.255619
ENSMUSG00000045794 ENSMUSG00000045794 0.000383124   -13.79908 -4.776633
ENSMUSG00000022126 ENSMUSG00000022126 0.001819241   -13.31058 -4.693599
ENSMUSG00000026691 ENSMUSG00000026691 0.001294371   -11.77832 -3.543746
ENSMUSG00000056737 ENSMUSG00000056737 0.009211789   -11.64990 -3.543746
ENSMUSG00000005465 ENSMUSG00000005465 0.004382221   -11.14506 -3.221229
                   std.logFC cellType.target std.logFC.rank     std.logFC.anno
ENSMUSG00000040747 0.1282394          random              1  std logFC = 0.128
ENSMUSG00000045794 0.1177736          random              2  std logFC = 0.118
ENSMUSG00000022126 0.1152991          random              3  std logFC = 0.115
ENSMUSG00000026691 0.1071986          random              4  std logFC = 0.107
ENSMUSG00000056737 0.1064941          random              5  std logFC = 0.106
ENSMUSG00000005465 0.1036827          random              6  std logFC = 0.104
[1] 226
Running 1vALL Testing for up-regulated genes
2024-09-08 01:18:13.250691 - Find markers for: other
2024-09-08 01:18:21.599091 - Find markers for: random
2024-09-08 01:18:29.989988 - Building Table
** Done! **

                                 gene        logFC log.p.value   log.FDR
ENSMUSG00000011486 ENSMUSG00000011486 0.0058978252   -16.90698 -7.191387
ENSMUSG00000047733 ENSMUSG00000047733 0.0037284715   -13.02529 -4.002844
ENSMUSG00000063455 ENSMUSG00000063455 0.0593592921   -11.89424 -3.277258
ENSMUSG00000032948 ENSMUSG00000032948 0.0008382727   -11.21503 -2.885731
ENSMUSG00000060509 ENSMUSG00000060509 0.0020105857   -10.74550 -2.722841
ENSMUSG00000022938 ENSMUSG00000022938 0.0022993694   -10.64667 -2.722841
                   std.logFC cellType.target std.logFC.rank     std.logFC.anno
ENSMUSG00000011486 0.1322466          random              1  std logFC = 0.132
ENSMUSG00000047733 0.1136047          random              2  std logFC = 0.114
ENSMUSG00000063455 0.1076164          random              3  std logFC = 0.108
ENSMUSG00000032948 0.1038694          random              4  std logFC = 0.104
ENSMUSG00000060509 0.1012057          random              5  std logFC = 0.101
ENSMUSG00000022938 0.1006370          random              6  std logFC = 0.101
[1] 227
Running 1vALL Testing for up-regulated genes
2024-09-08 01:18:30.196965 - Find markers for: other
2024-09-08 01:18:38.602377 - Find markers for: random
2024-09-08 01:18:47.000449 - Building Table
** Done! **

                                 gene        logFC log.p.value   log.FDR
ENSMUSG00000040488 ENSMUSG00000040488 0.0336807223   -14.82041 -5.104821
ENSMUSG00000093865 ENSMUSG00000093865 0.0026946395   -12.10292 -3.080472
ENSMUSG00000052271 ENSMUSG00000052271 0.0024764850   -11.39997 -2.782991
ENSMUSG00000082101 ENSMUSG00000082101 0.0006328817   -10.30351 -2.279749
ENSMUSG00000022598 ENSMUSG00000022598 0.0010558286   -10.14582 -2.279749
ENSMUSG00000024440 ENSMUSG00000024440 0.0014290117   -10.12907 -2.279749
                    std.logFC cellType.target std.logFC.rank     std.logFC.anno
ENSMUSG00000040488 0.12308271          random              1  std logFC = 0.123
ENSMUSG00000093865 0.10921336          random              2  std logFC = 0.109
ENSMUSG00000052271 0.10535460          random              3  std logFC = 0.105
ENSMUSG00000082101 0.09906481          random              4  std logFC = 0.099
ENSMUSG00000022598 0.09813037          random              5  std logFC = 0.098
ENSMUSG00000024440 0.09803061          random              6  std logFC = 0.098
[1] 228
Running 1vALL Testing for up-regulated genes
2024-09-08 01:18:47.212853 - Find markers for: other
2024-09-08 01:18:55.620907 - Find markers for: random
2024-09-08 01:19:03.951617 - Building Table
** Done! **

                                 gene        logFC log.p.value   log.FDR
ENSMUSG00000008874 ENSMUSG00000008874 0.0009733966  -14.085036 -4.948264
ENSMUSG00000093938 ENSMUSG00000093938 0.0007378524  -13.970707 -4.948264
ENSMUSG00000069274 ENSMUSG00000069274 0.0030482967  -12.034525 -3.417547
ENSMUSG00000025497 ENSMUSG00000025497 0.0011238185  -10.123163 -2.004892
ENSMUSG00000074206 ENSMUSG00000074206 0.0012957563  -10.111045 -2.004892
ENSMUSG00000025557 ENSMUSG00000025557 0.0034365127   -9.682288 -1.795503
                    std.logFC cellType.target std.logFC.rank     std.logFC.anno
ENSMUSG00000008874 0.11969725          random              1   std logFC = 0.12
ENSMUSG00000093938 0.11912647          random              2  std logFC = 0.119
ENSMUSG00000069274 0.10904446          random              3  std logFC = 0.109
ENSMUSG00000025497 0.09817643          random              4  std logFC = 0.098
ENSMUSG00000074206 0.09810406          random              5  std logFC = 0.098
ENSMUSG00000025557 0.09551211          random              6  std logFC = 0.096
[1] 229
Running 1vALL Testing for up-regulated genes
2024-09-08 01:19:04.16072 - Find markers for: other
2024-09-08 01:19:12.528085 - Find markers for: random
2024-09-08 01:19:20.893873 - Building Table
** Done! **

                                 gene       logFC log.p.value   log.FDR
ENSMUSG00000070533 ENSMUSG00000070533 0.006474838   -13.72302 -4.007433
ENSMUSG00000107822 ENSMUSG00000107822 0.001167213   -12.82489 -3.802448
ENSMUSG00000056529 ENSMUSG00000056529 0.007487659   -11.80965 -3.192669
ENSMUSG00000048583 ENSMUSG00000048583 0.013300865   -10.83335 -2.652915
ENSMUSG00000026532 ENSMUSG00000026532 0.002157561   -10.75907 -2.652915
ENSMUSG00000046805 ENSMUSG00000046805 0.008024460   -10.27640 -2.522075
                   std.logFC cellType.target std.logFC.rank     std.logFC.anno
ENSMUSG00000070533 0.1175150          random              1  std logFC = 0.118
ENSMUSG00000107822 0.1129079          random              2  std logFC = 0.113
ENSMUSG00000056529 0.1074827          random              3  std logFC = 0.107
ENSMUSG00000048583 0.1020188          random              4  std logFC = 0.102
ENSMUSG00000026532 0.1015922          random              5  std logFC = 0.102
ENSMUSG00000046805 0.0987796          random              6  std logFC = 0.099
[1] 230
Running 1vALL Testing for up-regulated genes
2024-09-08 01:19:21.104148 - Find markers for: other
2024-09-08 01:19:29.419001 - Find markers for: random
2024-09-08 01:19:37.717602 - Building Table
** Done! **

                                 gene        logFC log.p.value   log.FDR
ENSMUSG00000025075 ENSMUSG00000025075 0.0005416346   -13.38853 -3.952591
ENSMUSG00000064158 ENSMUSG00000064158 0.0031728274   -12.97503 -3.952591
ENSMUSG00000025082 ENSMUSG00000025082 0.0032548673   -11.78763 -3.240228
ENSMUSG00000062082 ENSMUSG00000062082 0.0027331866   -11.56952 -3.240228
ENSMUSG00000004371 ENSMUSG00000004371 0.0052363945   -11.29859 -3.192434
ENSMUSG00000024798 ENSMUSG00000024798 0.0397772501   -11.05130 -3.127470
                   std.logFC cellType.target std.logFC.rank     std.logFC.anno
ENSMUSG00000025075 0.1159722          random              1  std logFC = 0.116
ENSMUSG00000064158 0.1138406          random              2  std logFC = 0.114
ENSMUSG00000025082 0.1075044          random              3  std logFC = 0.108
ENSMUSG00000062082 0.1063031          random              4  std logFC = 0.106
ENSMUSG00000004371 0.1047934          random              5  std logFC = 0.105
ENSMUSG00000024798 0.1033980          random              6  std logFC = 0.103
[1] 231
Running 1vALL Testing for up-regulated genes
2024-09-08 01:19:37.928244 - Find markers for: other
2024-09-08 01:19:46.349086 - Find markers for: random
2024-09-08 01:19:54.67506 - Building Table
** Done! **

                                 gene        logFC log.p.value   log.FDR
ENSMUSG00000026166 ENSMUSG00000026166 0.0008898047  -11.904640 -2.321499
ENSMUSG00000028544 ENSMUSG00000028544 0.0007939716  -11.069067 -2.321499
ENSMUSG00000096472 ENSMUSG00000096472 0.0261614480  -10.712278 -2.321499
ENSMUSG00000037526 ENSMUSG00000037526 0.0428406591  -10.650795 -2.321499
ENSMUSG00000019429 ENSMUSG00000019429 0.0009201904  -10.348431 -2.242279
ENSMUSG00000055210 ENSMUSG00000055210 0.0025626393   -9.950141 -2.048774
                    std.logFC cellType.target std.logFC.rank     std.logFC.anno
ENSMUSG00000026166 0.10766508          random              1  std logFC = 0.108
ENSMUSG00000028544 0.10304061          random              2  std logFC = 0.103
ENSMUSG00000096472 0.10100755          random              3  std logFC = 0.101
ENSMUSG00000037526 0.10065346          random              4  std logFC = 0.101
ENSMUSG00000019429 0.09889545          random              5  std logFC = 0.099
ENSMUSG00000055210 0.09653580          random              6  std logFC = 0.097
[1] 232
Running 1vALL Testing for up-regulated genes
2024-09-08 01:19:54.890202 - Find markers for: random
2024-09-08 01:20:03.246598 - Find markers for: other
2024-09-08 01:20:11.684905 - Building Table
** Done! **

                                 gene       logFC log.p.value   log.FDR
ENSMUSG00000073177 ENSMUSG00000073177 0.000299517  -11.266714 -1.551124
ENSMUSG00000038201 ENSMUSG00000038201 0.001012713   -9.458980 -1.361862
ENSMUSG00000057003 ENSMUSG00000057003 0.002104338   -9.044234 -1.361862
ENSMUSG00000032852 ENSMUSG00000032852 0.002831245   -8.469604 -1.361862
ENSMUSG00000110573 ENSMUSG00000110573 0.001511098   -8.451158 -1.361862
ENSMUSG00000061577 ENSMUSG00000061577 0.001326992   -8.437242 -1.361862
                    std.logFC cellType.target std.logFC.rank     std.logFC.anno
ENSMUSG00000073177 0.10469386          random              1  std logFC = 0.105
ENSMUSG00000038201 0.09404002          random              2  std logFC = 0.094
ENSMUSG00000057003 0.09143982          random              3  std logFC = 0.091
ENSMUSG00000032852 0.08772488          random              4  std logFC = 0.088
ENSMUSG00000110573 0.08760333          random              5  std logFC = 0.088
ENSMUSG00000061577 0.08751153          random              6  std logFC = 0.088
[1] 233
Running 1vALL Testing for up-regulated genes
2024-09-08 01:20:11.894243 - Find markers for: other
2024-09-08 01:20:20.14518 - Find markers for: random
2024-09-08 01:20:28.434011 - Building Table
** Done! **

                                 gene       logFC log.p.value   log.FDR
ENSMUSG00000026327 ENSMUSG00000026327 0.001547648  -11.530676 -2.054874
ENSMUSG00000050613 ENSMUSG00000050613 0.000904171  -11.077318 -2.054874
ENSMUSG00000016526 ENSMUSG00000016526 0.017151816   -9.751571 -1.311227
ENSMUSG00000042388 ENSMUSG00000042388 0.053408453   -9.342318 -1.311227
ENSMUSG00000003992 ENSMUSG00000003992 0.084941483   -8.537606 -1.311227
ENSMUSG00000054196 ENSMUSG00000054196 0.025575426   -8.520254 -1.311227
                    std.logFC cellType.target std.logFC.rank     std.logFC.anno
ENSMUSG00000026327 0.10608199          random              1  std logFC = 0.106
ENSMUSG00000050613 0.10353989          random              2  std logFC = 0.104
ENSMUSG00000016526 0.09575851          random              3  std logFC = 0.096
ENSMUSG00000042388 0.09323926          random              4  std logFC = 0.093
ENSMUSG00000003992 0.08810000          random              5  std logFC = 0.088
ENSMUSG00000054196 0.08798627          random              6  std logFC = 0.088
[1] 234
Running 1vALL Testing for up-regulated genes
2024-09-08 01:20:28.642891 - Find markers for: other
2024-09-08 01:20:37.030536 - Find markers for: random
2024-09-08 01:20:45.41935 - Building Table
** Done! **

                                 gene        logFC log.p.value   log.FDR
ENSMUSG00000049291 ENSMUSG00000049291 0.0021400573   -17.47502 -8.188929
ENSMUSG00000047733 ENSMUSG00000047733 0.0043972800   -17.21137 -8.188929
ENSMUSG00000031803 ENSMUSG00000031803 0.0020575917   -15.97483 -7.357852
ENSMUSG00000037974 ENSMUSG00000037974 0.0004213446   -13.85026 -5.520966
ENSMUSG00000006205 ENSMUSG00000006205 0.1047989565   -12.68381 -4.577656
ENSMUSG00000046179 ENSMUSG00000046179 0.0073289970   -11.91644 -3.992608
                   std.logFC cellType.target std.logFC.rank     std.logFC.anno
ENSMUSG00000049291 0.1351778          random              1  std logFC = 0.135
ENSMUSG00000047733 0.1340076          random              2  std logFC = 0.134
ENSMUSG00000031803 0.1283863          random              3  std logFC = 0.128
ENSMUSG00000037974 0.1181499          random              4  std logFC = 0.118
ENSMUSG00000006205 0.1121643          random              5  std logFC = 0.112
ENSMUSG00000046179 0.1080611          random              6  std logFC = 0.108
[1] 235
Running 1vALL Testing for up-regulated genes
2024-09-08 01:20:45.622217 - Find markers for: other
2024-09-08 01:20:53.965684 - Find markers for: random
2024-09-08 01:21:02.325059 - Building Table
** Done! **

                                 gene       logFC log.p.value   log.FDR
ENSMUSG00000032661 ENSMUSG00000032661 0.002696340   -14.54940 -5.112894
ENSMUSG00000027481 ENSMUSG00000027481 0.001514705   -14.13534 -5.112894
ENSMUSG00000056758 ENSMUSG00000056758 0.005767035   -12.42207 -3.805091
ENSMUSG00000029618 ENSMUSG00000029618 0.001460346   -11.63112 -3.311748
ENSMUSG00000020901 ENSMUSG00000020901 0.015097736   -11.41790 -3.311748
ENSMUSG00000030165 ENSMUSG00000030165 0.002420504   -11.02567 -3.101835
                   std.logFC cellType.target std.logFC.rank     std.logFC.anno
ENSMUSG00000032661 0.1211798          random              1  std logFC = 0.121
ENSMUSG00000027481 0.1191508          random              2  std logFC = 0.119
ENSMUSG00000056758 0.1103915          random              3   std logFC = 0.11
ENSMUSG00000029618 0.1061248          random              4  std logFC = 0.106
ENSMUSG00000020901 0.1049476          random              5  std logFC = 0.105
ENSMUSG00000030165 0.1027501          random              6  std logFC = 0.103
[1] 236
Running 1vALL Testing for up-regulated genes
2024-09-08 01:21:02.543553 - Find markers for: other
2024-09-08 01:21:10.890342 - Find markers for: random
2024-09-08 01:21:19.433774 - Building Table
** Done! **

                                 gene        logFC log.p.value    log.FDR
ENSMUSG00000042485 ENSMUSG00000042485 0.0082039433   -21.46288 -11.747286
ENSMUSG00000094219 ENSMUSG00000094219 0.0011482356   -14.42343  -5.400991
ENSMUSG00000094520 ENSMUSG00000094520 0.0021493103   -12.72644  -4.109457
ENSMUSG00000035451 ENSMUSG00000035451 0.0023145137   -12.33464  -4.044483
ENSMUSG00000061259 ENSMUSG00000061259 0.0077006837   -12.15064  -4.044483
ENSMUSG00000044222 ENSMUSG00000044222 0.0008047153   -11.90174  -3.977910
                   std.logFC cellType.target std.logFC.rank     std.logFC.anno
ENSMUSG00000042485 0.1519631          random              1  std logFC = 0.152
ENSMUSG00000094219 0.1210891          random              2  std logFC = 0.121
ENSMUSG00000094520 0.1124796          random              3  std logFC = 0.112
ENSMUSG00000035451 0.1104043          random              4   std logFC = 0.11
ENSMUSG00000061259 0.1094172          random              5  std logFC = 0.109
ENSMUSG00000044222 0.1080689          random              6  std logFC = 0.108
[1] 237
Running 1vALL Testing for up-regulated genes
2024-09-08 01:21:19.651588 - Find markers for: other
2024-09-08 01:21:28.07965 - Find markers for: random
2024-09-08 01:21:36.417355 - Building Table
** Done! **

                                 gene        logFC log.p.value   log.FDR
ENSMUSG00000028238 ENSMUSG00000028238 0.0032392931   -16.09162 -7.065738
ENSMUSG00000012282 ENSMUSG00000012282 0.0020838520   -16.08818 -7.065738
ENSMUSG00000026285 ENSMUSG00000026285 0.0005802278   -13.64644 -5.029465
ENSMUSG00000042414 ENSMUSG00000042414 0.0024374510   -11.81398 -3.484685
ENSMUSG00000032109 ENSMUSG00000032109 0.0143811816   -11.11301 -3.006855
ENSMUSG00000024979 ENSMUSG00000024979 0.0050831208   -10.83703 -2.913201
                   std.logFC cellType.target std.logFC.rank     std.logFC.anno
ENSMUSG00000028238 0.1284932          random              1  std logFC = 0.128
ENSMUSG00000012282 0.1284774          random              2  std logFC = 0.128
ENSMUSG00000026285 0.1167303          random              3  std logFC = 0.117
ENSMUSG00000042414 0.1071407          random              4  std logFC = 0.107
ENSMUSG00000032109 0.1032582          random              5  std logFC = 0.103
ENSMUSG00000024979 0.1016928          random              6  std logFC = 0.102
[1] 238
Running 1vALL Testing for up-regulated genes
2024-09-08 01:21:36.603375 - Find markers for: other
2024-09-08 01:21:45.20105 - Find markers for: random
2024-09-08 01:21:53.612273 - Building Table
** Done! **

                                 gene        logFC log.p.value   log.FDR
ENSMUSG00000022996 ENSMUSG00000022996 0.0034473841  -12.375467 -2.659877
ENSMUSG00000020581 ENSMUSG00000020581 0.0033411713  -11.419567 -2.473199
ENSMUSG00000047441 ENSMUSG00000047441 0.0023965005  -11.020711 -2.473199
ENSMUSG00000062077 ENSMUSG00000062077 0.0009215837  -10.802495 -2.473199
ENSMUSG00000029272 ENSMUSG00000029272 0.0013824762   -9.885559 -1.939120
ENSMUSG00000049123 ENSMUSG00000049123 0.0065444483   -9.835098 -1.939120
                    std.logFC cellType.target std.logFC.rank     std.logFC.anno
ENSMUSG00000022996 0.11064884          random              1  std logFC = 0.111
ENSMUSG00000020581 0.10543766          random              2  std logFC = 0.105
ENSMUSG00000047441 0.10319260          random              3  std logFC = 0.103
ENSMUSG00000062077 0.10194536          random              4  std logFC = 0.102
ENSMUSG00000029272 0.09654629          random              5  std logFC = 0.097
ENSMUSG00000049123 0.09624128          random              6  std logFC = 0.096
[1] 239
Running 1vALL Testing for up-regulated genes
2024-09-08 01:21:53.810752 - Find markers for: other
2024-09-08 01:22:02.155242 - Find markers for: random
2024-09-08 01:22:10.672423 - Building Table
** Done! **

                                 gene        logFC log.p.value    log.FDR
ENSMUSG00000035238 ENSMUSG00000035238 0.0038438808   -26.70839 -16.992796
ENSMUSG00000024366 ENSMUSG00000024366 0.0031492692   -14.04867  -5.026230
ENSMUSG00000073568 ENSMUSG00000073568 0.0017490081   -12.42507  -4.302542
ENSMUSG00000052485 ENSMUSG00000052485 0.0007941552   -12.32948  -4.302542
ENSMUSG00000029586 ENSMUSG00000029586 0.0025214258   -12.31268  -4.302542
ENSMUSG00000040264 ENSMUSG00000040264 0.0016596221   -12.22637  -4.302542
                   std.logFC cellType.target std.logFC.rank     std.logFC.anno
ENSMUSG00000035238 0.1711013          random              1  std logFC = 0.171
ENSMUSG00000024366 0.1189211          random              2  std logFC = 0.119
ENSMUSG00000073568 0.1105924          random              3  std logFC = 0.111
ENSMUSG00000052485 0.1100841          random              4   std logFC = 0.11
ENSMUSG00000029586 0.1099945          random              5   std logFC = 0.11
ENSMUSG00000040264 0.1095333          random              6   std logFC = 0.11
[1] 240
Running 1vALL Testing for up-regulated genes
2024-09-08 01:22:10.866247 - Find markers for: other
2024-09-08 01:22:19.214758 - Find markers for: random
2024-09-08 01:22:27.595721 - Building Table
** Done! **

                                 gene        logFC log.p.value   log.FDR
ENSMUSG00000032094 ENSMUSG00000032094 0.0016889861   -19.59556 -9.879967
ENSMUSG00000066233 ENSMUSG00000066233 0.0205491934   -14.16200 -5.370074
ENSMUSG00000089960 ENSMUSG00000089960 0.0009252729   -13.83933 -5.370074
ENSMUSG00000071506 ENSMUSG00000071506 0.0007394363   -13.69937 -5.370074
ENSMUSG00000026085 ENSMUSG00000026085 0.0008407971   -12.34986 -4.243707
ENSMUSG00000040424 ENSMUSG00000040424 0.0248239738   -11.73319 -3.809363
                   std.logFC cellType.target std.logFC.rank     std.logFC.anno
ENSMUSG00000032094 0.1445667          random              1  std logFC = 0.145
ENSMUSG00000066233 0.1199536          random              2   std logFC = 0.12
ENSMUSG00000089960 0.1183427          random              3  std logFC = 0.118
ENSMUSG00000071506 0.1176376          random              4  std logFC = 0.118
ENSMUSG00000026085 0.1106273          random              5  std logFC = 0.111
ENSMUSG00000040424 0.1072845          random              6  std logFC = 0.107
[1] 241
Running 1vALL Testing for up-regulated genes
2024-09-08 01:22:27.787643 - Find markers for: other
2024-09-08 01:22:36.204321 - Find markers for: random
2024-09-08 01:22:44.505548 - Building Table
** Done! **

                                 gene       logFC log.p.value   log.FDR
ENSMUSG00000089728 ENSMUSG00000089728 0.002248571   -16.57938 -6.863788
ENSMUSG00000020131 ENSMUSG00000020131 0.018109770   -15.02186 -5.999412
ENSMUSG00000035172 ENSMUSG00000035172 0.026907461   -14.45568 -5.838699
ENSMUSG00000067771 ENSMUSG00000067771 0.000590536   -13.32179 -5.130432
ENSMUSG00000022126 ENSMUSG00000022126 0.001811545   -13.23658 -5.130432
ENSMUSG00000074678 ENSMUSG00000074678 0.002019121   -12.45077 -4.526942
                   std.logFC cellType.target std.logFC.rank     std.logFC.anno
ENSMUSG00000089728 0.1309055          random              1  std logFC = 0.131
ENSMUSG00000020131 0.1236490          random              2  std logFC = 0.124
ENSMUSG00000035172 0.1209110          random              3  std logFC = 0.121
ENSMUSG00000067771 0.1152470          random              4  std logFC = 0.115
ENSMUSG00000022126 0.1148109          random              5  std logFC = 0.115
ENSMUSG00000074678 0.1107153          random              6  std logFC = 0.111
[1] 242
Running 1vALL Testing for up-regulated genes
2024-09-08 01:22:44.705972 - Find markers for: other
2024-09-08 01:22:52.980898 - Find markers for: random
2024-09-08 01:23:01.396619 - Building Table
** Done! **

                                 gene        logFC log.p.value   log.FDR
ENSMUSG00000029706 ENSMUSG00000029706 0.0005575769   -13.85874 -4.739718
ENSMUSG00000059069 ENSMUSG00000059069 0.0010639271   -13.58023 -4.739718
ENSMUSG00000022126 ENSMUSG00000022126 0.0018262338   -13.35670 -4.739718
ENSMUSG00000022243 ENSMUSG00000022243 0.0028967274   -12.54500 -4.215702
ENSMUSG00000109564 ENSMUSG00000109564 0.0027222919   -11.80703 -3.700881
ENSMUSG00000033036 ENSMUSG00000033036 0.0017501771   -10.68919 -2.765354
                   std.logFC cellType.target std.logFC.rank     std.logFC.anno
ENSMUSG00000029706 0.1182848          random              1  std logFC = 0.118
ENSMUSG00000059069 0.1168808          random              2  std logFC = 0.117
ENSMUSG00000022126 0.1157425          random              3  std logFC = 0.116
ENSMUSG00000022243 0.1115195          random              4  std logFC = 0.112
ENSMUSG00000109564 0.1075485          random              5  std logFC = 0.108
ENSMUSG00000033036 0.1012648          random              6  std logFC = 0.101
[1] 243
Running 1vALL Testing for up-regulated genes
2024-09-08 01:23:01.617505 - Find markers for: other
2024-09-08 01:23:09.938339 - Find markers for: random
2024-09-08 01:23:18.341106 - Building Table
** Done! **

                                 gene       logFC log.p.value   log.FDR
ENSMUSG00000029437 ENSMUSG00000029437 0.001038217   -13.52031 -3.888457
ENSMUSG00000001988 ENSMUSG00000001988 0.015542729   -12.91090 -3.888457
ENSMUSG00000032591 ENSMUSG00000032591 0.001909326   -11.78868 -3.171702
ENSMUSG00000049350 ENSMUSG00000049350 0.007039600   -10.60569 -2.406943
ENSMUSG00000026980 ENSMUSG00000026980 0.010342229   -10.41180 -2.406943
ENSMUSG00000040576 ENSMUSG00000040576 0.003694426   -10.33077 -2.406943
                    std.logFC cellType.target std.logFC.rank     std.logFC.anno
ENSMUSG00000029437 0.11639521          random              1  std logFC = 0.116
ENSMUSG00000001988 0.11326450          random              2  std logFC = 0.113
ENSMUSG00000032591 0.10728083          random              3  std logFC = 0.107
ENSMUSG00000049350 0.10062432          random              4  std logFC = 0.101
ENSMUSG00000026980 0.09949494          random              5  std logFC = 0.099
ENSMUSG00000040576 0.09901956          random              6  std logFC = 0.099
[1] 244
Running 1vALL Testing for up-regulated genes
2024-09-08 01:23:18.549624 - Find markers for: other
2024-09-08 01:23:26.867581 - Find markers for: random
2024-09-08 01:23:35.187799 - Building Table
** Done! **

                                 gene        logFC log.p.value   log.FDR
ENSMUSG00000032218 ENSMUSG00000032218 0.0206901055   -16.91261 -7.197021
ENSMUSG00000045693 ENSMUSG00000045693 0.0008414902   -16.17607 -7.153623
ENSMUSG00000118505 ENSMUSG00000118505 0.0007718065   -13.95721 -5.340232
ENSMUSG00000035923 ENSMUSG00000035923 0.0007082722   -12.06199 -3.732698
ENSMUSG00000034435 ENSMUSG00000034435 0.0005011999   -11.56562 -3.523344
ENSMUSG00000047854 ENSMUSG00000047854 0.0232163848   -11.33033 -3.523344
                   std.logFC cellType.target std.logFC.rank     std.logFC.anno
ENSMUSG00000032218 0.1329505          random              1  std logFC = 0.133
ENSMUSG00000045693 0.1295902          random              2   std logFC = 0.13
ENSMUSG00000118505 0.1189357          random              3  std logFC = 0.119
ENSMUSG00000035923 0.1090805          random              4  std logFC = 0.109
ENSMUSG00000034435 0.1063616          random              5  std logFC = 0.106
ENSMUSG00000047854 0.1050504          random              6  std logFC = 0.105
[1] 245
Running 1vALL Testing for up-regulated genes
2024-09-08 01:23:35.399482 - Find markers for: other
2024-09-08 01:23:43.941699 - Find markers for: random
2024-09-08 01:23:52.331268 - Building Table
** Done! **

                                 gene       logFC log.p.value   log.FDR
ENSMUSG00000037190 ENSMUSG00000037190 0.020136806   -13.94146 -4.225866
ENSMUSG00000076609 ENSMUSG00000076609 0.003088729   -13.10380 -4.210552
ENSMUSG00000061816 ENSMUSG00000061816 0.007015827   -12.82753 -4.210552
ENSMUSG00000024481 ENSMUSG00000024481 0.005244772   -11.03196 -2.919310
ENSMUSG00000090150 ENSMUSG00000090150 0.031049918   -11.02546 -2.919310
ENSMUSG00000040554 ENSMUSG00000040554 0.001200969   -10.64157 -2.717744
                   std.logFC cellType.target std.logFC.rank     std.logFC.anno
ENSMUSG00000037190 0.1187634          random              1  std logFC = 0.119
ENSMUSG00000076609 0.1145044          random              2  std logFC = 0.115
ENSMUSG00000061816 0.1130673          random              3  std logFC = 0.113
ENSMUSG00000024481 0.1032846          random              4  std logFC = 0.103
ENSMUSG00000090150 0.1032477          random              5  std logFC = 0.103
ENSMUSG00000040554 0.1010442          random              6  std logFC = 0.101
[1] 246
Running 1vALL Testing for up-regulated genes
2024-09-08 01:23:52.610548 - Find markers for: other
2024-09-08 01:24:01.20739 - Find markers for: random
2024-09-08 01:24:09.495049 - Building Table
** Done! **

                                 gene       logFC log.p.value   log.FDR
ENSMUSG00000031493 ENSMUSG00000031493 0.003399769   -15.17287 -5.457281
ENSMUSG00000022315 ENSMUSG00000022315 0.001839188   -13.98798 -4.965534
ENSMUSG00000073916 ENSMUSG00000073916 0.001048600   -11.92236 -3.465659
ENSMUSG00000050105 ENSMUSG00000050105 0.013235954   -11.79496 -3.465659
ENSMUSG00000114865 ENSMUSG00000114865 0.001269144   -11.46421 -3.358056
ENSMUSG00000007440 ENSMUSG00000007440 0.005670789   -10.88280 -2.958970
                   std.logFC cellType.target std.logFC.rank     std.logFC.anno
ENSMUSG00000031493 0.1246835          random              1  std logFC = 0.125
ENSMUSG00000022315 0.1189041          random              2  std logFC = 0.119
ENSMUSG00000073916 0.1081533          random              3  std logFC = 0.108
ENSMUSG00000050105 0.1074580          random              4  std logFC = 0.107
ENSMUSG00000114865 0.1056336          random              5  std logFC = 0.106
ENSMUSG00000007440 0.1023549          random              6  std logFC = 0.102
[1] 247
Running 1vALL Testing for up-regulated genes
2024-09-08 01:24:09.701101 - Find markers for: random
2024-09-08 01:24:18.266377 - Find markers for: other
2024-09-08 01:24:26.672317 - Building Table
** Done! **

                                 gene        logFC log.p.value   log.FDR
ENSMUSG00000056509 ENSMUSG00000056509 0.0005349647  -11.886058 -2.170467
ENSMUSG00000032496 ENSMUSG00000032496 0.0016814456  -10.876857 -1.854414
ENSMUSG00000022129 ENSMUSG00000022129 0.0074411320  -10.400402 -1.783424
ENSMUSG00000040576 ENSMUSG00000040576 0.0034775981   -9.317970 -1.464392
ENSMUSG00000019834 ENSMUSG00000019834 0.0023040441   -9.218760 -1.464392
ENSMUSG00000022044 ENSMUSG00000022044 0.0495519456   -9.202895 -1.464392
                    std.logFC cellType.target std.logFC.rank     std.logFC.anno
ENSMUSG00000056509 0.10817179          random              1  std logFC = 0.108
ENSMUSG00000032496 0.10252579          random              2  std logFC = 0.103
ENSMUSG00000022129 0.09975995          random              3    std logFC = 0.1
ENSMUSG00000040576 0.09320397          random              4  std logFC = 0.093
ENSMUSG00000019834 0.09258239          random              5  std logFC = 0.093
ENSMUSG00000022044 0.09248264          random              6  std logFC = 0.092
[1] 248
Running 1vALL Testing for up-regulated genes
2024-09-08 01:24:26.888788 - Find markers for: other
2024-09-08 01:24:35.525645 - Find markers for: random
2024-09-08 01:24:44.00888 - Building Table
** Done! **

                                 gene        logFC log.p.value   log.FDR
ENSMUSG00000062524 ENSMUSG00000062524 0.0007810469   -13.50420 -3.788611
ENSMUSG00000028255 ENSMUSG00000028255 0.0011682631   -12.74413 -3.721684
ENSMUSG00000073916 ENSMUSG00000073916 0.0010460517   -11.92069 -3.525102
ENSMUSG00000044222 ENSMUSG00000044222 0.0008007041   -11.85440 -3.525102
ENSMUSG00000112230 ENSMUSG00000112230 0.0017135525   -11.37439 -3.268241
ENSMUSG00000001348 ENSMUSG00000001348 0.0017053548   -11.09511 -3.186591
                   std.logFC cellType.target std.logFC.rank     std.logFC.anno
ENSMUSG00000062524 0.1161950          random              1  std logFC = 0.116
ENSMUSG00000028255 0.1122793          random              2  std logFC = 0.112
ENSMUSG00000073916 0.1078905          random              3  std logFC = 0.108
ENSMUSG00000044222 0.1075300          random              4  std logFC = 0.108
ENSMUSG00000112230 0.1048865          random              5  std logFC = 0.105
ENSMUSG00000001348 0.1033201          random              6  std logFC = 0.103
[1] 249
Running 1vALL Testing for up-regulated genes
2024-09-08 01:24:44.195714 - Find markers for: other
2024-09-08 01:24:52.572477 - Find markers for: random
2024-09-08 01:25:01.861759 - Building Table
** Done! **

                                 gene        logFC log.p.value   log.FDR
ENSMUSG00000031898 ENSMUSG00000031898 0.0009357587   -12.20183 -2.486242
ENSMUSG00000001494 ENSMUSG00000001494 0.0042445184   -11.02981 -2.407294
ENSMUSG00000028766 ENSMUSG00000028766 0.0199427491   -10.70574 -2.407294
ENSMUSG00000078173 ENSMUSG00000078173 0.0022664144   -10.64304 -2.407294
ENSMUSG00000064016 ENSMUSG00000064016 0.0015444675   -10.51345 -2.407294
ENSMUSG00000079258 ENSMUSG00000079258 0.0015075776   -10.18027 -2.256442
                    std.logFC cellType.target std.logFC.rank     std.logFC.anno
ENSMUSG00000031898 0.10988171          random              1   std logFC = 0.11
ENSMUSG00000001494 0.10339737          random              2  std logFC = 0.103
ENSMUSG00000028766 0.10153817          random              3  std logFC = 0.102
ENSMUSG00000078173 0.10117490          random              4  std logFC = 0.101
ENSMUSG00000064016 0.10042033          random              5    std logFC = 0.1
ENSMUSG00000079258 0.09845644          random              6  std logFC = 0.098
[1] 250
Running 1vALL Testing for up-regulated genes
2024-09-08 01:25:02.10128 - Find markers for: other
2024-09-08 01:25:11.064625 - Find markers for: random
2024-09-08 01:25:19.39755 - Building Table
** Done! **

                                 gene        logFC log.p.value   log.FDR
ENSMUSG00000038148 ENSMUSG00000038148 0.0006370881  -12.998771 -3.844425
ENSMUSG00000024868 ENSMUSG00000024868 0.0006600451  -12.866869 -3.844425
ENSMUSG00000020429 ENSMUSG00000020429 0.0012146621  -12.103131 -3.486153
ENSMUSG00000040405 ENSMUSG00000040405 0.0011378742  -10.795122 -2.465826
ENSMUSG00000053268 ENSMUSG00000053268 0.0033712356   -9.895432 -1.789280
ENSMUSG00000073574 ENSMUSG00000073574 0.0012637817   -9.543739 -1.737692
                    std.logFC cellType.target std.logFC.rank     std.logFC.anno
ENSMUSG00000038148 0.11387171          random              1  std logFC = 0.114
ENSMUSG00000024868 0.11318519          random              2  std logFC = 0.113
ENSMUSG00000020429 0.10913241          random              3  std logFC = 0.109
ENSMUSG00000040405 0.10185172          random              4  std logFC = 0.102
ENSMUSG00000053268 0.09655728          random              5  std logFC = 0.097
ENSMUSG00000073574 0.09441542          random              6  std logFC = 0.094
[1] 251
Running 1vALL Testing for up-regulated genes
2024-09-08 01:25:19.603867 - Find markers for: other
2024-09-08 01:25:28.071073 - Find markers for: random
2024-09-08 01:25:36.5799 - Building Table
** Done! **

                                 gene       logFC log.p.value   log.FDR
ENSMUSG00000028777 ENSMUSG00000028777 0.001019480   -12.98229 -3.266702
ENSMUSG00000030587 ENSMUSG00000030587 0.004362229   -12.16434 -3.141897
ENSMUSG00000020323 ENSMUSG00000020323 0.003789104   -11.58379 -3.018136
ENSMUSG00000006675 ENSMUSG00000006675 0.050469726   -11.18405 -3.018136
ENSMUSG00000027902 ENSMUSG00000027902 0.001376210   -11.12429 -3.018136
ENSMUSG00000043282 ENSMUSG00000043282 0.004965929   -10.55140 -2.678011
                   std.logFC cellType.target std.logFC.rank     std.logFC.anno
ENSMUSG00000028777 0.1140276          random              1  std logFC = 0.114
ENSMUSG00000030587 0.1096946          random              2   std logFC = 0.11
ENSMUSG00000020323 0.1065216          random              3  std logFC = 0.107
ENSMUSG00000006675 0.1042858          random              4  std logFC = 0.104
ENSMUSG00000027902 0.1039478          random              5  std logFC = 0.104
ENSMUSG00000043282 0.1006555          random              6  std logFC = 0.101
[1] 252
Running 1vALL Testing for up-regulated genes
2024-09-08 01:25:36.805266 - Find markers for: other
2024-09-08 01:25:45.367291 - Find markers for: random
2024-09-08 01:25:54.465132 - Building Table
** Done! **

                                 gene        logFC log.p.value   log.FDR
ENSMUSG00000060807 ENSMUSG00000060807 0.0012255828   -15.29116 -5.759315
ENSMUSG00000075249 ENSMUSG00000075249 0.0029648267   -14.78176 -5.759315
ENSMUSG00000006574 ENSMUSG00000006574 0.0024991476   -12.74191 -4.124935
ENSMUSG00000039518 ENSMUSG00000039518 0.0009990977   -12.40715 -4.077851
ENSMUSG00000068882 ENSMUSG00000068882 0.0651704524   -10.41071 -2.304556
ENSMUSG00000049323 ENSMUSG00000049323 0.0158816903   -10.19276 -2.268930
                    std.logFC cellType.target std.logFC.rank     std.logFC.anno
ENSMUSG00000060807 0.12567281          random              1  std logFC = 0.126
ENSMUSG00000075249 0.12322145          random              2  std logFC = 0.123
ENSMUSG00000006574 0.11291454          random              3  std logFC = 0.113
ENSMUSG00000039518 0.11113920          random              4  std logFC = 0.111
ENSMUSG00000068882 0.09995987          random              5    std logFC = 0.1
ENSMUSG00000049323 0.09867027          random              6  std logFC = 0.099
[1] 253
Running 1vALL Testing for up-regulated genes
2024-09-08 01:25:54.694715 - Find markers for: other
2024-09-08 01:26:03.758045 - Find markers for: random
2024-09-08 01:26:12.382166 - Building Table
** Done! **

                                 gene       logFC log.p.value   log.FDR
ENSMUSG00000050217 ENSMUSG00000050217 0.002279073   -18.40556 -8.689968
ENSMUSG00000025127 ENSMUSG00000025127 0.002660614   -13.20195 -4.252012
ENSMUSG00000057037 ENSMUSG00000057037 0.003373301   -12.86899 -4.252012
ENSMUSG00000021239 ENSMUSG00000021239 0.003146619   -12.22297 -4.043780
ENSMUSG00000033420 ENSMUSG00000033420 0.066070643   -12.14993 -4.043780
ENSMUSG00000043144 ENSMUSG00000043144 0.001593755   -10.67327 -2.758717
                   std.logFC cellType.target std.logFC.rank     std.logFC.anno
ENSMUSG00000050217 0.1396415          random              1   std logFC = 0.14
ENSMUSG00000025127 0.1151948          random              2  std logFC = 0.115
ENSMUSG00000057037 0.1134652          random              3  std logFC = 0.113
ENSMUSG00000021239 0.1100382          random              4   std logFC = 0.11
ENSMUSG00000033420 0.1096446          random              5   std logFC = 0.11
ENSMUSG00000043144 0.1013896          random              6  std logFC = 0.101
[1] 254
Running 1vALL Testing for up-regulated genes
2024-09-08 01:26:12.625133 - Find markers for: other
2024-09-08 01:26:21.796044 - Find markers for: random
2024-09-08 01:26:31.094126 - Building Table
** Done! **

                                 gene        logFC log.p.value   log.FDR
ENSMUSG00000112449 ENSMUSG00000112449 0.0073716834  -13.286965 -3.733850
ENSMUSG00000038754 ENSMUSG00000038754 0.0015814776  -12.452769 -3.733850
ENSMUSG00000022659 ENSMUSG00000022659 0.0008395165  -12.350829 -3.733850
ENSMUSG00000109718 ENSMUSG00000109718 0.0018513937  -11.265516 -2.936220
ENSMUSG00000035365 ENSMUSG00000035365 0.0109210498  -10.287084 -2.180931
ENSMUSG00000074678 ENSMUSG00000074678 0.0017502859   -9.785334 -1.861503
                    std.logFC cellType.target std.logFC.rank     std.logFC.anno
ENSMUSG00000112449 0.11544480          random              1  std logFC = 0.115
ENSMUSG00000038754 0.11108757          random              2  std logFC = 0.111
ENSMUSG00000022659 0.11054431          random              3  std logFC = 0.111
ENSMUSG00000109718 0.10460125          random              4  std logFC = 0.105
ENSMUSG00000035365 0.09896733          random              5  std logFC = 0.099
ENSMUSG00000074678 0.09596304          random              6  std logFC = 0.096
[1] 255
Running 1vALL Testing for up-regulated genes
2024-09-08 01:26:31.316896 - Find markers for: other
2024-09-08 01:26:40.830319 - Find markers for: random
2024-09-08 01:26:50.367016 - Building Table
** Done! **

                                 gene        logFC log.p.value   log.FDR
ENSMUSG00000031073 ENSMUSG00000031073 0.0008522158   -13.86518 -4.771478
ENSMUSG00000055197 ENSMUSG00000055197 0.0008768849   -13.79392 -4.771478
ENSMUSG00000026963 ENSMUSG00000026963 0.0022215247   -13.21134 -4.643092
ENSMUSG00000040899 ENSMUSG00000040899 0.0036997393   -12.97239 -4.643092
ENSMUSG00000036805 ENSMUSG00000036805 0.0009037327   -11.23544 -3.200908
ENSMUSG00000027239 ENSMUSG00000027239 0.0378061138   -11.12474 -3.200908
                   std.logFC cellType.target std.logFC.rank     std.logFC.anno
ENSMUSG00000031073 0.1179863          random              1  std logFC = 0.118
ENSMUSG00000055197 0.1176296          random              2  std logFC = 0.118
ENSMUSG00000026963 0.1146752          random              3  std logFC = 0.115
ENSMUSG00000040899 0.1134429          random              4  std logFC = 0.113
ENSMUSG00000036805 0.1040865          random              5  std logFC = 0.104
ENSMUSG00000027239 0.1034641          random              6  std logFC = 0.103
[1] 256
Running 1vALL Testing for up-regulated genes
2024-09-08 01:26:50.604104 - Find markers for: random
2024-09-08 01:26:59.861863 - Find markers for: other
2024-09-08 01:27:09.104989 - Building Table
** Done! **

                                 gene       logFC log.p.value   log.FDR
ENSMUSG00000044014 ENSMUSG00000044014 0.024959203   -14.71684 -5.001251
ENSMUSG00000025129 ENSMUSG00000025129 0.001128658   -12.71529 -3.692845
ENSMUSG00000054191 ENSMUSG00000054191 0.004349337   -11.56076 -3.284843
ENSMUSG00000032125 ENSMUSG00000032125 0.010415212   -11.52807 -3.284843
ENSMUSG00000025431 ENSMUSG00000025431 0.001076857   -11.39100 -3.284843
ENSMUSG00000027967 ENSMUSG00000027967 0.003515043   -11.05698 -3.133152
                   std.logFC cellType.target std.logFC.rank     std.logFC.anno
ENSMUSG00000044014 0.1228044          random              1  std logFC = 0.123
ENSMUSG00000025129 0.1126812          random              2  std logFC = 0.113
ENSMUSG00000054191 0.1064423          random              3  std logFC = 0.106
ENSMUSG00000032125 0.1062608          random              4  std logFC = 0.106
ENSMUSG00000025431 0.1054966          random              5  std logFC = 0.105
ENSMUSG00000027967 0.1036130          random              6  std logFC = 0.104
[1] 257
Running 1vALL Testing for up-regulated genes
2024-09-08 01:27:09.33549 - Find markers for: random
2024-09-08 01:27:18.634773 - Find markers for: other
2024-09-08 01:27:28.166506 - Building Table
** Done! **

                                 gene        logFC log.p.value   log.FDR
ENSMUSG00000047225 ENSMUSG00000047225 0.0023456591   -18.67426 -8.958668
ENSMUSG00000046826 ENSMUSG00000046826 0.0046867864   -15.98543 -6.962983
ENSMUSG00000063605 ENSMUSG00000063605 0.0129356563   -15.39638 -6.779404
ENSMUSG00000031825 ENSMUSG00000031825 0.0131048940   -14.62172 -6.436279
ENSMUSG00000013584 ENSMUSG00000013584 0.0145903837   -14.54243 -6.436279
ENSMUSG00000033825 ENSMUSG00000033825 0.0004172148   -13.95215 -6.028315
                   std.logFC cellType.target std.logFC.rank     std.logFC.anno
ENSMUSG00000047225 0.1409337          random              1  std logFC = 0.141
ENSMUSG00000046826 0.1289379          random              2  std logFC = 0.129
ENSMUSG00000063605 0.1261678          random              3  std logFC = 0.126
ENSMUSG00000031825 0.1224362          random              4  std logFC = 0.122
ENSMUSG00000013584 0.1220483          random              5  std logFC = 0.122
ENSMUSG00000033825 0.1191236          random              6  std logFC = 0.119
[1] 258
Running 1vALL Testing for up-regulated genes
2024-09-08 01:27:28.410764 - Find markers for: other
2024-09-08 01:27:37.982148 - Find markers for: random
2024-09-08 01:27:47.338277 - Building Table
** Done! **

                                 gene        logFC log.p.value   log.FDR
ENSMUSG00000061311 ENSMUSG00000061311 0.0009371070   -13.57595 -3.860359
ENSMUSG00000072707 ENSMUSG00000072707 0.0014827943   -11.34342 -2.903218
ENSMUSG00000035626 ENSMUSG00000035626 0.0008965487   -11.27938 -2.903218
ENSMUSG00000027465 ENSMUSG00000027465 0.0436719910   -11.20440 -2.903218
ENSMUSG00000071005 ENSMUSG00000071005 0.0047497793   -11.00937 -2.903218
ENSMUSG00000034677 ENSMUSG00000034677 0.0022548358   -10.76700 -2.843173
                   std.logFC cellType.target std.logFC.rank     std.logFC.anno
ENSMUSG00000061311 0.1167399          random              1  std logFC = 0.117
ENSMUSG00000072707 0.1048768          random              2  std logFC = 0.105
ENSMUSG00000035626 0.1045184          random              3  std logFC = 0.105
ENSMUSG00000027465 0.1040974          random              4  std logFC = 0.104
ENSMUSG00000071005 0.1029950          random              5  std logFC = 0.103
ENSMUSG00000034677 0.1016098          random              6  std logFC = 0.102
[1] 259
Running 1vALL Testing for up-regulated genes
2024-09-08 01:27:47.55216 - Find markers for: other
2024-09-08 01:27:56.274191 - Find markers for: random
2024-09-08 01:28:04.699697 - Building Table
** Done! **

                                 gene        logFC log.p.value    log.FDR
ENSMUSG00000043230 ENSMUSG00000043230 0.0027439688   -22.49647 -12.780876
ENSMUSG00000024868 ENSMUSG00000024868 0.0007859444   -17.36153  -8.339083
ENSMUSG00000051457 ENSMUSG00000051457 0.0029588597   -15.46277  -6.845788
ENSMUSG00000011960 ENSMUSG00000011960 0.0637848909   -13.66821  -5.338914
ENSMUSG00000018263 ENSMUSG00000018263 0.0014352456   -10.58884  -2.484223
ENSMUSG00000029848 ENSMUSG00000029848 0.0013084184   -10.40805  -2.484223
                    std.logFC cellType.target std.logFC.rank     std.logFC.anno
ENSMUSG00000043230 0.15602825          random              1  std logFC = 0.156
ENSMUSG00000024868 0.13480122          random              2  std logFC = 0.135
ENSMUSG00000051457 0.12610788          random              3  std logFC = 0.126
ENSMUSG00000011960 0.11734398          random              4  std logFC = 0.117
ENSMUSG00000018263 0.10069878          random              5  std logFC = 0.101
ENSMUSG00000029848 0.09964336          random              6    std logFC = 0.1
[1] 260
Running 1vALL Testing for up-regulated genes
2024-09-08 01:28:04.900323 - Find markers for: other
2024-09-08 01:28:13.711315 - Find markers for: random
2024-09-08 01:28:22.502187 - Building Table
** Done! **

                                 gene        logFC log.p.value   log.FDR
ENSMUSG00000040554 ENSMUSG00000040554 0.0014230612   -14.16276 -4.447171
ENSMUSG00000048775 ENSMUSG00000048775 0.0008385728   -13.19647 -4.174025
ENSMUSG00000026009 ENSMUSG00000026009 0.0029743969   -12.46971 -3.852736
ENSMUSG00000031991 ENSMUSG00000031991 0.0022104773   -12.13547 -3.806173
ENSMUSG00000027184 ENSMUSG00000027184 0.0711562927   -11.56291 -3.538771
ENSMUSG00000040247 ENSMUSG00000040247 0.0074448298   -11.46260 -3.538771
                   std.logFC cellType.target std.logFC.rank     std.logFC.anno
ENSMUSG00000040554 0.1197485          random              1   std logFC = 0.12
ENSMUSG00000048775 0.1148707          random              2  std logFC = 0.115
ENSMUSG00000026009 0.1110724          random              3  std logFC = 0.111
ENSMUSG00000031991 0.1092850          random              4  std logFC = 0.109
ENSMUSG00000027184 0.1061593          random              5  std logFC = 0.106
ENSMUSG00000040247 0.1056031          random              6  std logFC = 0.106
[1] 261
Running 1vALL Testing for up-regulated genes
2024-09-08 01:28:22.709759 - Find markers for: other
2024-09-08 01:28:31.09564 - Find markers for: random
2024-09-08 01:28:39.39177 - Building Table
** Done! **

                                 gene        logFC log.p.value   log.FDR
ENSMUSG00000028716 ENSMUSG00000028716 0.0020363502  -16.818109 -7.102519
ENSMUSG00000031551 ENSMUSG00000031551 0.0068342622  -11.220744 -2.701649
ENSMUSG00000024409 ENSMUSG00000024409 0.0023642328  -11.043412 -2.701649
ENSMUSG00000066652 ENSMUSG00000066652 0.0016920282  -11.030945 -2.701649
ENSMUSG00000107417 ENSMUSG00000107417 0.0006460313   -9.740885 -1.634732
ENSMUSG00000035078 ENSMUSG00000035078 0.0283010075   -9.537023 -1.613192
                    std.logFC cellType.target std.logFC.rank     std.logFC.anno
ENSMUSG00000028716 0.13217971          random              1  std logFC = 0.132
ENSMUSG00000031551 0.10416342          random              2  std logFC = 0.104
ENSMUSG00000024409 0.10316251          random              3  std logFC = 0.103
ENSMUSG00000066652 0.10309181          random              4  std logFC = 0.103
ENSMUSG00000107417 0.09552220          random              5  std logFC = 0.096
ENSMUSG00000035078 0.09427624          random              6  std logFC = 0.094
[1] 262
Running 1vALL Testing for up-regulated genes
2024-09-08 01:28:39.599772 - Find markers for: other
2024-09-08 01:28:47.858886 - Find markers for: random
2024-09-08 01:28:56.153195 - Building Table
** Done! **

                                 gene        logFC log.p.value   log.FDR
ENSMUSG00000045027 ENSMUSG00000045027 0.0040692913   -15.05171 -5.336124
ENSMUSG00000028635 ENSMUSG00000028635 0.0005073113   -13.88415 -4.997019
ENSMUSG00000021822 ENSMUSG00000021822 0.0049479498   -13.32783 -4.997019
ENSMUSG00000037171 ENSMUSG00000037171 0.0047951666   -13.32632 -4.997019
ENSMUSG00000101031 ENSMUSG00000101031 0.0008874022   -11.74830 -3.686703
ENSMUSG00000045232 ENSMUSG00000045232 0.0016684744   -11.61053 -3.686703
                   std.logFC cellType.target std.logFC.rank     std.logFC.anno
ENSMUSG00000045027 0.1239455          random              1  std logFC = 0.124
ENSMUSG00000028635 0.1182340          random              2  std logFC = 0.118
ENSMUSG00000021822 0.1154208          random              3  std logFC = 0.115
ENSMUSG00000037171 0.1154131          random              4  std logFC = 0.115
ENSMUSG00000101031 0.1070654          random              5  std logFC = 0.107
ENSMUSG00000045232 0.1063082          random              6  std logFC = 0.106
[1] 263
Running 1vALL Testing for up-regulated genes
2024-09-08 01:28:56.356298 - Find markers for: random
2024-09-08 01:29:04.706885 - Find markers for: other
2024-09-08 01:29:13.021238 - Building Table
** Done! **

                                 gene        logFC log.p.value   log.FDR
ENSMUSG00000029272 ENSMUSG00000029272 0.0016707086   -13.55983 -4.430906
ENSMUSG00000043003 ENSMUSG00000043003 0.0134073129   -13.22972 -4.430906
ENSMUSG00000028736 ENSMUSG00000028736 0.0027495906   -13.04788 -4.430906
ENSMUSG00000035923 ENSMUSG00000035923 0.0007055649   -12.02608 -3.696781
ENSMUSG00000019779 ENSMUSG00000019779 0.0093673615   -11.77069 -3.664537
ENSMUSG00000044542 ENSMUSG00000044542 0.0013060996   -10.44039 -2.516561
                    std.logFC cellType.target std.logFC.rank     std.logFC.anno
ENSMUSG00000029272 0.11669390          random              1  std logFC = 0.117
ENSMUSG00000043003 0.11500909          random              2  std logFC = 0.115
ENSMUSG00000028736 0.11407127          random              3  std logFC = 0.114
ENSMUSG00000035923 0.10866337          random              4  std logFC = 0.109
ENSMUSG00000019779 0.10727284          random              5  std logFC = 0.107
ENSMUSG00000044542 0.09974629          random              6    std logFC = 0.1
[1] 264
Running 1vALL Testing for up-regulated genes
2024-09-08 01:29:13.222116 - Find markers for: other
2024-09-08 01:29:21.640163 - Find markers for: random
2024-09-08 01:29:30.046466 - Building Table
** Done! **

                                 gene        logFC log.p.value   log.FDR
ENSMUSG00000029707 ENSMUSG00000029707 0.0024125015   -14.20270 -4.487106
ENSMUSG00000066747 ENSMUSG00000066747 0.0007461119   -13.25268 -4.230235
ENSMUSG00000047225 ENSMUSG00000047225 0.0018665918   -12.58563 -4.123316
ENSMUSG00000038402 ENSMUSG00000038402 0.0072753756   -12.45261 -4.123316
ENSMUSG00000054200 ENSMUSG00000054200 0.0020369985   -11.53952 -3.433371
ENSMUSG00000062564 ENSMUSG00000062564 0.0015404826   -11.31951 -3.395675
                   std.logFC cellType.target std.logFC.rank     std.logFC.anno
ENSMUSG00000029707 0.1204119          random              1   std logFC = 0.12
ENSMUSG00000066747 0.1156068          random              2  std logFC = 0.116
ENSMUSG00000047225 0.1121199          random              3  std logFC = 0.112
ENSMUSG00000038402 0.1114126          random              4  std logFC = 0.111
ENSMUSG00000054200 0.1064416          random              5  std logFC = 0.106
ENSMUSG00000062564 0.1052119          random              6  std logFC = 0.105
[1] 265
Running 1vALL Testing for up-regulated genes
2024-09-08 01:29:30.253379 - Find markers for: other
2024-09-08 01:29:38.602224 - Find markers for: random
2024-09-08 01:29:47.256184 - Building Table
** Done! **

                                 gene       logFC log.p.value   log.FDR
ENSMUSG00000043144 ENSMUSG00000043144 0.002222827   -18.79610 -9.080509
ENSMUSG00000028533 ENSMUSG00000028533 0.002283859   -13.67359 -4.651150
ENSMUSG00000044220 ENSMUSG00000044220 0.002325939   -12.32632 -3.709337
ENSMUSG00000010760 ENSMUSG00000010760 0.001741261   -11.16310 -2.833805
ENSMUSG00000046667 ENSMUSG00000046667 0.020262628   -10.43712 -2.330972
ENSMUSG00000051652 ENSMUSG00000051652 0.009132884   -10.20888 -2.285051
                    std.logFC cellType.target std.logFC.rank     std.logFC.anno
ENSMUSG00000043144 0.14145959          random              1  std logFC = 0.141
ENSMUSG00000028533 0.11772429          random              2  std logFC = 0.118
ENSMUSG00000044220 0.11070539          random              3  std logFC = 0.111
ENSMUSG00000010760 0.10429968          random              4  std logFC = 0.104
ENSMUSG00000046667 0.10011404          random              5    std logFC = 0.1
ENSMUSG00000051652 0.09876509          random              6  std logFC = 0.099
[1] 266
Running 1vALL Testing for up-regulated genes
2024-09-08 01:29:47.488663 - Find markers for: other
2024-09-08 01:29:56.12013 - Find markers for: random
2024-09-08 01:30:04.477594 - Building Table
** Done! **

                                 gene       logFC log.p.value   log.FDR
ENSMUSG00000059114 ENSMUSG00000059114 0.002070259  -13.882606 -4.167016
ENSMUSG00000022221 ENSMUSG00000022221 0.001380850  -10.534216 -1.911996
ENSMUSG00000040028 ENSMUSG00000040028 0.057705515  -10.448148 -1.911996
ENSMUSG00000074206 ENSMUSG00000074206 0.001287607  -10.049447 -1.911996
ENSMUSG00000010025 ENSMUSG00000010025 0.029539355   -9.852034 -1.911996
ENSMUSG00000048875 ENSMUSG00000048875 0.002800178   -9.835827 -1.911996
                    std.logFC cellType.target std.logFC.rank     std.logFC.anno
ENSMUSG00000059114 0.11838290          random              1  std logFC = 0.118
ENSMUSG00000022221 0.10034730          random              2    std logFC = 0.1
ENSMUSG00000040028 0.09984482          random              3    std logFC = 0.1
ENSMUSG00000074206 0.09748680          random              4  std logFC = 0.097
ENSMUSG00000010025 0.09630008          random              5  std logFC = 0.096
ENSMUSG00000048875 0.09620207          random              6  std logFC = 0.096
[1] 267
Running 1vALL Testing for up-regulated genes
2024-09-08 01:30:04.694279 - Find markers for: other
2024-09-08 01:30:13.543222 - Find markers for: random
2024-09-08 01:30:22.249551 - Building Table
** Done! **

                                 gene        logFC log.p.value   log.FDR
ENSMUSG00000007480 ENSMUSG00000007480 0.0048523235  -12.599014 -2.883424
ENSMUSG00000002664 ENSMUSG00000002664 0.0009586262  -10.683447 -2.043183
ENSMUSG00000052468 ENSMUSG00000052468 0.0017965549   -9.998243 -2.043183
ENSMUSG00000011118 ENSMUSG00000011118 0.0019699992   -9.505018 -2.043183
ENSMUSG00000054321 ENSMUSG00000054321 0.0273904474   -9.190250 -2.043183
ENSMUSG00000002870 ENSMUSG00000002870 0.0090054139   -9.185985 -2.043183
                    std.logFC cellType.target std.logFC.rank     std.logFC.anno
ENSMUSG00000007480 0.11206965          random              1  std logFC = 0.112
ENSMUSG00000002664 0.10147114          random              2  std logFC = 0.101
ENSMUSG00000052468 0.09742794          random              3  std logFC = 0.097
ENSMUSG00000011118 0.09442169          random              4  std logFC = 0.094
ENSMUSG00000054321 0.09245764          random              5  std logFC = 0.092
ENSMUSG00000002870 0.09243078          random              6  std logFC = 0.092
[1] 268
Running 1vALL Testing for up-regulated genes
2024-09-08 01:30:22.464493 - Find markers for: other
2024-09-08 01:30:31.168451 - Find markers for: random
2024-09-08 01:30:40.231443 - Building Table
** Done! **

                                 gene        logFC log.p.value    log.FDR
ENSMUSG00000070713 ENSMUSG00000070713 0.0048304984   -20.83450 -11.118909
ENSMUSG00000028175 ENSMUSG00000028175 0.0131176578   -15.39665  -6.374210
ENSMUSG00000044086 ENSMUSG00000044086 0.0013438539   -13.26838  -4.802994
ENSMUSG00000020581 ENSMUSG00000020581 0.0036309472   -13.13229  -4.802994
ENSMUSG00000091376 ENSMUSG00000091376 0.0005284557   -12.76084  -4.654690
ENSMUSG00000059246 ENSMUSG00000059246 0.0104365555   -12.38511  -4.594402
                   std.logFC cellType.target std.logFC.rank     std.logFC.anno
ENSMUSG00000070713 0.1494497          random              1  std logFC = 0.149
ENSMUSG00000028175 0.1257773          random              2  std logFC = 0.126
ENSMUSG00000044086 0.1152913          random              3  std logFC = 0.115
ENSMUSG00000020581 0.1145907          random              4  std logFC = 0.115
ENSMUSG00000091376 0.1126580          random              5  std logFC = 0.113
ENSMUSG00000059246 0.1106715          random              6  std logFC = 0.111
[1] 269
Running 1vALL Testing for up-regulated genes
2024-09-08 01:30:40.461026 - Find markers for: other
2024-09-08 01:30:49.964874 - Find markers for: random
2024-09-08 01:30:59.621429 - Building Table
** Done! **

                                 gene        logFC log.p.value   log.FDR
ENSMUSG00000000411 ENSMUSG00000000411 0.0060265001  -16.594725 -6.879135
ENSMUSG00000028536 ENSMUSG00000028536 0.0011872597  -11.269117 -2.246674
ENSMUSG00000043119 ENSMUSG00000043119 0.0008877627  -10.227632 -1.629361
ENSMUSG00000031367 ENSMUSG00000031367 0.0482433666   -9.651139 -1.629361
ENSMUSG00000022496 ENSMUSG00000022496 0.0038827359   -9.445081 -1.629361
ENSMUSG00000028397 ENSMUSG00000028397 0.0664609129   -9.179442 -1.629361
                    std.logFC cellType.target std.logFC.rank     std.logFC.anno
ENSMUSG00000000411 0.13177816          random              1  std logFC = 0.132
ENSMUSG00000028536 0.10492026          random              2  std logFC = 0.105
ENSMUSG00000043119 0.09889729          random              3  std logFC = 0.099
ENSMUSG00000031367 0.09541686          random              4  std logFC = 0.095
ENSMUSG00000022496 0.09414495          random              5  std logFC = 0.094
ENSMUSG00000028397 0.09248231          random              6  std logFC = 0.092
[1] 270
Running 1vALL Testing for up-regulated genes
2024-09-08 01:30:59.851236 - Find markers for: other
2024-09-08 01:31:09.160781 - Find markers for: random
2024-09-08 01:31:18.397067 - Building Table
** Done! **

                                 gene        logFC log.p.value   log.FDR
ENSMUSG00000074195 ENSMUSG00000074195 0.0010530006   -12.55009 -2.834497
ENSMUSG00000002204 ENSMUSG00000002204 0.0081242842   -11.74980 -2.740921
ENSMUSG00000068614 ENSMUSG00000068614 0.0011846847   -11.35790 -2.740921
ENSMUSG00000038246 ENSMUSG00000038246 0.0035525923   -10.77197 -2.442677
ENSMUSG00000034685 ENSMUSG00000034685 0.0316145532   -10.40949 -2.404128
ENSMUSG00000017300 ENSMUSG00000017300 0.0005430018   -10.32796 -2.404128
                    std.logFC cellType.target std.logFC.rank     std.logFC.anno
ENSMUSG00000074195 0.11201167          random              1  std logFC = 0.112
ENSMUSG00000002204 0.10768222          random              2  std logFC = 0.108
ENSMUSG00000068614 0.10550308          random              3  std logFC = 0.106
ENSMUSG00000038246 0.10216653          random              4  std logFC = 0.102
ENSMUSG00000034685 0.10005207          random              5    std logFC = 0.1
ENSMUSG00000017300 0.09957092          random              6    std logFC = 0.1
[1] 271
Running 1vALL Testing for up-regulated genes
2024-09-08 01:31:18.615436 - Find markers for: random
2024-09-08 01:31:27.791498 - Find markers for: other
2024-09-08 01:31:36.840587 - Building Table
** Done! **

                                 gene        logFC log.p.value   log.FDR
ENSMUSG00000060459 ENSMUSG00000060459 0.0018964203   -16.23975 -6.524156
ENSMUSG00000025081 ENSMUSG00000025081 0.0038341648   -12.94575 -3.980107
ENSMUSG00000032807 ENSMUSG00000032807 0.0026298564   -12.49446 -3.980107
ENSMUSG00000026085 ENSMUSG00000026085 0.0008357497   -12.30940 -3.980107
ENSMUSG00000093866 ENSMUSG00000093866 0.0019602446   -11.89153 -3.837214
ENSMUSG00000031750 ENSMUSG00000031750 0.0348501239   -11.76104 -3.837214
                   std.logFC cellType.target std.logFC.rank     std.logFC.anno
ENSMUSG00000060459 0.1293547          random              1  std logFC = 0.129
ENSMUSG00000025081 0.1133103          random              2  std logFC = 0.113
ENSMUSG00000032807 0.1109460          random              3  std logFC = 0.111
ENSMUSG00000026085 0.1099630          random              4   std logFC = 0.11
ENSMUSG00000093866 0.1077132          random              5  std logFC = 0.108
ENSMUSG00000031750 0.1070018          random              6  std logFC = 0.107
[1] 272
Running 1vALL Testing for up-regulated genes
2024-09-08 01:31:37.05598 - Find markers for: other
2024-09-08 01:31:45.937181 - Find markers for: random
2024-09-08 01:31:55.056971 - Building Table
** Done! **

                                 gene        logFC log.p.value   log.FDR
ENSMUSG00000008461 ENSMUSG00000008461 0.0006305125  -13.814988 -4.099397
ENSMUSG00000078795 ENSMUSG00000078795 0.0016973021  -11.840509 -2.818066
ENSMUSG00000047557 ENSMUSG00000047557 0.0314250802  -10.841254 -2.394796
ENSMUSG00000093866 ENSMUSG00000093866 0.0018539518  -10.724093 -2.394796
ENSMUSG00000022503 ENSMUSG00000022503 0.0268784509  -10.089869 -1.983716
ENSMUSG00000021907 ENSMUSG00000021907 0.0011661429   -9.790593 -1.917118
                   std.logFC cellType.target std.logFC.rank     std.logFC.anno
ENSMUSG00000008461 0.1185319          random              1  std logFC = 0.119
ENSMUSG00000078795 0.1081574          random              2  std logFC = 0.108
ENSMUSG00000047557 0.1025439          random              3  std logFC = 0.103
ENSMUSG00000093866 0.1018673          random              4  std logFC = 0.102
ENSMUSG00000022503 0.0981323          random              5  std logFC = 0.098
ENSMUSG00000021907 0.0963247          random              6  std logFC = 0.096
[1] 273
Running 1vALL Testing for up-regulated genes
2024-09-08 01:31:55.254974 - Find markers for: other
2024-09-08 01:32:04.247044 - Find markers for: random
2024-09-08 01:32:12.844283 - Building Table
** Done! **

                                 gene        logFC log.p.value   log.FDR
ENSMUSG00000062518 ENSMUSG00000062518 0.0006834515   -12.32658 -2.812158
ENSMUSG00000028599 ENSMUSG00000028599 0.0108787735   -11.42307 -2.812158
ENSMUSG00000047990 ENSMUSG00000047990 0.0013499022   -11.22186 -2.812158
ENSMUSG00000017950 ENSMUSG00000017950 0.0009467199   -11.09663 -2.812158
ENSMUSG00000020108 ENSMUSG00000020108 0.0374548894   -10.68544 -2.812158
ENSMUSG00000026739 ENSMUSG00000026739 0.0235112133   -10.66055 -2.812158
                   std.logFC cellType.target std.logFC.rank     std.logFC.anno
ENSMUSG00000062518 0.1101134          random              1   std logFC = 0.11
ENSMUSG00000028599 0.1051951          random              2  std logFC = 0.105
ENSMUSG00000047990 0.1040710          random              3  std logFC = 0.104
ENSMUSG00000017950 0.1033658          random              4  std logFC = 0.103
ENSMUSG00000020108 0.1010189          random              5  std logFC = 0.101
ENSMUSG00000026739 0.1008752          random              6  std logFC = 0.101
[1] 274
Running 1vALL Testing for up-regulated genes
2024-09-08 01:32:13.07065 - Find markers for: other
2024-09-08 01:32:22.382895 - Find markers for: random
2024-09-08 01:32:31.716093 - Building Table
** Done! **

                                 gene       logFC log.p.value   log.FDR
ENSMUSG00000027861 ENSMUSG00000027861 0.014915057   -12.28668 -2.571087
ENSMUSG00000021148 ENSMUSG00000021148 0.001050316   -10.97096 -2.407685
ENSMUSG00000056078 ENSMUSG00000056078 0.001129759   -10.89558 -2.407685
ENSMUSG00000048200 ENSMUSG00000048200 0.009525162   -10.38721 -2.407685
ENSMUSG00000043430 ENSMUSG00000043430 0.003717348   -10.36110 -2.407685
ENSMUSG00000020686 ENSMUSG00000020686 0.007925604   -10.33152 -2.407685
                    std.logFC cellType.target std.logFC.rank     std.logFC.anno
ENSMUSG00000027861 0.10997356          random              1   std logFC = 0.11
ENSMUSG00000021148 0.10272196          random              2  std logFC = 0.103
ENSMUSG00000056078 0.10229237          random              3  std logFC = 0.102
ENSMUSG00000048200 0.09935144          random              4  std logFC = 0.099
ENSMUSG00000043430 0.09919831          random              5  std logFC = 0.099
ENSMUSG00000020686 0.09902447          random              6  std logFC = 0.099
[1] 275
Running 1vALL Testing for up-regulated genes
2024-09-08 01:32:31.933946 - Find markers for: other
2024-09-08 01:32:41.087094 - Find markers for: random
2024-09-08 01:32:50.537919 - Building Table
** Done! **

                                 gene       logFC log.p.value   log.FDR
ENSMUSG00000029138 ENSMUSG00000029138 0.003708154   -13.17973 -3.522446
ENSMUSG00000025519 ENSMUSG00000025519 0.001069747   -12.54489 -3.522446
ENSMUSG00000025907 ENSMUSG00000025907 0.077112042   -11.53051 -2.913533
ENSMUSG00000054046 ENSMUSG00000054046 0.002763020   -11.07573 -2.746434
ENSMUSG00000102418 ENSMUSG00000102418 0.001859933   -10.59871 -2.682708
ENSMUSG00000018569 ENSMUSG00000018569 0.001827210   -10.50310 -2.682708
                   std.logFC cellType.target std.logFC.rank     std.logFC.anno
ENSMUSG00000029138 0.1144557          random              1  std logFC = 0.114
ENSMUSG00000025519 0.1111515          random              2  std logFC = 0.111
ENSMUSG00000025907 0.1056763          random              3  std logFC = 0.106
ENSMUSG00000054046 0.1031359          random              4  std logFC = 0.103
ENSMUSG00000102418 0.1004087          random              5    std logFC = 0.1
ENSMUSG00000018569 0.0998540          random              6    std logFC = 0.1
[1] 276
Running 1vALL Testing for up-regulated genes
2024-09-08 01:32:50.757858 - Find markers for: other
2024-09-08 01:32:59.650953 - Find markers for: random
2024-09-08 01:33:08.873408 - Building Table
** Done! **

                                 gene        logFC log.p.value   log.FDR
ENSMUSG00000023176 ENSMUSG00000023176 0.0006343622  -13.112503 -3.570770
ENSMUSG00000051682 ENSMUSG00000051682 0.0014543236  -12.593214 -3.570770
ENSMUSG00000043681 ENSMUSG00000043681 0.0016518702  -11.305777 -2.891827
ENSMUSG00000067597 ENSMUSG00000067597 0.0074318444  -11.221123 -2.891827
ENSMUSG00000006641 ENSMUSG00000006641 0.0184777506  -10.797866 -2.691713
ENSMUSG00000036863 ENSMUSG00000036863 0.0200084960   -9.109167 -1.564909
                    std.logFC cellType.target std.logFC.rank     std.logFC.anno
ENSMUSG00000023176 0.11463781          random              1  std logFC = 0.115
ENSMUSG00000051682 0.11192155          random              2  std logFC = 0.112
ENSMUSG00000043681 0.10491107          random              3  std logFC = 0.105
ENSMUSG00000067597 0.10443510          random              4  std logFC = 0.104
ENSMUSG00000006641 0.10202519          random              5  std logFC = 0.102
ENSMUSG00000036863 0.09184933          random              6  std logFC = 0.092
[1] 277
Running 1vALL Testing for up-regulated genes
2024-09-08 01:33:09.087593 - Find markers for: other
2024-09-08 01:33:17.736544 - Find markers for: random
2024-09-08 01:33:26.990512 - Building Table
** Done! **

                                 gene        logFC log.p.value   log.FDR
ENSMUSG00000040498 ENSMUSG00000040498 0.0017874640   -15.61335 -5.897755
ENSMUSG00000053388 ENSMUSG00000053388 0.0025066926   -14.22425 -5.220975
ENSMUSG00000026285 ENSMUSG00000026285 0.0005880405   -13.83795 -5.220975
ENSMUSG00000073897 ENSMUSG00000073897 0.0008421413   -13.40521 -5.075915
ENSMUSG00000031097 ENSMUSG00000031097 0.0026171952   -12.40079 -4.335676
ENSMUSG00000054446 ENSMUSG00000054446 0.0009690322   -12.25951 -4.335676
                   std.logFC cellType.target std.logFC.rank     std.logFC.anno
ENSMUSG00000040498 0.1269295          random              1  std logFC = 0.127
ENSMUSG00000053388 0.1202289          random              2   std logFC = 0.12
ENSMUSG00000026285 0.1183030          random              3  std logFC = 0.118
ENSMUSG00000073897 0.1161106          random              4  std logFC = 0.116
ENSMUSG00000031097 0.1108685          random              5  std logFC = 0.111
ENSMUSG00000054446 0.1101128          random              6   std logFC = 0.11
[1] 278
Running 1vALL Testing for up-regulated genes
2024-09-08 01:33:27.215734 - Find markers for: other
2024-09-08 01:33:36.680993 - Find markers for: random
2024-09-08 01:33:45.519487 - Building Table
** Done! **

                                 gene        logFC log.p.value    log.FDR
ENSMUSG00000058669 ENSMUSG00000058669 0.0060632610   -21.56246 -11.846873
ENSMUSG00000016458 ENSMUSG00000016458 0.0022434953   -13.90774  -4.885301
ENSMUSG00000070873 ENSMUSG00000070873 0.0028360728   -12.60340  -3.986425
ENSMUSG00000037335 ENSMUSG00000037335 0.0009349174   -12.25548  -3.926181
ENSMUSG00000028004 ENSMUSG00000028004 0.0126035112   -11.50532  -3.399168
ENSMUSG00000059430 ENSMUSG00000059430 0.0050612681   -11.18189  -3.258058
                   std.logFC cellType.target std.logFC.rank     std.logFC.anno
ENSMUSG00000058669 0.1521946          random              1  std logFC = 0.152
ENSMUSG00000016458 0.1184074          random              2  std logFC = 0.118
ENSMUSG00000070873 0.1117123          random              3  std logFC = 0.112
ENSMUSG00000037335 0.1098632          random              4   std logFC = 0.11
ENSMUSG00000028004 0.1057761          random              5  std logFC = 0.106
ENSMUSG00000059430 0.1039689          random              6  std logFC = 0.104
[1] 279
Running 1vALL Testing for up-regulated genes
2024-09-08 01:33:45.732303 - Find markers for: other
2024-09-08 01:33:54.6543 - Find markers for: random
2024-09-08 01:34:04.136509 - Building Table
** Done! **

                                 gene       logFC log.p.value    log.FDR
ENSMUSG00000023433 ENSMUSG00000023433 0.001256534   -20.86520 -11.149609
ENSMUSG00000045930 ENSMUSG00000045930 0.009495677   -16.06316  -7.040713
ENSMUSG00000047034 ENSMUSG00000047034 0.001222791   -12.78939  -4.172412
ENSMUSG00000050122 ENSMUSG00000050122 0.029309493   -12.43281  -4.103517
ENSMUSG00000018377 ENSMUSG00000018377 0.059001413   -11.87703  -3.836900
ENSMUSG00000037014 ENSMUSG00000037014 0.004775009   -11.76073  -3.836900
                   std.logFC cellType.target std.logFC.rank     std.logFC.anno
ENSMUSG00000023433 0.1494587          random              1  std logFC = 0.149
ENSMUSG00000045930 0.1287990          random              2  std logFC = 0.129
ENSMUSG00000047034 0.1127212          random              3  std logFC = 0.113
ENSMUSG00000050122 0.1108406          random              4  std logFC = 0.111
ENSMUSG00000018377 0.1078495          random              5  std logFC = 0.108
ENSMUSG00000037014 0.1072140          random              6  std logFC = 0.107
[1] 280
Running 1vALL Testing for up-regulated genes
2024-09-08 01:34:04.365643 - Find markers for: other
2024-09-08 01:34:13.830703 - Find markers for: random
2024-09-08 01:34:22.628543 - Building Table
** Done! **

                                 gene        logFC log.p.value   log.FDR
ENSMUSG00000071890 ENSMUSG00000071890 0.0039112482  -16.018713 -6.303123
ENSMUSG00000027528 ENSMUSG00000027528 0.0007642559  -13.730432 -4.707989
ENSMUSG00000032226 ENSMUSG00000032226 0.0017298938  -12.295900 -3.678922
ENSMUSG00000001948 ENSMUSG00000001948 0.0242973471  -10.284261 -1.954965
ENSMUSG00000034647 ENSMUSG00000034647 0.0806826536   -9.777407 -1.909251
ENSMUSG00000041954 ENSMUSG00000041954 0.0064299671   -9.719851 -1.909251
                    std.logFC cellType.target std.logFC.rank     std.logFC.anno
ENSMUSG00000071890 0.12869106          random              1  std logFC = 0.129
ENSMUSG00000027528 0.11764058          random              2  std logFC = 0.118
ENSMUSG00000032226 0.11019437          random              3   std logFC = 0.11
ENSMUSG00000001948 0.09890022          random              4  std logFC = 0.099
ENSMUSG00000034647 0.09586601          random              5  std logFC = 0.096
ENSMUSG00000041954 0.09551600          random              6  std logFC = 0.096
[1] 281
Running 1vALL Testing for up-regulated genes
2024-09-08 01:34:22.833156 - Find markers for: other
2024-09-08 01:34:31.432554 - Find markers for: random
2024-09-08 01:34:40.819411 - Building Table
** Done! **

                                 gene       logFC log.p.value   log.FDR
ENSMUSG00000013353 ENSMUSG00000013353 0.001256927  -13.987512 -4.271921
ENSMUSG00000028298 ENSMUSG00000028298 0.002714443  -12.532645 -3.510202
ENSMUSG00000048612 ENSMUSG00000048612 0.021396762  -10.928872 -2.311894
ENSMUSG00000042118 ENSMUSG00000042118 0.003589310  -10.579174 -2.249878
ENSMUSG00000045989 ENSMUSG00000045989 0.000999085   -9.337291 -1.532980
ENSMUSG00000022435 ENSMUSG00000022435 0.002136291   -9.139446 -1.532980
                    std.logFC cellType.target std.logFC.rank     std.logFC.anno
ENSMUSG00000013353 0.11899171          random              1  std logFC = 0.119
ENSMUSG00000028298 0.11151302          random              2  std logFC = 0.112
ENSMUSG00000048612 0.10269575          random              3  std logFC = 0.103
ENSMUSG00000042118 0.10068037          random              4  std logFC = 0.101
ENSMUSG00000045989 0.09320850          random              5  std logFC = 0.093
ENSMUSG00000022435 0.09196823          random              6  std logFC = 0.092
[1] 282
Running 1vALL Testing for up-regulated genes
2024-09-08 01:34:41.063226 - Find markers for: other
2024-09-08 01:34:49.968801 - Find markers for: random
2024-09-08 01:34:58.998851 - Building Table
** Done! **

                                 gene        logFC log.p.value   log.FDR
ENSMUSG00000030968 ENSMUSG00000030968 0.0007982156  -14.229884 -4.514294
ENSMUSG00000058794 ENSMUSG00000058794 0.0008547791  -11.276457 -2.254014
ENSMUSG00000043895 ENSMUSG00000043895 0.0098439483  -10.038638 -1.532564
ENSMUSG00000044338 ENSMUSG00000044338 0.0014368687   -9.777964 -1.532564
ENSMUSG00000030188 ENSMUSG00000030188 0.0210237302   -9.423412 -1.532564
ENSMUSG00000042138 ENSMUSG00000042138 0.0478455658   -9.364411 -1.532564
                    std.logFC cellType.target std.logFC.rank     std.logFC.anno
ENSMUSG00000030968 0.11977049          random              1   std logFC = 0.12
ENSMUSG00000058794 0.10429373          random              2  std logFC = 0.104
ENSMUSG00000043895 0.09714643          random              3  std logFC = 0.097
ENSMUSG00000044338 0.09558014          random              4  std logFC = 0.096
ENSMUSG00000030188 0.09341212          random              5  std logFC = 0.093
ENSMUSG00000042138 0.09304696          random              6  std logFC = 0.093
[1] 283
Running 1vALL Testing for up-regulated genes
2024-09-08 01:34:59.27081 - Find markers for: random
2024-09-08 01:35:08.255014 - Find markers for: other
2024-09-08 01:35:17.234343 - Building Table
** Done! **

                                 gene        logFC log.p.value   log.FDR
ENSMUSG00000044534 ENSMUSG00000044534 0.0051953539   -13.71597 -4.901087
ENSMUSG00000030402 ENSMUSG00000030402 0.0039411839   -13.58293 -4.901087
ENSMUSG00000034384 ENSMUSG00000034384 0.0068622246   -13.51807 -4.901087
ENSMUSG00000004341 ENSMUSG00000004341 0.0038700368   -12.72264 -4.393346
ENSMUSG00000095304 ENSMUSG00000095304 0.0006844309   -11.94871 -3.842554
ENSMUSG00000028750 ENSMUSG00000028750 0.0039558829   -10.03749 -2.235207
                    std.logFC cellType.target std.logFC.rank     std.logFC.anno
ENSMUSG00000044534 0.11722125          random              1  std logFC = 0.117
ENSMUSG00000030402 0.11655064          random              2  std logFC = 0.117
ENSMUSG00000034384 0.11622242          random              3  std logFC = 0.116
ENSMUSG00000004341 0.11212542          random              4  std logFC = 0.112
ENSMUSG00000095304 0.10800260          random              5  std logFC = 0.108
ENSMUSG00000028750 0.09714644          random              6  std logFC = 0.097
[1] 284
Running 1vALL Testing for up-regulated genes
2024-09-08 01:35:17.455072 - Find markers for: other
2024-09-08 01:35:26.471066 - Find markers for: random
2024-09-08 01:35:34.974785 - Building Table
** Done! **

                                 gene        logFC log.p.value    log.FDR
ENSMUSG00000074378 ENSMUSG00000074378 0.0025826852   -20.79578 -11.080185
ENSMUSG00000016529 ENSMUSG00000016529 0.0035136914   -15.16650  -6.144053
ENSMUSG00000006344 ENSMUSG00000006344 0.0151934429   -13.59073  -5.252184
ENSMUSG00000019851 ENSMUSG00000019851 0.0122909908   -13.58148  -5.252184
ENSMUSG00000008874 ENSMUSG00000008874 0.0009082574   -12.57800  -4.471843
ENSMUSG00000072754 ENSMUSG00000072754 0.0015604924   -11.85729  -3.933457
                   std.logFC cellType.target std.logFC.rank     std.logFC.anno
ENSMUSG00000074378 0.1492728          random              1  std logFC = 0.149
ENSMUSG00000016529 0.1246655          random              2  std logFC = 0.125
ENSMUSG00000006344 0.1169191          random              3  std logFC = 0.117
ENSMUSG00000019851 0.1168722          random              4  std logFC = 0.117
ENSMUSG00000008874 0.1116798          random              5  std logFC = 0.112
ENSMUSG00000072754 0.1078095          random              6  std logFC = 0.108
[1] 285
Running 1vALL Testing for up-regulated genes
2024-09-08 01:35:35.195829 - Find markers for: other
2024-09-08 01:35:43.648263 - Find markers for: random
2024-09-08 01:35:52.385252 - Building Table
** Done! **

                                 gene       logFC log.p.value   log.FDR
ENSMUSG00000020830 ENSMUSG00000020830 0.001790725   -15.24418 -5.528586
ENSMUSG00000056487 ENSMUSG00000056487 0.001794068   -12.72714 -3.990667
ENSMUSG00000006216 ENSMUSG00000006216 0.001263797   -12.60765 -3.990667
ENSMUSG00000035861 ENSMUSG00000035861 0.001201213   -12.14241 -3.813110
ENSMUSG00000044086 ENSMUSG00000044086 0.001237201   -11.47748 -3.371331
ENSMUSG00000059169 ENSMUSG00000059169 0.001481830   -11.24514 -3.321314
                   std.logFC cellType.target std.logFC.rank     std.logFC.anno
ENSMUSG00000020830 0.1255270          random              1  std logFC = 0.126
ENSMUSG00000056487 0.1129073          random              2  std logFC = 0.113
ENSMUSG00000006216 0.1122757          random              3  std logFC = 0.112
ENSMUSG00000035861 0.1097851          random              4   std logFC = 0.11
ENSMUSG00000044086 0.1061332          random              5  std logFC = 0.106
ENSMUSG00000059169 0.1048298          random              6  std logFC = 0.105
[1] 286
Running 1vALL Testing for up-regulated genes
2024-09-08 01:35:52.602568 - Find markers for: other
2024-09-08 01:36:01.639704 - Find markers for: random
2024-09-08 01:36:10.81267 - Building Table
** Done! **

                                 gene       logFC log.p.value   log.FDR
ENSMUSG00000054435 ENSMUSG00000054435 0.002036356  -14.273784 -4.558193
ENSMUSG00000050876 ENSMUSG00000050876 0.010025431  -13.527381 -4.504938
ENSMUSG00000060180 ENSMUSG00000060180 0.002708829  -11.334813 -2.717835
ENSMUSG00000022243 ENSMUSG00000022243 0.002505665   -9.827779 -1.624151
ENSMUSG00000024266 ENSMUSG00000024266 0.002452785   -9.669706 -1.624151
ENSMUSG00000025479 ENSMUSG00000025479 0.003686092   -9.547982 -1.624151
                    std.logFC cellType.target std.logFC.rank     std.logFC.anno
ENSMUSG00000054435 0.12070191          random              1  std logFC = 0.121
ENSMUSG00000050876 0.11695449          random              2  std logFC = 0.117
ENSMUSG00000060180 0.10524342          random              3  std logFC = 0.105
ENSMUSG00000022243 0.09645282          random              4  std logFC = 0.096
ENSMUSG00000024266 0.09548873          random              5  std logFC = 0.095
ENSMUSG00000025479 0.09474036          random              6  std logFC = 0.095
[1] 287
Running 1vALL Testing for up-regulated genes
2024-09-08 01:36:11.0332 - Find markers for: other
2024-09-08 01:36:19.930189 - Find markers for: random
2024-09-08 01:36:29.302691 - Building Table
** Done! **

                                 gene        logFC log.p.value   log.FDR
ENSMUSG00000019900 ENSMUSG00000019900 0.0012417547   -14.95058 -5.234985
ENSMUSG00000094445 ENSMUSG00000094445 0.0005450527   -13.46112 -4.438680
ENSMUSG00000035836 ENSMUSG00000035836 0.0007361253   -12.14484 -3.527866
ENSMUSG00000036615 ENSMUSG00000036615 0.0325481638   -11.46898 -3.139680
ENSMUSG00000114755 ENSMUSG00000114755 0.0018060554   -10.45936 -2.353210
ENSMUSG00000038508 ENSMUSG00000038508 0.0028146279   -10.02417 -2.100343
                    std.logFC cellType.target std.logFC.rank     std.logFC.anno
ENSMUSG00000019900 0.12329526          random              1  std logFC = 0.123
ENSMUSG00000094445 0.11594529          random              2  std logFC = 0.116
ENSMUSG00000035836 0.10907196          random              3  std logFC = 0.109
ENSMUSG00000036615 0.10538388          random              4  std logFC = 0.105
ENSMUSG00000114755 0.09964477          random              5    std logFC = 0.1
ENSMUSG00000038508 0.09707679          random              6  std logFC = 0.097
[1] 288
Running 1vALL Testing for up-regulated genes
2024-09-08 01:36:29.539457 - Find markers for: other
2024-09-08 01:36:38.21195 - Find markers for: random
2024-09-08 01:36:47.131513 - Building Table
** Done! **

                                 gene       logFC log.p.value   log.FDR
ENSMUSG00000063894 ENSMUSG00000063894 0.032944147   -14.16615 -4.450560
ENSMUSG00000059481 ENSMUSG00000059481 0.004880552   -13.26937 -4.424186
ENSMUSG00000034031 ENSMUSG00000034031 0.001024887   -12.97089 -4.424186
ENSMUSG00000009487 ENSMUSG00000009487 0.001530983   -12.75348 -4.424186
ENSMUSG00000046934 ENSMUSG00000046934 0.001579804   -11.80223 -3.877696
ENSMUSG00000094649 ENSMUSG00000094649 0.001007631   -11.80153 -3.877696
                   std.logFC cellType.target std.logFC.rank     std.logFC.anno
ENSMUSG00000063894 0.1197933          random              1   std logFC = 0.12
ENSMUSG00000059481 0.1152723          random              2  std logFC = 0.115
ENSMUSG00000034031 0.1137309          random              3  std logFC = 0.114
ENSMUSG00000009487 0.1125959          random              4  std logFC = 0.113
ENSMUSG00000046934 0.1075011          random              5  std logFC = 0.108
ENSMUSG00000094649 0.1074972          random              6  std logFC = 0.107
[1] 289
Running 1vALL Testing for up-regulated genes
2024-09-08 01:36:47.362821 - Find markers for: other
2024-09-08 01:36:55.862521 - Find markers for: random
2024-09-08 01:37:04.202665 - Building Table
** Done! **

                                 gene       logFC log.p.value   log.FDR
ENSMUSG00000055865 ENSMUSG00000055865 0.002172153   -16.44975 -6.734162
ENSMUSG00000038179 ENSMUSG00000038179 0.002905384   -13.48989 -4.467449
ENSMUSG00000050641 ENSMUSG00000050641 0.001336552   -12.49777 -4.155400
ENSMUSG00000038997 ENSMUSG00000038997 0.002955190   -12.48470 -4.155400
ENSMUSG00000054537 ENSMUSG00000054537 0.001059299   -10.99829 -2.892139
ENSMUSG00000041620 ENSMUSG00000041620 0.001267605   -10.50741 -2.583579
                   std.logFC cellType.target std.logFC.rank     std.logFC.anno
ENSMUSG00000055865 0.1310953          random              1  std logFC = 0.131
ENSMUSG00000038179 0.1167971          random              2  std logFC = 0.117
ENSMUSG00000050641 0.1116278          random              3  std logFC = 0.112
ENSMUSG00000038997 0.1115582          random              4  std logFC = 0.112
ENSMUSG00000054537 0.1033691          random              5  std logFC = 0.103
ENSMUSG00000041620 0.1005321          random              6  std logFC = 0.101
[1] 290
Running 1vALL Testing for up-regulated genes
2024-09-08 01:37:04.419116 - Find markers for: other
2024-09-08 01:37:13.33331 - Find markers for: random
2024-09-08 01:37:21.87799 - Building Table
** Done! **

                                 gene        logFC log.p.value   log.FDR
ENSMUSG00000058028 ENSMUSG00000058028 0.0028141032  -16.688055 -6.972465
ENSMUSG00000018925 ENSMUSG00000018925 0.0119022795  -14.506833 -5.484389
ENSMUSG00000110091 ENSMUSG00000110091 0.0005151173  -12.629864 -4.012886
ENSMUSG00000025525 ENSMUSG00000025525 0.0329248460  -11.715822 -3.386526
ENSMUSG00000058741 ENSMUSG00000058741 0.0012897983  -10.406742 -2.300590
ENSMUSG00000032808 ENSMUSG00000032808 0.0030499845   -9.687503 -1.928043
                    std.logFC cellType.target std.logFC.rank     std.logFC.anno
ENSMUSG00000058028 0.13155542          random              1  std logFC = 0.132
ENSMUSG00000018925 0.12130611          random              2  std logFC = 0.121
ENSMUSG00000110091 0.11179483          random              3  std logFC = 0.112
ENSMUSG00000025525 0.10688296          random              4  std logFC = 0.107
ENSMUSG00000058741 0.09946644          random              5  std logFC = 0.099
ENSMUSG00000032808 0.09517094          random              6  std logFC = 0.095
[1] 291
Running 1vALL Testing for up-regulated genes
2024-09-08 01:37:22.088127 - Find markers for: other
2024-09-08 01:37:31.124098 - Find markers for: random
2024-09-08 01:37:39.466496 - Building Table
** Done! **

                                 gene        logFC log.p.value   log.FDR
ENSMUSG00000021678 ENSMUSG00000021678 0.0007291518   -13.95318 -4.237587
ENSMUSG00000045378 ENSMUSG00000045378 0.0012356085   -12.93969 -3.917251
ENSMUSG00000011267 ENSMUSG00000011267 0.0048336095   -11.79268 -3.175703
ENSMUSG00000050613 ENSMUSG00000050613 0.0009028211   -11.04554 -2.716247
ENSMUSG00000000049 ENSMUSG00000000049 0.0065339165   -10.53703 -2.430880
ENSMUSG00000026675 ENSMUSG00000026675 0.0211755800   -10.14896 -2.225133
                    std.logFC cellType.target std.logFC.rank     std.logFC.anno
ENSMUSG00000021678 0.11884888          random              1  std logFC = 0.119
ENSMUSG00000045378 0.11367848          random              2  std logFC = 0.114
ENSMUSG00000011267 0.10755274          random              3  std logFC = 0.108
ENSMUSG00000050613 0.10338516          random              4  std logFC = 0.103
ENSMUSG00000000049 0.10045925          random              5    std logFC = 0.1
ENSMUSG00000026675 0.09817352          random              6  std logFC = 0.098
[1] 292
Running 1vALL Testing for up-regulated genes
2024-09-08 01:37:39.676012 - Find markers for: other
2024-09-08 01:37:47.984333 - Find markers for: random
2024-09-08 01:37:57.114495 - Building Table
** Done! **

                                 gene        logFC log.p.value   log.FDR
ENSMUSG00000015619 ENSMUSG00000015619 0.0016726243  -12.535759 -2.820168
ENSMUSG00000021789 ENSMUSG00000021789 0.0006241912  -11.549087 -2.526644
ENSMUSG00000030159 ENSMUSG00000030159 0.0043903379  -10.881509 -2.264531
ENSMUSG00000048905 ENSMUSG00000048905 0.0082014201  -10.530046 -2.200749
ENSMUSG00000082101 ENSMUSG00000082101 0.0006310365  -10.238545 -2.132393
ENSMUSG00000036211 ENSMUSG00000036211 0.0010092277   -9.520938 -1.848834
                    std.logFC cellType.target std.logFC.rank     std.logFC.anno
ENSMUSG00000015619 0.11163587          random              1  std logFC = 0.112
ENSMUSG00000021789 0.10628597          random              2  std logFC = 0.106
ENSMUSG00000030159 0.10252257          random              3  std logFC = 0.103
ENSMUSG00000048905 0.10049004          random              4    std logFC = 0.1
ENSMUSG00000082101 0.09877570          random              5  std logFC = 0.099
ENSMUSG00000036211 0.09443674          random              6  std logFC = 0.094
[1] 293
Running 1vALL Testing for up-regulated genes
2024-09-08 01:37:57.350709 - Find markers for: other
2024-09-08 01:38:05.846474 - Find markers for: random
2024-09-08 01:38:14.59497 - Building Table
** Done! **

                                 gene       logFC log.p.value   log.FDR
ENSMUSG00000055561 ENSMUSG00000055561 0.001111392   -15.78153 -6.065939
ENSMUSG00000114755 ENSMUSG00000114755 0.002196350   -14.37973 -5.357284
ENSMUSG00000049409 ENSMUSG00000049409 0.001066961   -11.73003 -3.344558
ENSMUSG00000018862 ENSMUSG00000018862 0.002650425   -11.67385 -3.344558
ENSMUSG00000037446 ENSMUSG00000037446 0.003194673   -11.28600 -3.279736
ENSMUSG00000006724 ENSMUSG00000006724 0.003147162   -11.20357 -3.279736
                   std.logFC cellType.target std.logFC.rank     std.logFC.anno
ENSMUSG00000055561 0.1279330          random              1  std logFC = 0.128
ENSMUSG00000114755 0.1211991          random              2  std logFC = 0.121
ENSMUSG00000049409 0.1074175          random              3  std logFC = 0.107
ENSMUSG00000018862 0.1071077          random              4  std logFC = 0.107
ENSMUSG00000037446 0.1049466          random              5  std logFC = 0.105
ENSMUSG00000006724 0.1044821          random              6  std logFC = 0.104
[1] 294
Running 1vALL Testing for up-regulated genes
2024-09-08 01:38:14.810505 - Find markers for: other
2024-09-08 01:38:23.368819 - Find markers for: random
2024-09-08 01:38:31.657875 - Building Table
** Done! **

                                 gene        logFC log.p.value   log.FDR
ENSMUSG00000000094 ENSMUSG00000000094 0.0030477580  -11.533408 -1.966422
ENSMUSG00000091043 ENSMUSG00000091043 0.0009121811  -10.988865 -1.966422
ENSMUSG00000047990 ENSMUSG00000047990 0.0012433829   -9.738560 -1.819007
ENSMUSG00000070369 ENSMUSG00000070369 0.0143322727   -9.678997 -1.819007
ENSMUSG00000030247 ENSMUSG00000030247 0.0100917787   -9.504103 -1.819007
ENSMUSG00000058173 ENSMUSG00000058173 0.0149064650   -9.120850 -1.819007
                    std.logFC cellType.target std.logFC.rank     std.logFC.anno
ENSMUSG00000000094 0.10628938          random              1  std logFC = 0.106
ENSMUSG00000091043 0.10322398          random              2  std logFC = 0.103
ENSMUSG00000047990 0.09585270          random              3  std logFC = 0.096
ENSMUSG00000070369 0.09548881          random              4  std logFC = 0.095
ENSMUSG00000030247 0.09441311          random              5  std logFC = 0.094
ENSMUSG00000058173 0.09201675          random              6  std logFC = 0.092
[1] 295
Running 1vALL Testing for up-regulated genes
2024-09-08 01:38:31.865723 - Find markers for: random
2024-09-08 01:38:40.413553 - Find markers for: other
2024-09-08 01:38:49.085393 - Building Table
** Done! **

                                 gene        logFC log.p.value   log.FDR
ENSMUSG00000025163 ENSMUSG00000025163 0.0017154339  -14.435529 -4.719938
ENSMUSG00000030058 ENSMUSG00000030058 0.0526603896  -12.241181 -3.245431
ENSMUSG00000027157 ENSMUSG00000027157 0.0021298854  -11.862409 -3.245431
ENSMUSG00000049530 ENSMUSG00000049530 0.0009616916  -11.403776 -3.074480
ENSMUSG00000027201 ENSMUSG00000027201 0.0653821455  -10.964975 -2.858822
ENSMUSG00000076438 ENSMUSG00000076438 0.0006560532   -9.870346 -1.946515
                    std.logFC cellType.target std.logFC.rank     std.logFC.anno
ENSMUSG00000025163 0.12111580          random              1  std logFC = 0.121
ENSMUSG00000030058 0.10987438          random              2   std logFC = 0.11
ENSMUSG00000027157 0.10782545          random              3  std logFC = 0.108
ENSMUSG00000049530 0.10529591          random              4  std logFC = 0.105
ENSMUSG00000027201 0.10282290          random              5  std logFC = 0.103
ENSMUSG00000076438 0.09640527          random              6  std logFC = 0.096
[1] 296
Running 1vALL Testing for up-regulated genes
2024-09-08 01:38:49.300287 - Find markers for: other
2024-09-08 01:38:57.820769 - Find markers for: random
2024-09-08 01:39:06.243341 - Building Table
** Done! **

                                 gene        logFC log.p.value   log.FDR
ENSMUSG00000026523 ENSMUSG00000026523 0.0034497716  -10.972437 -1.812946
ENSMUSG00000091043 ENSMUSG00000091043 0.0009019543  -10.835389 -1.812946
ENSMUSG00000021575 ENSMUSG00000021575 0.0077168126  -10.254695 -1.776794
ENSMUSG00000024158 ENSMUSG00000024158 0.0497433055   -9.972291 -1.776794
ENSMUSG00000001510 ENSMUSG00000001510 0.0022769914   -9.882947 -1.776794
ENSMUSG00000031545 ENSMUSG00000031545 0.0342356705   -9.423286 -1.499455
                    std.logFC cellType.target std.logFC.rank     std.logFC.anno
ENSMUSG00000026523 0.10284910          random              1  std logFC = 0.103
ENSMUSG00000091043 0.10206601          random              2  std logFC = 0.102
ENSMUSG00000021575 0.09868581          random              3  std logFC = 0.099
ENSMUSG00000024158 0.09700368          random              4  std logFC = 0.097
ENSMUSG00000001510 0.09646603          random              5  std logFC = 0.096
ENSMUSG00000031545 0.09365633          random              6  std logFC = 0.094
[1] 297
Running 1vALL Testing for up-regulated genes
2024-09-08 01:39:06.46277 - Find markers for: other
2024-09-08 01:39:14.899593 - Find markers for: random
2024-09-08 01:39:23.37642 - Building Table
** Done! **

                                 gene        logFC log.p.value   log.FDR
ENSMUSG00000026285 ENSMUSG00000026285 0.0005839611  -13.771504 -4.055913
ENSMUSG00000044303 ENSMUSG00000044303 0.0030087471  -11.404790 -2.382347
ENSMUSG00000020185 ENSMUSG00000020185 0.0115454280  -10.172876 -1.660930
ENSMUSG00000042909 ENSMUSG00000042909 0.0011238929   -9.990226 -1.660930
ENSMUSG00000005161 ENSMUSG00000005161 0.0537925522   -9.301008 -1.474000
ENSMUSG00000021509 ENSMUSG00000021509 0.0064943988   -9.280719 -1.474000
                    std.logFC cellType.target std.logFC.rank     std.logFC.anno
ENSMUSG00000026285 0.11748198          random              1  std logFC = 0.117
ENSMUSG00000044303 0.10500068          random              2  std logFC = 0.105
ENSMUSG00000020185 0.09793605          random              3  std logFC = 0.098
ENSMUSG00000042909 0.09684916          random              4  std logFC = 0.097
ENSMUSG00000005161 0.09264539          random              5  std logFC = 0.093
ENSMUSG00000021509 0.09251906          random              6  std logFC = 0.093
[1] 298
Running 1vALL Testing for up-regulated genes
2024-09-08 01:39:23.592856 - Find markers for: other
2024-09-08 01:39:32.07688 - Find markers for: random
2024-09-08 01:39:40.457232 - Building Table
** Done! **

                                 gene        logFC log.p.value   log.FDR
ENSMUSG00000036013 ENSMUSG00000036013 0.0039560737   -12.36584 -2.650250
ENSMUSG00000032315 ENSMUSG00000032315 0.0008550069   -10.60289 -1.963851
ENSMUSG00000029134 ENSMUSG00000029134 0.0043164951   -10.58083 -1.963851
ENSMUSG00000090061 ENSMUSG00000090061 0.0489577316   -10.01994 -1.862894
ENSMUSG00000001348 ENSMUSG00000001348 0.0015565540    -9.55988 -1.862894
ENSMUSG00000035960 ENSMUSG00000035960 0.0226484275    -9.53686 -1.862894
                    std.logFC cellType.target std.logFC.rank     std.logFC.anno
ENSMUSG00000036013 0.11028912          random              1   std logFC = 0.11
ENSMUSG00000032315 0.10051124          random              2  std logFC = 0.101
ENSMUSG00000029134 0.10038345          random              3    std logFC = 0.1
ENSMUSG00000090061 0.09708297          random              4  std logFC = 0.097
ENSMUSG00000001348 0.09429859          random              5  std logFC = 0.094
ENSMUSG00000035960 0.09415734          random              6  std logFC = 0.094
[1] 299
Running 1vALL Testing for up-regulated genes
2024-09-08 01:39:40.663163 - Find markers for: other
2024-09-08 01:39:48.978644 - Find markers for: random
2024-09-08 01:39:57.497508 - Building Table
** Done! **

                                 gene        logFC log.p.value   log.FDR
ENSMUSG00000079007 ENSMUSG00000079007 0.0025313815  -15.990872 -6.275282
ENSMUSG00000038300 ENSMUSG00000038300 0.0008287527  -13.512597 -4.490153
ENSMUSG00000040264 ENSMUSG00000040264 0.0016989221  -12.665819 -4.048841
ENSMUSG00000114456 ENSMUSG00000114456 0.0039480610  -10.931832 -2.602536
ENSMUSG00000032002 ENSMUSG00000032002 0.0656374262  -10.591206 -2.485053
ENSMUSG00000024987 ENSMUSG00000024987 0.0016619055   -9.908587 -2.072508
                    std.logFC cellType.target std.logFC.rank     std.logFC.anno
ENSMUSG00000079007 0.12852896          random              1  std logFC = 0.129
ENSMUSG00000038300 0.11650823          random              2  std logFC = 0.117
ENSMUSG00000040264 0.11212920          random              3  std logFC = 0.112
ENSMUSG00000114456 0.10263263          random              4  std logFC = 0.103
ENSMUSG00000032002 0.10067181          random              5  std logFC = 0.101
ENSMUSG00000024987 0.09663471          random              6  std logFC = 0.097
[1] 300
Running 1vALL Testing for up-regulated genes
2024-09-08 01:39:57.711148 - Find markers for: other
2024-09-08 01:40:06.634553 - Find markers for: random
2024-09-08 01:40:15.451109 - Building Table
** Done! **

                                 gene        logFC log.p.value   log.FDR
ENSMUSG00000040554 ENSMUSG00000040554 0.0014239352   -14.14656 -4.430970
ENSMUSG00000045232 ENSMUSG00000045232 0.0016880477   -11.79169 -3.019639
ENSMUSG00000025056 ENSMUSG00000025056 0.0007100295   -11.51844 -3.019639
ENSMUSG00000034063 ENSMUSG00000034063 0.0177910874   -11.31573 -3.019639
ENSMUSG00000025383 ENSMUSG00000025383 0.0045389543   -11.12579 -3.019639
ENSMUSG00000057113 ENSMUSG00000057113 0.0643549386   -10.89524 -2.971412
                   std.logFC cellType.target std.logFC.rank     std.logFC.anno
ENSMUSG00000040554 0.1198219          random              1   std logFC = 0.12
ENSMUSG00000045232 0.1075562          random              2  std logFC = 0.108
ENSMUSG00000025056 0.1060491          random              3  std logFC = 0.106
ENSMUSG00000034063 0.1049183          random              4  std logFC = 0.105
ENSMUSG00000025383 0.1038487          random              5  std logFC = 0.104
ENSMUSG00000057113 0.1025367          random              6  std logFC = 0.103
[1] 301
Running 1vALL Testing for up-regulated genes
2024-09-08 01:40:15.672254 - Find markers for: other
2024-09-08 01:40:24.11567 - Find markers for: random
2024-09-08 01:40:32.47421 - Building Table
** Done! **

                                 gene        logFC log.p.value   log.FDR
ENSMUSG00000042448 ENSMUSG00000042448 0.0011827196   -15.09832 -5.382725
ENSMUSG00000069910 ENSMUSG00000069910 0.0103942869   -14.06446 -5.308912
ENSMUSG00000031965 ENSMUSG00000031965 0.0008029303   -13.92589 -5.308912
ENSMUSG00000029656 ENSMUSG00000029656 0.0034282531   -13.53373 -5.204435
ENSMUSG00000109713 ENSMUSG00000109713 0.0018440809   -12.20398 -4.148546
ENSMUSG00000018774 ENSMUSG00000018774 0.0121838108   -11.99687 -4.148546
                   std.logFC cellType.target std.logFC.rank     std.logFC.anno
ENSMUSG00000042448 0.1244590          random              1  std logFC = 0.124
ENSMUSG00000069910 0.1194114          random              2  std logFC = 0.119
ENSMUSG00000031965 0.1187198          random              3  std logFC = 0.119
ENSMUSG00000029656 0.1167419          random              4  std logFC = 0.117
ENSMUSG00000109713 0.1097921          random              5   std logFC = 0.11
ENSMUSG00000018774 0.1086731          random              6  std logFC = 0.109
[1] 302
Running 1vALL Testing for up-regulated genes
2024-09-08 01:40:32.678169 - Find markers for: random
2024-09-08 01:40:41.140934 - Find markers for: other
2024-09-08 01:40:49.580664 - Building Table
** Done! **

                                 gene        logFC log.p.value   log.FDR
ENSMUSG00000025774 ENSMUSG00000025774 0.0004737007   -12.03308 -2.866265
ENSMUSG00000028236 ENSMUSG00000028236 0.0008435074   -11.88871 -2.866265
ENSMUSG00000030165 ENSMUSG00000030165 0.0024201799   -10.98301 -2.652703
ENSMUSG00000069265 ENSMUSG00000069265 0.0036538841   -10.98200 -2.652703
ENSMUSG00000067219 ENSMUSG00000067219 0.0015975004   -10.52867 -2.569814
ENSMUSG00000043753 ENSMUSG00000043753 0.0029338076   -10.49364 -2.569814
                    std.logFC cellType.target std.logFC.rank     std.logFC.anno
ENSMUSG00000025774 0.10855280          random              1  std logFC = 0.109
ENSMUSG00000028236 0.10777007          random              2  std logFC = 0.108
ENSMUSG00000030165 0.10273613          random              3  std logFC = 0.103
ENSMUSG00000069265 0.10273036          random              4  std logFC = 0.103
ENSMUSG00000067219 0.10012462          random              5    std logFC = 0.1
ENSMUSG00000043753 0.09992076          random              6    std logFC = 0.1
[1] 303
Running 1vALL Testing for up-regulated genes
2024-09-08 01:40:49.791351 - Find markers for: other
2024-09-08 01:40:58.580635 - Find markers for: random
2024-09-08 01:41:07.110266 - Building Table
** Done! **

                                 gene       logFC log.p.value   log.FDR
ENSMUSG00000072754 ENSMUSG00000072754 0.001777323   -14.87486 -5.841288
ENSMUSG00000025396 ENSMUSG00000025396 0.002518214   -14.63257 -5.841288
ENSMUSG00000090700 ENSMUSG00000090700 0.002483943   -14.45827 -5.841288
ENSMUSG00000028533 ENSMUSG00000028533 0.002175537   -12.74444 -4.415143
ENSMUSG00000109713 ENSMUSG00000109713 0.001828920   -12.13156 -4.025405
ENSMUSG00000043895 ENSMUSG00000043895 0.010326664   -10.87067 -2.946838
                   std.logFC cellType.target std.logFC.rank     std.logFC.anno
ENSMUSG00000072754 0.1228058          random              1  std logFC = 0.123
ENSMUSG00000025396 0.1216361          random              2  std logFC = 0.122
ENSMUSG00000090700 0.1207881          random              3  std logFC = 0.121
ENSMUSG00000028533 0.1121361          random              4  std logFC = 0.112
ENSMUSG00000109713 0.1088892          random              5  std logFC = 0.109
ENSMUSG00000043895 0.1019139          random              6  std logFC = 0.102
[1] 304
Running 1vALL Testing for up-regulated genes
2024-09-08 01:41:07.30759 - Find markers for: other
2024-09-08 01:41:16.374074 - Find markers for: random
2024-09-08 01:41:25.502558 - Building Table
** Done! **

                                 gene        logFC log.p.value   log.FDR
ENSMUSG00000118560 ENSMUSG00000118560 0.0013883055   -13.34702 -4.258296
ENSMUSG00000048775 ENSMUSG00000048775 0.0008412546   -13.28074 -4.258296
ENSMUSG00000031508 ENSMUSG00000031508 0.0598026188   -11.34889 -2.959850
ENSMUSG00000054986 ENSMUSG00000054986 0.0038749915   -11.08115 -2.959850
ENSMUSG00000028435 ENSMUSG00000028435 0.0009885575   -11.06600 -2.959850
ENSMUSG00000053863 ENSMUSG00000053863 0.0008810250   -10.73436 -2.840359
                   std.logFC cellType.target std.logFC.rank     std.logFC.anno
ENSMUSG00000118560 0.1155778          random              1  std logFC = 0.116
ENSMUSG00000048775 0.1152385          random              2  std logFC = 0.115
ENSMUSG00000031508 0.1049099          random              3  std logFC = 0.105
ENSMUSG00000054986 0.1034044          random              4  std logFC = 0.103
ENSMUSG00000028435 0.1033187          random              5  std logFC = 0.103
ENSMUSG00000053863 0.1014244          random              6  std logFC = 0.101
[1] 305
Running 1vALL Testing for up-regulated genes
2024-09-08 01:41:25.731832 - Find markers for: other
2024-09-08 01:41:34.668502 - Find markers for: random
2024-09-08 01:41:42.982153 - Building Table
** Done! **

                                 gene        logFC log.p.value   log.FDR
ENSMUSG00000073876 ENSMUSG00000073876 0.0017509874   -12.67914 -3.430122
ENSMUSG00000006216 ENSMUSG00000006216 0.0012475507   -12.45257 -3.430122
ENSMUSG00000025056 ENSMUSG00000025056 0.0007078397   -11.50974 -3.044993
ENSMUSG00000029209 ENSMUSG00000029209 0.0313117720   -11.02061 -3.044993
ENSMUSG00000022878 ENSMUSG00000022878 0.0011035262   -10.99361 -3.044993
ENSMUSG00000026357 ENSMUSG00000026357 0.0020450972   -10.96882 -3.044993
                   std.logFC cellType.target std.logFC.rank     std.logFC.anno
ENSMUSG00000073876 0.1120277          random              1  std logFC = 0.112
ENSMUSG00000006216 0.1108316          random              2  std logFC = 0.111
ENSMUSG00000025056 0.1057220          random              3  std logFC = 0.106
ENSMUSG00000029209 0.1029804          random              4  std logFC = 0.103
ENSMUSG00000022878 0.1028272          random              5  std logFC = 0.103
ENSMUSG00000026357 0.1026863          random              6  std logFC = 0.103
[1] 306
Running 1vALL Testing for up-regulated genes
2024-09-08 01:41:43.203931 - Find markers for: other
2024-09-08 01:41:51.55044 - Find markers for: random
2024-09-08 01:42:00.026469 - Building Table
** Done! **

                                 gene       logFC log.p.value   log.FDR
ENSMUSG00000050645 ENSMUSG00000050645 0.002868659   -13.72512 -4.616618
ENSMUSG00000047990 ENSMUSG00000047990 0.001502749   -13.38102 -4.616618
ENSMUSG00000028777 ENSMUSG00000028777 0.001027683   -13.20178 -4.616618
ENSMUSG00000091680 ENSMUSG00000091680 0.001327151   -12.75012 -4.616618
ENSMUSG00000030693 ENSMUSG00000030693 0.000672826   -12.72277 -4.616618
ENSMUSG00000058741 ENSMUSG00000058741 0.001437414   -12.42096 -4.497133
                   std.logFC cellType.target std.logFC.rank     std.logFC.anno
ENSMUSG00000050645 0.1176119          random              1  std logFC = 0.118
ENSMUSG00000047990 0.1158656          random              2  std logFC = 0.116
ENSMUSG00000028777 0.1149463          random              3  std logFC = 0.115
ENSMUSG00000091680 0.1125992          random              4  std logFC = 0.113
ENSMUSG00000030693 0.1124556          random              5  std logFC = 0.112
ENSMUSG00000058741 0.1108600          random              6  std logFC = 0.111
[1] 307
Running 1vALL Testing for up-regulated genes
2024-09-08 01:42:00.231538 - Find markers for: other
2024-09-08 01:42:08.779847 - Find markers for: random
2024-09-08 01:42:17.066132 - Building Table
** Done! **

                                 gene        logFC log.p.value   log.FDR
ENSMUSG00000037140 ENSMUSG00000037140 0.0033632383  -15.195708 -5.480118
ENSMUSG00000094520 ENSMUSG00000094520 0.0022049047  -13.351532 -4.620389
ENSMUSG00000074109 ENSMUSG00000074109 0.0007885157  -13.237368 -4.620389
ENSMUSG00000104614 ENSMUSG00000104614 0.0034896627   -9.970860 -1.808276
ENSMUSG00000054146 ENSMUSG00000054146 0.0040786905   -9.914429 -1.808276
ENSMUSG00000045989 ENSMUSG00000045989 0.0009947485   -9.322074 -1.503852
                    std.logFC cellType.target std.logFC.rank     std.logFC.anno
ENSMUSG00000037140 0.12447133          random              1  std logFC = 0.124
ENSMUSG00000094520 0.11539213          random              2  std logFC = 0.115
ENSMUSG00000074109 0.11480830          random              3  std logFC = 0.115
ENSMUSG00000104614 0.09676193          random              4  std logFC = 0.097
ENSMUSG00000054146 0.09642344          random              5  std logFC = 0.096
ENSMUSG00000045989 0.09280388          random              6  std logFC = 0.093
[1] 308
Running 1vALL Testing for up-regulated genes
2024-09-08 01:42:17.276463 - Find markers for: other
2024-09-08 01:42:25.833791 - Find markers for: random
2024-09-08 01:42:34.570719 - Building Table
** Done! **

                                 gene       logFC log.p.value   log.FDR
ENSMUSG00000047822 ENSMUSG00000047822 0.002679878  -10.866207 -2.068546
ENSMUSG00000045291 ENSMUSG00000045291 0.001364948  -10.861359 -2.068546
ENSMUSG00000024029 ENSMUSG00000024029 0.001468382  -10.531272 -2.068546
ENSMUSG00000092349 ENSMUSG00000092349 0.002900628  -10.225693 -2.068546
ENSMUSG00000057280 ENSMUSG00000057280 0.016420929   -9.856461 -2.068546
ENSMUSG00000044667 ENSMUSG00000044667 0.068325449   -9.838279 -2.068546
                    std.logFC cellType.target std.logFC.rank     std.logFC.anno
ENSMUSG00000047822 0.10233472          random              1  std logFC = 0.102
ENSMUSG00000045291 0.10230694          random              2  std logFC = 0.102
ENSMUSG00000024029 0.10039898          random              3    std logFC = 0.1
ENSMUSG00000092349 0.09860303          random              4  std logFC = 0.099
ENSMUSG00000057280 0.09639292          random              5  std logFC = 0.096
ENSMUSG00000044667 0.09628292          random              6  std logFC = 0.096
[1] 309
Running 1vALL Testing for up-regulated genes
2024-09-08 01:42:34.813109 - Find markers for: other
2024-09-08 01:42:43.870389 - Find markers for: random
2024-09-08 01:42:52.385853 - Building Table
** Done! **

                                 gene        logFC log.p.value   log.FDR
ENSMUSG00000030147 ENSMUSG00000030147 0.0033877848  -14.910936 -5.195345
ENSMUSG00000091519 ENSMUSG00000091519 0.0017941040  -13.613482 -4.911647
ENSMUSG00000071001 ENSMUSG00000071001 0.0059399533  -13.528625 -4.911647
ENSMUSG00000036586 ENSMUSG00000036586 0.0085306058  -11.283045 -2.953749
ENSMUSG00000046432 ENSMUSG00000046432 0.0577966026  -10.044457 -1.938305
ENSMUSG00000070504 ENSMUSG00000070504 0.0005069038   -9.405181 -1.641447
                    std.logFC cellType.target std.logFC.rank     std.logFC.anno
ENSMUSG00000030147 0.12343232          random              1  std logFC = 0.123
ENSMUSG00000091519 0.11702717          random              2  std logFC = 0.117
ENSMUSG00000071001 0.11659693          random              3  std logFC = 0.117
ENSMUSG00000036586 0.10462600          random              4  std logFC = 0.105
ENSMUSG00000046432 0.09745632          random              5  std logFC = 0.097
ENSMUSG00000070504 0.09356361          random              6  std logFC = 0.094
[1] 310
Running 1vALL Testing for up-regulated genes
2024-09-08 01:42:52.595658 - Find markers for: other
2024-09-08 01:43:00.964241 - Find markers for: random
2024-09-08 01:43:09.347342 - Building Table
** Done! **

                                 gene        logFC log.p.value    log.FDR
ENSMUSG00000085079 ENSMUSG00000085079 0.0034594340   -19.92759 -10.211998
ENSMUSG00000024868 ENSMUSG00000024868 0.0006587058   -12.84579  -3.823346
ENSMUSG00000091530 ENSMUSG00000091530 0.0031975294   -11.48118  -2.864204
ENSMUSG00000091043 ENSMUSG00000091043 0.0009066110   -10.94367  -2.614377
ENSMUSG00000009406 ENSMUSG00000009406 0.0307513889   -10.50326  -2.482250
ENSMUSG00000031448 ENSMUSG00000031448 0.0044339749   -10.40608  -2.482250
                    std.logFC cellType.target std.logFC.rank     std.logFC.anno
ENSMUSG00000085079 0.14556438          random              1  std logFC = 0.146
ENSMUSG00000024868 0.11295543          random              2  std logFC = 0.113
ENSMUSG00000091530 0.10561549          random              3  std logFC = 0.106
ENSMUSG00000091043 0.10259345          random              4  std logFC = 0.103
ENSMUSG00000009406 0.10005584          random              5    std logFC = 0.1
ENSMUSG00000031448 0.09948803          random              6  std logFC = 0.099
[1] 311
Running 1vALL Testing for up-regulated genes
2024-09-08 01:43:09.568229 - Find markers for: other
2024-09-08 01:43:18.238744 - Find markers for: random
2024-09-08 01:43:26.708572 - Building Table
** Done! **

                                 gene       logFC log.p.value   log.FDR
ENSMUSG00000029368 ENSMUSG00000029368 0.002871768   -16.09928 -6.383694
ENSMUSG00000031891 ENSMUSG00000031891 0.005350482   -14.75033 -5.727887
ENSMUSG00000024440 ENSMUSG00000024440 0.001545773   -11.46374 -2.846761
ENSMUSG00000026989 ENSMUSG00000026989 0.006125729   -11.05511 -2.802705
ENSMUSG00000075420 ENSMUSG00000075420 0.005452217   -10.75482 -2.802705
ENSMUSG00000031779 ENSMUSG00000031779 0.002125933   -10.66114 -2.802705
                   std.logFC cellType.target std.logFC.rank     std.logFC.anno
ENSMUSG00000029368 0.1295418          random              1   std logFC = 0.13
ENSMUSG00000031891 0.1231342          random              2  std logFC = 0.123
ENSMUSG00000024440 0.1060466          random              3  std logFC = 0.106
ENSMUSG00000026989 0.1037431          random              4  std logFC = 0.104
ENSMUSG00000075420 0.1020202          random              5  std logFC = 0.102
ENSMUSG00000031779 0.1014773          random              6  std logFC = 0.101
[1] 312
Running 1vALL Testing for up-regulated genes
2024-09-08 01:43:26.962741 - Find markers for: other
2024-09-08 01:43:35.352643 - Find markers for: random
2024-09-08 01:43:43.977887 - Building Table
** Done! **

                                 gene        logFC log.p.value   log.FDR
ENSMUSG00000055197 ENSMUSG00000055197 0.0008784326  -13.864613 -4.443734
ENSMUSG00000028214 ENSMUSG00000028214 0.0308267346  -13.466177 -4.443734
ENSMUSG00000028236 ENSMUSG00000028236 0.0008415425  -11.881260 -3.264282
ENSMUSG00000022034 ENSMUSG00000022034 0.0134331151  -11.077097 -2.747801
ENSMUSG00000023043 ENSMUSG00000023043 0.0090048428  -10.731080 -2.624927
ENSMUSG00000037031 ENSMUSG00000037031 0.0361114359   -9.726261 -1.908375
                    std.logFC cellType.target std.logFC.rank     std.logFC.anno
ENSMUSG00000055197 0.11783754          random              1  std logFC = 0.118
ENSMUSG00000028214 0.11583266          random              2  std logFC = 0.116
ENSMUSG00000028236 0.10751899          random              3  std logFC = 0.108
ENSMUSG00000022034 0.10306758          random              4  std logFC = 0.103
ENSMUSG00000023043 0.10109759          random              5  std logFC = 0.101
ENSMUSG00000037031 0.09516947          random              6  std logFC = 0.095
[1] 313
Running 1vALL Testing for up-regulated genes
2024-09-08 01:43:44.207804 - Find markers for: other
2024-09-08 01:43:52.901049 - Find markers for: random
2024-09-08 01:44:01.244683 - Building Table
** Done! **

                                 gene       logFC log.p.value    log.FDR
ENSMUSG00000022868 ENSMUSG00000022868 0.001589614   -19.79036 -10.074767
ENSMUSG00000036216 ENSMUSG00000036216 0.003786497   -18.06915  -9.046702
ENSMUSG00000026497 ENSMUSG00000026497 0.001654988   -13.53840  -4.921423
ENSMUSG00000032451 ENSMUSG00000032451 0.001197471   -12.64426  -4.314962
ENSMUSG00000021572 ENSMUSG00000021572 0.012697644   -11.60835  -3.502195
ENSMUSG00000024734 ENSMUSG00000024734 0.002401702   -10.97941  -3.115721
                   std.logFC cellType.target std.logFC.rank     std.logFC.anno
ENSMUSG00000022868 0.1450007          random              1  std logFC = 0.145
ENSMUSG00000036216 0.1377127          random              2  std logFC = 0.138
ENSMUSG00000026497 0.1165201          random              3  std logFC = 0.117
ENSMUSG00000032451 0.1119011          random              4  std logFC = 0.112
ENSMUSG00000021572 0.1063208          random              5  std logFC = 0.106
ENSMUSG00000024734 0.1027986          random              6  std logFC = 0.103
[1] 314
Running 1vALL Testing for up-regulated genes
2024-09-08 01:44:01.454672 - Find markers for: other
2024-09-08 01:44:09.78977 - Find markers for: random
2024-09-08 01:44:18.255104 - Building Table
** Done! **

                                 gene        logFC log.p.value   log.FDR
ENSMUSG00000050613 ENSMUSG00000050613 0.0009078812   -11.07357 -2.468829
ENSMUSG00000053856 ENSMUSG00000053856 0.0006440164   -10.77937 -2.468829
ENSMUSG00000062170 ENSMUSG00000062170 0.0022194458   -10.59276 -2.468829
ENSMUSG00000082101 ENSMUSG00000082101 0.0006459243   -10.57814 -2.468829
ENSMUSG00000090958 ENSMUSG00000090958 0.0050883854   -10.57498 -2.468829
ENSMUSG00000035329 ENSMUSG00000035329 0.0362093403   -10.02204 -2.098214
                    std.logFC cellType.target std.logFC.rank     std.logFC.anno
ENSMUSG00000050613 0.10396475          random              1  std logFC = 0.104
ENSMUSG00000053856 0.10227679          random              2  std logFC = 0.102
ENSMUSG00000062170 0.10119293          random              3  std logFC = 0.101
ENSMUSG00000082101 0.10110756          random              4  std logFC = 0.101
ENSMUSG00000090958 0.10108911          random              5  std logFC = 0.101
ENSMUSG00000035329 0.09781111          random              6  std logFC = 0.098
[1] 315
Running 1vALL Testing for up-regulated genes
2024-09-08 01:44:18.47266 - Find markers for: other
2024-09-08 01:44:26.966497 - Find markers for: random
2024-09-08 01:44:35.426056 - Building Table
** Done! **

                                 gene       logFC log.p.value   log.FDR
ENSMUSG00000027257 ENSMUSG00000027257 0.026743595  -11.180006 -2.293953
ENSMUSG00000032021 ENSMUSG00000032021 0.003705500  -10.938235 -2.293953
ENSMUSG00000061589 ENSMUSG00000061589 0.055606975  -10.910931 -2.293953
ENSMUSG00000020405 ENSMUSG00000020405 0.002188906   -9.914871 -1.766235
ENSMUSG00000060201 ENSMUSG00000060201 0.001581006   -9.595733 -1.766235
ENSMUSG00000098470 ENSMUSG00000098470 0.001530473   -9.577288 -1.766235
                    std.logFC cellType.target std.logFC.rank     std.logFC.anno
ENSMUSG00000027257 0.10409809          random              1  std logFC = 0.104
ENSMUSG00000032021 0.10272634          random              2  std logFC = 0.103
ENSMUSG00000061589 0.10257039          random              3  std logFC = 0.103
ENSMUSG00000020405 0.09672640          random              4  std logFC = 0.097
ENSMUSG00000060201 0.09478574          random              5  std logFC = 0.095
ENSMUSG00000098470 0.09467249          random              6  std logFC = 0.095
[1] 316
Running 1vALL Testing for up-regulated genes
2024-09-08 01:44:35.653364 - Find markers for: other
2024-09-08 01:44:44.122987 - Find markers for: random
2024-09-08 01:44:52.538009 - Building Table
** Done! **

                                 gene        logFC log.p.value   log.FDR
ENSMUSG00000026011 ENSMUSG00000026011 0.0067975714  -15.455044 -5.739454
ENSMUSG00000094649 ENSMUSG00000094649 0.0010161600  -11.938660 -2.916217
ENSMUSG00000026417 ENSMUSG00000026417 0.0007967891  -10.877980 -2.261002
ENSMUSG00000024029 ENSMUSG00000024029 0.0014661968  -10.491897 -2.162601
ENSMUSG00000107417 ENSMUSG00000107417 0.0006499085   -9.794709 -1.868037
ENSMUSG00000024224 ENSMUSG00000024224 0.0008310940   -9.665855 -1.868037
                    std.logFC cellType.target std.logFC.rank     std.logFC.anno
ENSMUSG00000026011 0.12621656          random              1  std logFC = 0.126
ENSMUSG00000094649 0.10840785          random              2  std logFC = 0.108
ENSMUSG00000026417 0.10248413          random              3  std logFC = 0.102
ENSMUSG00000024029 0.10024937          random              4    std logFC = 0.1
ENSMUSG00000107417 0.09609570          random              5  std logFC = 0.096
ENSMUSG00000024224 0.09531027          random              6  std logFC = 0.095
[1] 317
Running 1vALL Testing for up-regulated genes
2024-09-08 01:44:52.737379 - Find markers for: other
2024-09-08 01:45:01.265238 - Find markers for: random
2024-09-08 01:45:09.72497 - Building Table
** Done! **

                                 gene       logFC log.p.value   log.FDR
ENSMUSG00000015854 ENSMUSG00000015854 0.001066730   -14.20995 -4.494356
ENSMUSG00000100486 ENSMUSG00000100486 0.013645013   -12.39543 -3.372991
ENSMUSG00000044148 ENSMUSG00000044148 0.034794497   -11.77698 -3.159998
ENSMUSG00000028264 ENSMUSG00000028264 0.002644322   -11.13983 -2.833773
ENSMUSG00000014852 ENSMUSG00000014852 0.003394162   -10.83437 -2.833773
ENSMUSG00000025213 ENSMUSG00000025213 0.006497662   -10.75760 -2.833773
                   std.logFC cellType.target std.logFC.rank     std.logFC.anno
ENSMUSG00000015854 0.1201189          random              1   std logFC = 0.12
ENSMUSG00000100486 0.1108038          random              2  std logFC = 0.111
ENSMUSG00000044148 0.1074602          random              3  std logFC = 0.107
ENSMUSG00000028264 0.1039132          random              4  std logFC = 0.104
ENSMUSG00000014852 0.1021732          random              5  std logFC = 0.102
ENSMUSG00000025213 0.1017316          random              6  std logFC = 0.102
[1] 318
Running 1vALL Testing for up-regulated genes
2024-09-08 01:45:09.936792 - Find markers for: other
2024-09-08 01:45:18.213781 - Find markers for: random
2024-09-08 01:45:26.842292 - Building Table
** Done! **

                                 gene       logFC log.p.value   log.FDR
ENSMUSG00000040432 ENSMUSG00000040432 0.001439981  -12.767556 -3.279083
ENSMUSG00000041681 ENSMUSG00000041681 0.001051856  -12.301527 -3.279083
ENSMUSG00000047330 ENSMUSG00000047330 0.004320606  -10.785774 -2.168796
ENSMUSG00000002033 ENSMUSG00000002033 0.001137627  -10.460120 -2.130824
ENSMUSG00000028348 ENSMUSG00000028348 0.018051757   -9.884415 -1.880932
ENSMUSG00000049307 ENSMUSG00000049307 0.001892585   -9.741775 -1.880932
                    std.logFC cellType.target std.logFC.rank     std.logFC.anno
ENSMUSG00000040432 0.11283683          random              1  std logFC = 0.113
ENSMUSG00000041681 0.11036565          random              2   std logFC = 0.11
ENSMUSG00000047330 0.10195255          random              3  std logFC = 0.102
ENSMUSG00000002033 0.10006158          random              4    std logFC = 0.1
ENSMUSG00000028348 0.09663733          random              5  std logFC = 0.097
ENSMUSG00000049307 0.09577197          random              6  std logFC = 0.096
[1] 319
Running 1vALL Testing for up-regulated genes
2024-09-08 01:45:27.053274 - Find markers for: other
2024-09-08 01:45:35.491569 - Find markers for: random
2024-09-08 01:45:44.093959 - Building Table
** Done! **

                                 gene        logFC log.p.value   log.FDR
ENSMUSG00000068614 ENSMUSG00000068614 0.0014626025   -16.40609 -6.690496
ENSMUSG00000034739 ENSMUSG00000034739 0.0039729862   -14.20798 -5.185535
ENSMUSG00000054435 ENSMUSG00000054435 0.0019102880   -12.90106 -4.284085
ENSMUSG00000004654 ENSMUSG00000004654 0.0007226974   -12.34835 -4.019053
ENSMUSG00000078938 ENSMUSG00000078938 0.0040642703   -11.22012 -3.113966
ENSMUSG00000067219 ENSMUSG00000067219 0.0016073354   -10.62449 -2.903068
                   std.logFC cellType.target std.logFC.rank     std.logFC.anno
ENSMUSG00000068614 0.1302822          random              1   std logFC = 0.13
ENSMUSG00000034739 0.1198470          random              2   std logFC = 0.12
ENSMUSG00000054435 0.1132226          random              3  std logFC = 0.113
ENSMUSG00000004654 0.1103112          random              4   std logFC = 0.11
ENSMUSG00000078938 0.1041384          random              5  std logFC = 0.104
ENSMUSG00000067219 0.1007415          random              6  std logFC = 0.101
[1] 320
Running 1vALL Testing for up-regulated genes
2024-09-08 01:45:44.362363 - Find markers for: other
2024-09-08 01:45:53.067154 - Find markers for: random
2024-09-08 01:46:01.44677 - Building Table
** Done! **

                                 gene       logFC log.p.value   log.FDR
ENSMUSG00000047531 ENSMUSG00000047531 0.001966905   -16.03169 -6.316100
ENSMUSG00000020581 ENSMUSG00000020581 0.003467651   -12.24869 -3.226242
ENSMUSG00000036117 ENSMUSG00000036117 0.002831448   -10.77928 -2.220063
ENSMUSG00000026276 ENSMUSG00000026276 0.023108420   -10.54936 -2.220063
ENSMUSG00000029595 ENSMUSG00000029595 0.007738448   -10.21751 -2.111358
ENSMUSG00000047810 ENSMUSG00000047810 0.006047756    -9.79031 -1.866479
                    std.logFC cellType.target std.logFC.rank     std.logFC.anno
ENSMUSG00000047531 0.12815572          random              1  std logFC = 0.128
ENSMUSG00000020581 0.10943295          random              2  std logFC = 0.109
ENSMUSG00000036117 0.10131402          random              3  std logFC = 0.101
ENSMUSG00000026276 0.09998969          random              4    std logFC = 0.1
ENSMUSG00000029595 0.09804984          random              5  std logFC = 0.098
ENSMUSG00000047810 0.09550057          random              6  std logFC = 0.096
[1] 321
Running 1vALL Testing for up-regulated genes
2024-09-08 01:46:01.648141 - Find markers for: other
2024-09-08 01:46:09.97782 - Find markers for: random
2024-09-08 01:46:18.591478 - Building Table
** Done! **

                                 gene        logFC log.p.value   log.FDR
ENSMUSG00000033825 ENSMUSG00000033825 0.0004092756  -13.666337 -4.259829
ENSMUSG00000056529 ENSMUSG00000056529 0.0080043994  -13.282272 -4.259829
ENSMUSG00000040264 ENSMUSG00000040264 0.0015757205  -11.239611 -2.855707
ENSMUSG00000035506 ENSMUSG00000035506 0.0218733610  -11.185003 -2.855707
ENSMUSG00000022439 ENSMUSG00000022439 0.0067313546  -10.869703 -2.763550
ENSMUSG00000004609 ENSMUSG00000004609 0.0112003843   -9.955665 -2.031834
                    std.logFC cellType.target std.logFC.rank     std.logFC.anno
ENSMUSG00000033825 0.11685535          random              1  std logFC = 0.117
ENSMUSG00000056529 0.11490774          random              2  std logFC = 0.115
ENSMUSG00000040264 0.10399140          random              3  std logFC = 0.104
ENSMUSG00000035506 0.10368521          random              4  std logFC = 0.104
ENSMUSG00000022439 0.10190102          random              5  std logFC = 0.102
ENSMUSG00000004609 0.09656121          random              6  std logFC = 0.097
[1] 322
Running 1vALL Testing for up-regulated genes
2024-09-08 01:46:18.801399 - Find markers for: other
2024-09-08 01:46:27.289402 - Find markers for: random
2024-09-08 01:46:35.838259 - Building Table
** Done! **

                                 gene       logFC log.p.value   log.FDR
ENSMUSG00000094152 ENSMUSG00000094152 0.011092577  -11.278333 -1.604648
ENSMUSG00000048875 ENSMUSG00000048875 0.002844384  -10.135388 -1.604648
ENSMUSG00000025867 ENSMUSG00000025867 0.061367911  -10.116879 -1.604648
ENSMUSG00000001095 ENSMUSG00000001095 0.001029237   -9.933944 -1.604648
ENSMUSG00000054715 ENSMUSG00000054715 0.035443149   -9.221200 -1.415913
ENSMUSG00000040746 ENSMUSG00000040746 0.032852255   -9.026985 -1.415913
                    std.logFC cellType.target std.logFC.rank     std.logFC.anno
ENSMUSG00000094152 0.10430428          random              1  std logFC = 0.104
ENSMUSG00000048875 0.09772209          random              2  std logFC = 0.098
ENSMUSG00000025867 0.09761221          random              3  std logFC = 0.098
ENSMUSG00000001095 0.09652017          random              4  std logFC = 0.097
ENSMUSG00000054715 0.09215535          random              5  std logFC = 0.092
ENSMUSG00000040746 0.09093370          random              6  std logFC = 0.091
[1] 323
Running 1vALL Testing for up-regulated genes
2024-09-08 01:46:36.038267 - Find markers for: other
2024-09-08 01:46:44.549248 - Find markers for: random
2024-09-08 01:46:53.058294 - Building Table
** Done! **

                                 gene        logFC log.p.value   log.FDR
ENSMUSG00000055197 ENSMUSG00000055197 0.0008823012   -13.88567 -4.170081
ENSMUSG00000079014 ENSMUSG00000079014 0.0018734690   -11.34292 -2.628221
ENSMUSG00000092349 ENSMUSG00000092349 0.0030703617   -11.24520 -2.628221
ENSMUSG00000020383 ENSMUSG00000020383 0.0003197148   -10.56860 -2.490264
ENSMUSG00000073771 ENSMUSG00000073771 0.0131360544   -10.50430 -2.490264
ENSMUSG00000022842 ENSMUSG00000022842 0.0474944974   -10.41410 -2.490264
                    std.logFC cellType.target std.logFC.rank     std.logFC.anno
ENSMUSG00000055197 0.11835661          random              1  std logFC = 0.118
ENSMUSG00000079014 0.10492512          random              2  std logFC = 0.105
ENSMUSG00000092349 0.10437751          random              3  std logFC = 0.104
ENSMUSG00000020383 0.10051206          random              4  std logFC = 0.101
ENSMUSG00000073771 0.10013764          random              5    std logFC = 0.1
ENSMUSG00000022842 0.09961034          random              6    std logFC = 0.1
[1] 324
Running 1vALL Testing for up-regulated genes
2024-09-08 01:46:53.255725 - Find markers for: other
2024-09-08 01:47:01.74543 - Find markers for: random
2024-09-08 01:47:10.261451 - Building Table
** Done! **

                                 gene        logFC log.p.value   log.FDR
ENSMUSG00000030159 ENSMUSG00000030159 0.0053006861   -14.98876 -5.440720
ENSMUSG00000023484 ENSMUSG00000023484 0.0024895669   -14.46316 -5.440720
ENSMUSG00000026285 ENSMUSG00000026285 0.0005862394   -13.79525 -5.178267
ENSMUSG00000049674 ENSMUSG00000049674 0.0022238096   -13.06709 -4.737789
ENSMUSG00000042178 ENSMUSG00000042178 0.0266092827   -11.48194 -3.577212
ENSMUSG00000058794 ENSMUSG00000058794 0.0008622481   -11.38718 -3.577212
                   std.logFC cellType.target std.logFC.rank     std.logFC.anno
ENSMUSG00000030159 0.1238031          random              1  std logFC = 0.124
ENSMUSG00000023484 0.1212538          random              2  std logFC = 0.121
ENSMUSG00000026285 0.1179405          random              3  std logFC = 0.118
ENSMUSG00000049674 0.1142274          random              4  std logFC = 0.114
ENSMUSG00000042178 0.1057331          random              5  std logFC = 0.106
ENSMUSG00000058794 0.1052055          random              6  std logFC = 0.105
[1] 325
Running 1vALL Testing for up-regulated genes
2024-09-08 01:47:10.493964 - Find markers for: other
2024-09-08 01:47:19.214669 - Find markers for: random
2024-09-08 01:47:27.608964 - Building Table
** Done! **

                                 gene        logFC log.p.value   log.FDR
ENSMUSG00000079298 ENSMUSG00000079298 0.0022193039   -15.31233 -5.596742
ENSMUSG00000079019 ENSMUSG00000079019 0.0006977336   -13.86935 -4.846906
ENSMUSG00000041857 ENSMUSG00000041857 0.0013207703   -12.26985 -3.652874
ENSMUSG00000024409 ENSMUSG00000024409 0.0024315241   -11.57380 -3.312577
ENSMUSG00000042448 ENSMUSG00000042448 0.0010002598   -11.41873 -3.312577
ENSMUSG00000045330 ENSMUSG00000045330 0.0011986520   -10.66479 -2.740956
                   std.logFC cellType.target std.logFC.rank     std.logFC.anno
ENSMUSG00000079298 0.1251822          random              1  std logFC = 0.125
ENSMUSG00000079019 0.1181552          random              2  std logFC = 0.118
ENSMUSG00000041857 0.1098843          random              3   std logFC = 0.11
ENSMUSG00000024409 0.1061012          random              4  std logFC = 0.106
ENSMUSG00000042448 0.1052415          random              5  std logFC = 0.105
ENSMUSG00000045330 0.1009674          random              6  std logFC = 0.101
[1] 326
Running 1vALL Testing for up-regulated genes
2024-09-08 01:47:27.825207 - Find markers for: other
2024-09-08 01:47:36.398212 - Find markers for: random
2024-09-08 01:47:44.800623 - Building Table
** Done! **

                                 gene        logFC log.p.value   log.FDR
ENSMUSG00000053852 ENSMUSG00000053852 0.0059626395   -14.66226 -5.364460
ENSMUSG00000009487 ENSMUSG00000009487 0.0016192679   -14.13765 -5.364460
ENSMUSG00000046323 ENSMUSG00000046323 0.0008332605   -13.76534 -5.364460
ENSMUSG00000030935 ENSMUSG00000030935 0.0076438797   -13.52696 -5.364460
ENSMUSG00000044103 ENSMUSG00000044103 0.0006205292   -13.47061 -5.364460
ENSMUSG00000020573 ENSMUSG00000020573 0.0114830770   -11.03903 -3.115201
                   std.logFC cellType.target std.logFC.rank     std.logFC.anno
ENSMUSG00000053852 0.1216598          random              1  std logFC = 0.122
ENSMUSG00000009487 0.1190960          random              2  std logFC = 0.119
ENSMUSG00000046323 0.1172452          random              3  std logFC = 0.117
ENSMUSG00000030935 0.1160457          random              4  std logFC = 0.116
ENSMUSG00000044103 0.1157605          random              5  std logFC = 0.116
ENSMUSG00000020573 0.1027685          random              6  std logFC = 0.103
[1] 327
Running 1vALL Testing for up-regulated genes
2024-09-08 01:47:44.993362 - Find markers for: other
2024-09-08 01:47:53.56914 - Find markers for: random
2024-09-08 01:48:02.057701 - Building Table
** Done! **

                                 gene        logFC log.p.value   log.FDR
ENSMUSG00000074109 ENSMUSG00000074109 0.0007991466   -13.42957 -3.866735
ENSMUSG00000038173 ENSMUSG00000038173 0.0306270255   -12.28549 -3.866735
ENSMUSG00000075324 ENSMUSG00000075324 0.0731887033   -12.27714 -3.866735
ENSMUSG00000060509 ENSMUSG00000060509 0.0021723892   -12.09780 -3.866735
ENSMUSG00000029188 ENSMUSG00000029188 0.0020035699   -11.97289 -3.866735
ENSMUSG00000029862 ENSMUSG00000029862 0.0206060760   -11.46411 -3.540283
                   std.logFC cellType.target std.logFC.rank     std.logFC.anno
ENSMUSG00000074109 0.1163571          random              1  std logFC = 0.116
ENSMUSG00000038173 0.1103680          random              2   std logFC = 0.11
ENSMUSG00000075324 0.1103231          random              3   std logFC = 0.11
ENSMUSG00000060509 0.1093568          random              4  std logFC = 0.109
ENSMUSG00000029188 0.1086790          random              5  std logFC = 0.109
ENSMUSG00000029862 0.1058776          random              6  std logFC = 0.106
[1] 328
Running 1vALL Testing for up-regulated genes
2024-09-08 01:48:02.262543 - Find markers for: other
2024-09-08 01:48:10.521508 - Find markers for: random
2024-09-08 01:48:19.032221 - Building Table
** Done! **

                                 gene        logFC log.p.value   log.FDR
ENSMUSG00000003555 ENSMUSG00000003555 0.0006756457  -13.561508 -3.845918
ENSMUSG00000074653 ENSMUSG00000074653 0.0024696166  -12.454417 -3.431974
ENSMUSG00000032315 ENSMUSG00000032315 0.0008650923  -10.713572 -2.096594
ENSMUSG00000075572 ENSMUSG00000075572 0.0015541709  -10.200293 -1.870997
ENSMUSG00000052099 ENSMUSG00000052099 0.0030919557   -9.851544 -1.745392
ENSMUSG00000074797 ENSMUSG00000074797 0.0302182229   -9.182889 -1.506368
                    std.logFC cellType.target std.logFC.rank     std.logFC.anno
ENSMUSG00000003555 0.11712182          random              1  std logFC = 0.117
ENSMUSG00000074653 0.11135853          random              2  std logFC = 0.111
ENSMUSG00000032315 0.10169733          random              3  std logFC = 0.102
ENSMUSG00000075572 0.09868591          random              4  std logFC = 0.099
ENSMUSG00000052099 0.09659172          random              5  std logFC = 0.097
ENSMUSG00000074797 0.09245832          random              6  std logFC = 0.092
[1] 329
Running 1vALL Testing for up-regulated genes
2024-09-08 01:48:19.245987 - Find markers for: random
2024-09-08 01:48:27.866994 - Find markers for: other
2024-09-08 01:48:36.281126 - Building Table
** Done! **

                                 gene       logFC log.p.value   log.FDR
ENSMUSG00000024184 ENSMUSG00000024184 0.003748644   -14.23731 -4.521720
ENSMUSG00000079111 ENSMUSG00000079111 0.026342220   -10.89045 -2.436403
ENSMUSG00000020682 ENSMUSG00000020682 0.020131819   -10.78059 -2.436403
ENSMUSG00000030976 ENSMUSG00000030976 0.001154096   -10.58574 -2.436403
ENSMUSG00000032094 ENSMUSG00000032094 0.001164023   -10.37918 -2.436403
ENSMUSG00000021255 ENSMUSG00000021255 0.011960253   -10.30099 -2.436403
                    std.logFC cellType.target std.logFC.rank     std.logFC.anno
ENSMUSG00000024184 0.12033103          random              1   std logFC = 0.12
ENSMUSG00000079111 0.10256005          random              2  std logFC = 0.103
ENSMUSG00000020682 0.10192901          random              3  std logFC = 0.102
ENSMUSG00000030976 0.10080105          random              4  std logFC = 0.101
ENSMUSG00000032094 0.09959273          random              5    std logFC = 0.1
ENSMUSG00000021255 0.09913187          random              6  std logFC = 0.099
[1] 330
Running 1vALL Testing for up-regulated genes
2024-09-08 01:48:36.493668 - Find markers for: other
2024-09-08 01:48:44.898484 - Find markers for: random
2024-09-08 01:48:53.323912 - Building Table
** Done! **

                                 gene        logFC log.p.value   log.FDR
ENSMUSG00000040495 ENSMUSG00000040495 0.0070341254   -16.01604 -6.300451
ENSMUSG00000023906 ENSMUSG00000023906 0.0006727361   -14.00733 -4.984887
ENSMUSG00000032215 ENSMUSG00000032215 0.0326091786   -13.46104 -4.844063
ENSMUSG00000025396 ENSMUSG00000025396 0.0022827211   -12.24746 -3.918164
ENSMUSG00000074665 ENSMUSG00000074665 0.0010377639   -11.24026 -3.183232
ENSMUSG00000037808 ENSMUSG00000037808 0.0516156753   -11.10706 -3.183232
                   std.logFC cellType.target std.logFC.rank     std.logFC.anno
ENSMUSG00000040495 0.1290472          random              1  std logFC = 0.129
ENSMUSG00000023906 0.1193692          random              2  std logFC = 0.119
ENSMUSG00000032215 0.1166088          random              3  std logFC = 0.117
ENSMUSG00000025396 0.1102497          random              4   std logFC = 0.11
ENSMUSG00000074665 0.1047050          random              5  std logFC = 0.105
ENSMUSG00000037808 0.1039517          random              6  std logFC = 0.104
[1] 331
Running 1vALL Testing for up-regulated genes
2024-09-08 01:48:53.52959 - Find markers for: other
2024-09-08 01:49:01.998831 - Find markers for: random
2024-09-08 01:49:10.66012 - Building Table
** Done! **

                                 gene        logFC log.p.value   log.FDR
ENSMUSG00000028738 ENSMUSG00000028738 0.0008019051  -13.387019 -3.847312
ENSMUSG00000038192 ENSMUSG00000038192 0.0005711586  -12.869756 -3.847312
ENSMUSG00000027611 ENSMUSG00000027611 0.0039371603  -10.257993 -1.772620
ENSMUSG00000025422 ENSMUSG00000025422 0.0451491753   -9.743191 -1.772620
ENSMUSG00000021907 ENSMUSG00000021907 0.0011566523   -9.715054 -1.772620
ENSMUSG00000087247 ENSMUSG00000087247 0.0057979775   -9.646229 -1.772620
                    std.logFC cellType.target std.logFC.rank     std.logFC.anno
ENSMUSG00000028738 0.11596332          random              1  std logFC = 0.116
ENSMUSG00000038192 0.11329076          random              2  std logFC = 0.113
ENSMUSG00000027611 0.09880054          random              3  std logFC = 0.099
ENSMUSG00000025422 0.09571184          random              4  std logFC = 0.096
ENSMUSG00000021907 0.09554045          random              5  std logFC = 0.096
ENSMUSG00000087247 0.09512005          random              6  std logFC = 0.095
[1] 332
Running 1vALL Testing for up-regulated genes
2024-09-08 01:49:10.892503 - Find markers for: other
2024-09-08 01:49:19.360919 - Find markers for: random
2024-09-08 01:49:27.914467 - Building Table
** Done! **

                                 gene        logFC log.p.value   log.FDR
ENSMUSG00000044678 ENSMUSG00000044678 0.0011984771   -13.73044 -4.718109
ENSMUSG00000027528 ENSMUSG00000027528 0.0007587959   -13.66489 -4.718109
ENSMUSG00000042845 ENSMUSG00000042845 0.0012906332   -13.33509 -4.718109
ENSMUSG00000058755 ENSMUSG00000058755 0.0021825478   -12.69597 -4.366671
ENSMUSG00000031891 ENSMUSG00000031891 0.0045832535   -11.51190 -3.405749
ENSMUSG00000041578 ENSMUSG00000041578 0.0017786733   -10.13161 -2.207774
                    std.logFC cellType.target std.logFC.rank     std.logFC.anno
ENSMUSG00000044678 0.11712910          random              1  std logFC = 0.117
ENSMUSG00000027528 0.11679980          random              2  std logFC = 0.117
ENSMUSG00000042845 0.11512980          random              3  std logFC = 0.115
ENSMUSG00000058755 0.11182824          random              4  std logFC = 0.112
ENSMUSG00000031891 0.10546249          random              5  std logFC = 0.105
ENSMUSG00000041578 0.09756916          random              6  std logFC = 0.098
[1] 333
Running 1vALL Testing for up-regulated genes
2024-09-08 01:49:28.130292 - Find markers for: other
2024-09-08 01:49:36.658757 - Find markers for: random
2024-09-08 01:49:45.03441 - Building Table
** Done! **

                                 gene       logFC log.p.value   log.FDR
ENSMUSG00000061126 ENSMUSG00000061126 0.001018700   -12.37867 -3.205920
ENSMUSG00000031373 ENSMUSG00000031373 0.018321621   -12.22062 -3.205920
ENSMUSG00000037171 ENSMUSG00000037171 0.004412760   -11.60457 -3.205920
ENSMUSG00000042626 ENSMUSG00000042626 0.024891365   -11.53522 -3.205920
ENSMUSG00000032094 ENSMUSG00000032094 0.001152852   -10.27655 -2.170397
ENSMUSG00000051682 ENSMUSG00000051682 0.001227760    -9.58352 -1.661191
                    std.logFC cellType.target std.logFC.rank     std.logFC.anno
ENSMUSG00000061126 0.11039228          random              1   std logFC = 0.11
ENSMUSG00000031373 0.10954846          random              2   std logFC = 0.11
ENSMUSG00000037171 0.10620110          random              3  std logFC = 0.106
ENSMUSG00000042626 0.10581824          random              4  std logFC = 0.106
ENSMUSG00000032094 0.09863648          random              5  std logFC = 0.099
ENSMUSG00000051682 0.09447333          random              6  std logFC = 0.094
[1] 334
Running 1vALL Testing for up-regulated genes
2024-09-08 01:49:45.228257 - Find markers for: other
2024-09-08 01:49:53.56237 - Find markers for: random
2024-09-08 01:50:01.829347 - Building Table
** Done! **

                                 gene       logFC log.p.value   log.FDR
ENSMUSG00000037638 ENSMUSG00000037638 0.003203980   -17.01581 -7.300217
ENSMUSG00000025078 ENSMUSG00000025078 0.057898973   -12.87797 -4.258691
ENSMUSG00000017165 ENSMUSG00000017165 0.004510472   -12.87567 -4.258691
ENSMUSG00000074570 ENSMUSG00000074570 0.010983688   -11.88335 -3.554051
ENSMUSG00000034382 ENSMUSG00000034382 0.003022083   -10.64643 -2.722246
ENSMUSG00000074594 ENSMUSG00000074594 0.001442189   -10.64608 -2.722246
                   std.logFC cellType.target std.logFC.rank     std.logFC.anno
ENSMUSG00000037638 0.1334431          random              1  std logFC = 0.133
ENSMUSG00000025078 0.1134441          random              2  std logFC = 0.113
ENSMUSG00000017165 0.1134321          random              3  std logFC = 0.113
ENSMUSG00000074570 0.1081320          random              4  std logFC = 0.108
ENSMUSG00000034382 0.1011733          random              5  std logFC = 0.101
ENSMUSG00000074594 0.1011712          random              6  std logFC = 0.101
[1] 335
Running 1vALL Testing for up-regulated genes
2024-09-08 01:50:02.040488 - Find markers for: other
2024-09-08 01:50:10.501263 - Find markers for: random
2024-09-08 01:50:18.839934 - Building Table
** Done! **

                                 gene        logFC log.p.value   log.FDR
ENSMUSG00000043664 ENSMUSG00000043664 0.0003515020   -11.98629 -2.890983
ENSMUSG00000026166 ENSMUSG00000026166 0.0008863090   -11.87151 -2.890983
ENSMUSG00000019936 ENSMUSG00000019936 0.0265351748   -11.50796 -2.890983
ENSMUSG00000031621 ENSMUSG00000031621 0.0006513678   -10.26182 -2.189212
ENSMUSG00000030492 ENSMUSG00000030492 0.0024228700   -10.24201 -2.189212
ENSMUSG00000027719 ENSMUSG00000027719 0.0018949011   -10.11304 -2.189212
                    std.logFC cellType.target std.logFC.rank     std.logFC.anno
ENSMUSG00000043664 0.10786263          random              1  std logFC = 0.108
ENSMUSG00000026166 0.10724195          random              2  std logFC = 0.107
ENSMUSG00000019936 0.10525394          random              3  std logFC = 0.105
ENSMUSG00000031621 0.09816399          random              4  std logFC = 0.098
ENSMUSG00000030492 0.09804758          random              5  std logFC = 0.098
ENSMUSG00000027719 0.09728644          random              6  std logFC = 0.097
[1] 336
Running 1vALL Testing for up-regulated genes
2024-09-08 01:50:19.066111 - Find markers for: random
2024-09-08 01:50:27.557535 - Find markers for: other
2024-09-08 01:50:36.023605 - Building Table
** Done! **

                                 gene        logFC log.p.value   log.FDR
ENSMUSG00000041578 ENSMUSG00000041578 0.0020630376   -12.88296 -3.856354
ENSMUSG00000038192 ENSMUSG00000038192 0.0005704983   -12.87880 -3.856354
ENSMUSG00000090035 ENSMUSG00000090035 0.0090609727   -11.77422 -3.157246
ENSMUSG00000026175 ENSMUSG00000026175 0.0086599389   -11.38259 -3.132766
ENSMUSG00000029408 ENSMUSG00000029408 0.0363799402   -11.12322 -3.132766
ENSMUSG00000073077 ENSMUSG00000073077 0.0421596571   -10.94742 -3.132766
                   std.logFC cellType.target std.logFC.rank     std.logFC.anno
ENSMUSG00000041578 0.1131815          random              1  std logFC = 0.113
ENSMUSG00000038192 0.1131598          random              2  std logFC = 0.113
ENSMUSG00000090035 0.1072610          random              3  std logFC = 0.107
ENSMUSG00000026175 0.1050970          random              4  std logFC = 0.105
ENSMUSG00000029408 0.1036414          random              5  std logFC = 0.104
ENSMUSG00000073077 0.1026441          random              6  std logFC = 0.103
[1] 337
Running 1vALL Testing for up-regulated genes
2024-09-08 01:50:36.239253 - Find markers for: other
2024-09-08 01:50:44.891914 - Find markers for: random
2024-09-08 01:50:53.732587 - Building Table
** Done! **

                                 gene        logFC log.p.value    log.FDR
ENSMUSG00000074825 ENSMUSG00000074825 0.0066475053   -19.74317 -10.027577
ENSMUSG00000032860 ENSMUSG00000032860 0.0027189853   -15.72906  -6.706617
ENSMUSG00000043681 ENSMUSG00000043681 0.0018173123   -13.34112  -4.942650
ENSMUSG00000052435 ENSMUSG00000052435 0.0005118636   -13.27195  -4.942650
ENSMUSG00000118553 ENSMUSG00000118553 0.0022382260   -11.78242  -3.676270
ENSMUSG00000064288 ENSMUSG00000064288 0.0050627367   -10.75993  -2.836099
                   std.logFC cellType.target std.logFC.rank     std.logFC.anno
ENSMUSG00000074825 0.1446965          random              1  std logFC = 0.145
ENSMUSG00000032860 0.1270832          random              2  std logFC = 0.127
ENSMUSG00000043681 0.1154286          random              3  std logFC = 0.115
ENSMUSG00000052435 0.1150748          random              4  std logFC = 0.115
ENSMUSG00000118553 0.1071963          random              5  std logFC = 0.107
ENSMUSG00000064288 0.1014670          random              6  std logFC = 0.101
[1] 338
Running 1vALL Testing for up-regulated genes
2024-09-08 01:50:53.941169 - Find markers for: other
2024-09-08 01:51:02.640521 - Find markers for: random
2024-09-08 01:51:11.272148 - Building Table
** Done! **

                                 gene       logFC log.p.value   log.FDR
ENSMUSG00000038591 ENSMUSG00000038591 0.002008977   -12.68898 -3.661488
ENSMUSG00000037157 ENSMUSG00000037157 0.003090695   -12.68393 -3.661488
ENSMUSG00000034219 ENSMUSG00000034219 0.002493111   -11.65702 -3.316108
ENSMUSG00000020428 ENSMUSG00000020428 0.001331192   -11.51844 -3.316108
ENSMUSG00000032451 ENSMUSG00000032451 0.001128514   -11.42226 -3.316108
ENSMUSG00000037885 ENSMUSG00000037885 0.023598414    -9.25371 -1.329879
                    std.logFC cellType.target std.logFC.rank     std.logFC.anno
ENSMUSG00000038591 0.11230854          random              1  std logFC = 0.112
ENSMUSG00000037157 0.11228196          random              2  std logFC = 0.112
ENSMUSG00000034219 0.10675269          random              3  std logFC = 0.107
ENSMUSG00000020428 0.10598640          random              4  std logFC = 0.106
ENSMUSG00000032451 0.10545156          random              5  std logFC = 0.105
ENSMUSG00000037885 0.09266153          random              6  std logFC = 0.093
[1] 339
Running 1vALL Testing for up-regulated genes
2024-09-08 01:51:11.501675 - Find markers for: other
2024-09-08 01:51:20.208286 - Find markers for: random
2024-09-08 01:51:28.760855 - Building Table
** Done! **

                                 gene        logFC log.p.value   log.FDR
ENSMUSG00000091091 ENSMUSG00000091091 0.0041876585  -12.906390 -3.393159
ENSMUSG00000037335 ENSMUSG00000037335 0.0009271718  -12.131540 -3.393159
ENSMUSG00000078179 ENSMUSG00000078179 0.0011970932  -12.010137 -3.393159
ENSMUSG00000017720 ENSMUSG00000017720 0.0023384944  -10.625802 -2.296506
ENSMUSG00000041620 ENSMUSG00000041620 0.0012482251  -10.355645 -2.249493
ENSMUSG00000037727 ENSMUSG00000037727 0.0151187714   -9.757519 -1.848152
                    std.logFC cellType.target std.logFC.rank     std.logFC.anno
ENSMUSG00000091091 0.11304553          random              1  std logFC = 0.113
ENSMUSG00000037335 0.10895239          random              2  std logFC = 0.109
ENSMUSG00000078179 0.10829825          random              3  std logFC = 0.108
ENSMUSG00000017720 0.10056688          random              4  std logFC = 0.101
ENSMUSG00000041620 0.09899451          random              5  std logFC = 0.099
ENSMUSG00000037727 0.09543060          random              6  std logFC = 0.095
[1] 340
Running 1vALL Testing for up-regulated genes
2024-09-08 01:51:28.951533 - Find markers for: other
2024-09-08 01:51:37.606813 - Find markers for: random
2024-09-08 01:51:46.229951 - Building Table
** Done! **

                                 gene        logFC log.p.value   log.FDR
ENSMUSG00000073931 ENSMUSG00000073931 0.0008678155   -18.42687 -8.711276
ENSMUSG00000002240 ENSMUSG00000002240 0.0026457451   -15.71011 -6.687666
ENSMUSG00000024029 ENSMUSG00000024029 0.0017373657   -14.00021 -5.383234
ENSMUSG00000058743 ENSMUSG00000058743 0.0063186097   -13.15177 -4.920991
ENSMUSG00000050671 ENSMUSG00000050671 0.0085111563   -13.02714 -4.920991
ENSMUSG00000037885 ENSMUSG00000037885 0.0278593745   -12.18071 -4.256878
                   std.logFC cellType.target std.logFC.rank     std.logFC.anno
ENSMUSG00000073931 0.1392191          random              1  std logFC = 0.139
ENSMUSG00000002240 0.1270557          random              2  std logFC = 0.127
ENSMUSG00000024029 0.1188084          random              3  std logFC = 0.119
ENSMUSG00000058743 0.1145127          random              4  std logFC = 0.115
ENSMUSG00000050671 0.1138692          random              5  std logFC = 0.114
ENSMUSG00000037885 0.1094065          random              6  std logFC = 0.109
[1] 341
Running 1vALL Testing for up-regulated genes
2024-09-08 01:51:46.440376 - Find markers for: other
2024-09-08 01:51:55.199424 - Find markers for: random
2024-09-08 01:52:03.531045 - Building Table
** Done! **

                                 gene        logFC log.p.value   log.FDR
ENSMUSG00000025774 ENSMUSG00000025774 0.0004742054   -12.00593 -2.697016
ENSMUSG00000036805 ENSMUSG00000036805 0.0009034853   -11.17229 -2.697016
ENSMUSG00000061533 ENSMUSG00000061533 0.0593377863   -10.88265 -2.697016
ENSMUSG00000044086 ENSMUSG00000044086 0.0011909526   -10.83923 -2.697016
ENSMUSG00000025497 ENSMUSG00000025497 0.0011586173   -10.67537 -2.697016
ENSMUSG00000020884 ENSMUSG00000020884 0.0028758506   -10.57408 -2.697016
                   std.logFC cellType.target std.logFC.rank     std.logFC.anno
ENSMUSG00000025774 0.1086683          random              1  std logFC = 0.109
ENSMUSG00000036805 0.1040577          random              2  std logFC = 0.104
ENSMUSG00000061533 0.1024117          random              3  std logFC = 0.102
ENSMUSG00000044086 0.1021629          random              4  std logFC = 0.102
ENSMUSG00000025497 0.1012189          random              5  std logFC = 0.101
ENSMUSG00000020884 0.1006314          random              6  std logFC = 0.101
[1] 342
Running 1vALL Testing for up-regulated genes
2024-09-08 01:52:03.737643 - Find markers for: other
2024-09-08 01:52:12.265779 - Find markers for: random
2024-09-08 01:52:20.560682 - Building Table
** Done! **

                                 gene        logFC log.p.value   log.FDR
ENSMUSG00000067522 ENSMUSG00000067522 0.0006155058   -13.57496 -3.922549
ENSMUSG00000020279 ENSMUSG00000020279 0.0008831013   -12.83664 -3.922549
ENSMUSG00000020839 ENSMUSG00000020839 0.0033475351   -12.53953 -3.922549
ENSMUSG00000030314 ENSMUSG00000030314 0.0509261449   -11.64458 -3.419335
ENSMUSG00000050641 ENSMUSG00000050641 0.0012599526   -11.45319 -3.419335
ENSMUSG00000050234 ENSMUSG00000050234 0.0053066859   -11.21691 -3.419335
                   std.logFC cellType.target std.logFC.rank     std.logFC.anno
ENSMUSG00000067522 0.1164437          random              1  std logFC = 0.116
ENSMUSG00000020279 0.1126564          random              2  std logFC = 0.113
ENSMUSG00000020839 0.1110990          random              3  std logFC = 0.111
ENSMUSG00000030314 0.1062817          random              4  std logFC = 0.106
ENSMUSG00000050641 0.1052254          random              5  std logFC = 0.105
ENSMUSG00000050234 0.1039079          random              6  std logFC = 0.104
[1] 343
Running 1vALL Testing for up-regulated genes
2024-09-08 01:52:20.759274 - Find markers for: other
2024-09-08 01:52:29.228998 - Find markers for: random
2024-09-08 01:52:38.406895 - Building Table
** Done! **

                                 gene        logFC log.p.value   log.FDR
ENSMUSG00000076866 ENSMUSG00000076866 0.0008411910   -18.66803 -8.952443
ENSMUSG00000074336 ENSMUSG00000074336 0.0032110499   -14.01377 -4.998746
ENSMUSG00000058628 ENSMUSG00000058628 0.0009528044   -13.61572 -4.998746
ENSMUSG00000026308 ENSMUSG00000026308 0.0019790533   -10.84708 -2.517780
ENSMUSG00000006675 ENSMUSG00000006675 0.0482794096   -10.45576 -2.349604
ENSMUSG00000037907 ENSMUSG00000037907 0.0378016547   -10.18247 -2.258635
                    std.logFC cellType.target std.logFC.rank     std.logFC.anno
ENSMUSG00000076866 0.14025589          random              1   std logFC = 0.14
ENSMUSG00000074336 0.11888014          random              2  std logFC = 0.119
ENSMUSG00000058628 0.11688397          random              3  std logFC = 0.117
ENSMUSG00000026308 0.10201939          random              4  std logFC = 0.102
ENSMUSG00000006675 0.09975677          random              5    std logFC = 0.1
ENSMUSG00000037907 0.09814874          random              6  std logFC = 0.098
[1] 344
Running 1vALL Testing for up-regulated genes
2024-09-08 01:52:38.630884 - Find markers for: other
2024-09-08 01:52:48.161875 - Find markers for: random
2024-09-08 01:52:57.725104 - Building Table
** Done! **

                                 gene       logFC log.p.value   log.FDR
ENSMUSG00000032292 ENSMUSG00000032292 0.001877599  -12.832736 -3.117145
ENSMUSG00000026124 ENSMUSG00000026124 0.001175561  -10.113397 -1.525532
ENSMUSG00000055775 ENSMUSG00000055775 0.001888823   -9.149678 -1.525532
ENSMUSG00000074817 ENSMUSG00000074817 0.005639428   -9.093293 -1.525532
ENSMUSG00000048329 ENSMUSG00000048329 0.001914484   -8.831126 -1.525532
ENSMUSG00000021226 ENSMUSG00000021226 0.009750768   -8.587884 -1.525532
                    std.logFC cellType.target std.logFC.rank     std.logFC.anno
ENSMUSG00000032292 0.11268325          random              1  std logFC = 0.113
ENSMUSG00000026124 0.09758330          random              2  std logFC = 0.098
ENSMUSG00000055775 0.09169940          random              3  std logFC = 0.092
ENSMUSG00000074817 0.09134471          random              4  std logFC = 0.091
ENSMUSG00000048329 0.08967922          random              5   std logFC = 0.09
ENSMUSG00000021226 0.08810909          random              6  std logFC = 0.088
[1] 345
Running 1vALL Testing for up-regulated genes
2024-09-08 01:52:57.951586 - Find markers for: other
2024-09-08 01:53:07.17746 - Find markers for: random
2024-09-08 01:53:16.669748 - Building Table
** Done! **

                                 gene        logFC log.p.value   log.FDR
ENSMUSG00000021298 ENSMUSG00000021298 0.0057380286  -16.730051 -7.014460
ENSMUSG00000071506 ENSMUSG00000071506 0.0007338076  -13.612215 -4.589771
ENSMUSG00000035963 ENSMUSG00000035963 0.0030667272  -10.899864 -2.444946
ENSMUSG00000031738 ENSMUSG00000031738 0.0017029320  -10.774242 -2.444946
ENSMUSG00000014355 ENSMUSG00000014355 0.0505731206   -9.774662 -1.796811
ENSMUSG00000006724 ENSMUSG00000006724 0.0028639460   -9.687569 -1.796811
                    std.logFC cellType.target std.logFC.rank     std.logFC.anno
ENSMUSG00000021298 0.13160984          random              1  std logFC = 0.132
ENSMUSG00000071506 0.11674166          random              2  std logFC = 0.117
ENSMUSG00000035963 0.10221208          random              3  std logFC = 0.102
ENSMUSG00000031738 0.10149342          random              4  std logFC = 0.101
ENSMUSG00000014355 0.09560218          random              5  std logFC = 0.096
ENSMUSG00000006724 0.09507340          random              6  std logFC = 0.095
[1] 346
Running 1vALL Testing for up-regulated genes
2024-09-08 01:53:16.884908 - Find markers for: other
2024-09-08 01:53:26.497929 - Find markers for: random
2024-09-08 01:53:35.659115 - Building Table
** Done! **

                                 gene        logFC log.p.value   log.FDR
ENSMUSG00000025519 ENSMUSG00000025519 0.0011552348   -14.29142 -4.575826
ENSMUSG00000048236 ENSMUSG00000048236 0.0009297889   -13.35055 -4.328111
ENSMUSG00000029368 ENSMUSG00000029368 0.0024697604   -12.58955 -3.972571
ENSMUSG00000075272 ENSMUSG00000075272 0.0010302832   -10.68345 -2.474388
ENSMUSG00000099418 ENSMUSG00000099418 0.0064702296   -10.49476 -2.474388
ENSMUSG00000006469 ENSMUSG00000006469 0.0006605330   -10.39822 -2.474388
                    std.logFC cellType.target std.logFC.rank     std.logFC.anno
ENSMUSG00000025519 0.12004319          random              1   std logFC = 0.12
ENSMUSG00000048236 0.11533366          random              2  std logFC = 0.115
ENSMUSG00000029368 0.11139055          random              3  std logFC = 0.111
ENSMUSG00000075272 0.10090141          random              4  std logFC = 0.101
ENSMUSG00000099418 0.09980882          random              5    std logFC = 0.1
ENSMUSG00000006469 0.09924561          random              6  std logFC = 0.099
[1] 347
Running 1vALL Testing for up-regulated genes
2024-09-08 01:53:35.85306 - Find markers for: other
2024-09-08 01:53:44.704244 - Find markers for: random
2024-09-08 01:53:53.737524 - Building Table
** Done! **

                                 gene        logFC log.p.value   log.FDR
ENSMUSG00000040134 ENSMUSG00000040134 0.0005484566   -12.47096 -3.275922
ENSMUSG00000043155 ENSMUSG00000043155 0.0030558523   -12.29837 -3.275922
ENSMUSG00000021789 ENSMUSG00000021789 0.0006215640   -11.54069 -2.923716
ENSMUSG00000004415 ENSMUSG00000004415 0.0329723486   -11.14234 -2.813045
ENSMUSG00000020870 ENSMUSG00000020870 0.0014047903   -10.79341 -2.731782
ENSMUSG00000000125 ENSMUSG00000000125 0.0141054038   -10.65561 -2.731782
                   std.logFC cellType.target std.logFC.rank     std.logFC.anno
ENSMUSG00000040134 0.1108718          random              1  std logFC = 0.111
ENSMUSG00000043155 0.1099540          random              2   std logFC = 0.11
ENSMUSG00000021789 0.1058386          random              3  std logFC = 0.106
ENSMUSG00000004415 0.1036153          random              4  std logFC = 0.104
ENSMUSG00000020870 0.1016316          random              5  std logFC = 0.102
ENSMUSG00000000125 0.1008385          random              6  std logFC = 0.101
[1] 348
Running 1vALL Testing for up-regulated genes
2024-09-08 01:53:53.941249 - Find markers for: random
2024-09-08 01:54:03.242439 - Find markers for: other
2024-09-08 01:54:12.762486 - Building Table
** Done! **

                                 gene       logFC log.p.value   log.FDR
ENSMUSG00000025500 ENSMUSG00000025500 0.001772753  -16.723092 -7.007501
ENSMUSG00000079007 ENSMUSG00000079007 0.002501837  -15.562276 -6.539833
ENSMUSG00000007338 ENSMUSG00000007338 0.022783036  -10.641346 -2.249012
ENSMUSG00000007907 ENSMUSG00000007907 0.001361694  -10.578308 -2.249012
ENSMUSG00000000706 ENSMUSG00000000706 0.001628596  -10.249192 -2.143039
ENSMUSG00000025037 ENSMUSG00000025037 0.039917241   -9.835771 -2.114669
                    std.logFC cellType.target std.logFC.rank     std.logFC.anno
ENSMUSG00000025500 0.13240621          random              1  std logFC = 0.132
ENSMUSG00000079007 0.12702645          random              2  std logFC = 0.127
ENSMUSG00000007338 0.10136181          random              3  std logFC = 0.101
ENSMUSG00000007907 0.10099464          random              4  std logFC = 0.101
ENSMUSG00000000706 0.09905780          random              5  std logFC = 0.099
ENSMUSG00000025037 0.09657544          random              6  std logFC = 0.097
[1] 349
Running 1vALL Testing for up-regulated genes
2024-09-08 01:54:13.05686 - Find markers for: other
2024-09-08 01:54:22.563323 - Find markers for: random
2024-09-08 01:54:31.820077 - Building Table
** Done! **

                                 gene        logFC log.p.value   log.FDR
ENSMUSG00000023039 ENSMUSG00000023039 0.0026418892  -12.916196 -3.200606
ENSMUSG00000096914 ENSMUSG00000096914 0.1619637919  -10.557691 -1.900256
ENSMUSG00000040631 ENSMUSG00000040631 0.0116945995  -10.517235 -1.900256
ENSMUSG00000054537 ENSMUSG00000054537 0.0009964346   -9.994796 -1.666980
ENSMUSG00000074647 ENSMUSG00000074647 0.0010944531   -9.773133 -1.666980
ENSMUSG00000019301 ENSMUSG00000019301 0.0027788300   -9.537727 -1.613896
                    std.logFC cellType.target std.logFC.rank     std.logFC.anno
ENSMUSG00000023039 0.11353066          random              1  std logFC = 0.114
ENSMUSG00000096914 0.10055714          random              2  std logFC = 0.101
ENSMUSG00000040631 0.10032136          random              3    std logFC = 0.1
ENSMUSG00000054537 0.09723035          random              4  std logFC = 0.097
ENSMUSG00000074647 0.09589189          random              5  std logFC = 0.096
ENSMUSG00000019301 0.09445188          random              6  std logFC = 0.094
[1] 350
Running 1vALL Testing for up-regulated genes
2024-09-08 01:54:32.021109 - Find markers for: other
2024-09-08 01:54:40.611759 - Find markers for: random
2024-09-08 01:54:49.253655 - Building Table
** Done! **

                                 gene       logFC log.p.value   log.FDR
ENSMUSG00000037577 ENSMUSG00000037577 0.005895682   -19.10688 -9.391290
ENSMUSG00000054666 ENSMUSG00000054666 0.001994395   -15.71132 -6.688874
ENSMUSG00000062609 ENSMUSG00000062609 0.001820383   -13.94582 -5.328846
ENSMUSG00000108022 ENSMUSG00000108022 0.001586037   -13.46462 -5.135320
ENSMUSG00000025418 ENSMUSG00000025418 0.001329138   -11.62539 -3.519239
ENSMUSG00000005501 ENSMUSG00000005501 0.066192954   -11.24711 -3.323277
                   std.logFC cellType.target std.logFC.rank     std.logFC.anno
ENSMUSG00000037577 0.1416577          random              1  std logFC = 0.142
ENSMUSG00000054666 0.1266567          random              2  std logFC = 0.127
ENSMUSG00000062609 0.1181598          random              3  std logFC = 0.118
ENSMUSG00000108022 0.1157439          random              4  std logFC = 0.116
ENSMUSG00000025418 0.1060471          random              5  std logFC = 0.106
ENSMUSG00000005501 0.1039505          random              6  std logFC = 0.104
[1] 351
Running 1vALL Testing for up-regulated genes
2024-09-08 01:54:49.45927 - Find markers for: other
2024-09-08 01:54:57.795098 - Find markers for: random
2024-09-08 01:55:06.629194 - Building Table
** Done! **

                                 gene       logFC log.p.value   log.FDR
ENSMUSG00000036110 ENSMUSG00000036110 0.001170033   -15.83217 -6.116581
ENSMUSG00000039691 ENSMUSG00000039691 0.001575164   -12.26432 -3.613198
ENSMUSG00000041681 ENSMUSG00000041681 0.001045839   -12.23018 -3.613198
ENSMUSG00000028417 ENSMUSG00000028417 0.004953880   -11.74016 -3.592943
ENSMUSG00000070980 ENSMUSG00000070980 0.001239946   -11.54521 -3.592943
ENSMUSG00000038709 ENSMUSG00000038709 0.001042940   -11.51677 -3.592943
                   std.logFC cellType.target std.logFC.rank     std.logFC.anno
ENSMUSG00000036110 0.1276976          random              1  std logFC = 0.128
ENSMUSG00000039691 0.1099169          random              2   std logFC = 0.11
ENSMUSG00000041681 0.1097339          random              3   std logFC = 0.11
ENSMUSG00000028417 0.1070771          random              4  std logFC = 0.107
ENSMUSG00000070980 0.1060032          random              5  std logFC = 0.106
ENSMUSG00000038709 0.1058457          random              6  std logFC = 0.106
[1] 352
Running 1vALL Testing for up-regulated genes
2024-09-08 01:55:06.873676 - Find markers for: other
2024-09-08 01:55:15.909305 - Find markers for: random
2024-09-08 01:55:24.901648 - Building Table
** Done! **

                                 gene       logFC log.p.value   log.FDR
ENSMUSG00000044322 ENSMUSG00000044322 0.001850114  -16.832005 -7.116415
ENSMUSG00000026358 ENSMUSG00000026358 0.004499865  -14.572461 -5.655431
ENSMUSG00000084782 ENSMUSG00000084782 0.001170357  -14.272409 -5.655431
ENSMUSG00000025328 ENSMUSG00000025328 0.001503213  -11.262228 -2.932932
ENSMUSG00000031434 ENSMUSG00000031434 0.023565761  -10.148138 -2.041985
ENSMUSG00000090700 ENSMUSG00000090700 0.001991720   -9.957915 -2.034084
                    std.logFC cellType.target std.logFC.rank     std.logFC.anno
ENSMUSG00000044322 0.13224331          random              1  std logFC = 0.132
ENSMUSG00000026358 0.12166083          random              2  std logFC = 0.122
ENSMUSG00000084782 0.12019051          random              3   std logFC = 0.12
ENSMUSG00000025328 0.10439706          random              4  std logFC = 0.104
ENSMUSG00000031434 0.09796936          random              5  std logFC = 0.098
ENSMUSG00000090700 0.09683355          random              6  std logFC = 0.097
[1] 353
Running 1vALL Testing for up-regulated genes
2024-09-08 01:55:25.12988 - Find markers for: other
2024-09-08 01:55:34.233101 - Find markers for: random
2024-09-08 01:55:42.863866 - Building Table
** Done! **

                                 gene        logFC log.p.value   log.FDR
ENSMUSG00000042909 ENSMUSG00000042909 0.0014002687   -14.30793 -4.592336
ENSMUSG00000004654 ENSMUSG00000004654 0.0007275463   -12.42727 -3.573429
ENSMUSG00000095276 ENSMUSG00000095276 0.0015088058   -12.19041 -3.573429
ENSMUSG00000050217 ENSMUSG00000050217 0.0017049770   -11.21889 -2.983661
ENSMUSG00000102697 ENSMUSG00000102697 0.0084743419   -11.08981 -2.983661
ENSMUSG00000038973 ENSMUSG00000038973 0.0024649638   -10.45636 -2.532529
                   std.logFC cellType.target std.logFC.rank     std.logFC.anno
ENSMUSG00000042909 0.1206880          random              1  std logFC = 0.121
ENSMUSG00000004654 0.1110517          random              2  std logFC = 0.111
ENSMUSG00000095276 0.1097831          random              3   std logFC = 0.11
ENSMUSG00000050217 0.1044329          random              4  std logFC = 0.104
ENSMUSG00000102697 0.1037032          random              5  std logFC = 0.104
ENSMUSG00000038973 0.1000525          random              6    std logFC = 0.1
[1] 354
Running 1vALL Testing for up-regulated genes
2024-09-08 01:55:43.056881 - Find markers for: other
2024-09-08 01:55:52.296085 - Find markers for: random
2024-09-08 01:56:01.699257 - Building Table
** Done! **

                                 gene        logFC log.p.value   log.FDR
ENSMUSG00000041578 ENSMUSG00000041578 0.0019643454   -11.86902 -2.376279
ENSMUSG00000032948 ENSMUSG00000032948 0.0008487696   -11.39872 -2.376279
ENSMUSG00000031131 ENSMUSG00000031131 0.0020250826   -10.32421 -2.178853
ENSMUSG00000028836 ENSMUSG00000028836 0.0034029093   -10.20978 -2.178853
ENSMUSG00000022554 ENSMUSG00000022554 0.0108567513   -10.15915 -2.178853
ENSMUSG00000044938 ENSMUSG00000044938 0.0048520789   -10.10268 -2.178853
                    std.logFC cellType.target std.logFC.rank     std.logFC.anno
ENSMUSG00000041578 0.10776234          random              1  std logFC = 0.108
ENSMUSG00000032948 0.10517094          random              2  std logFC = 0.105
ENSMUSG00000031131 0.09902052          random              3  std logFC = 0.099
ENSMUSG00000028836 0.09834508          random              4  std logFC = 0.098
ENSMUSG00000022554 0.09804490          random              5  std logFC = 0.098
ENSMUSG00000044938 0.09770918          random              6  std logFC = 0.098
[1] 355
Running 1vALL Testing for up-regulated genes
2024-09-08 01:56:01.918346 - Find markers for: other
2024-09-08 01:56:10.371893 - Find markers for: random
2024-09-08 01:56:18.836126 - Building Table
** Done! **

                                 gene       logFC log.p.value   log.FDR
ENSMUSG00000001053 ENSMUSG00000001053 0.011480969  -13.208404 -3.492814
ENSMUSG00000073001 ENSMUSG00000073001 0.002329494  -10.950030 -2.180875
ENSMUSG00000009214 ENSMUSG00000009214 0.002334036  -10.797853 -2.180875
ENSMUSG00000039179 ENSMUSG00000039179 0.013181234  -10.133132 -1.803836
ENSMUSG00000032363 ENSMUSG00000032363 0.005385508   -9.465675 -1.744939
ENSMUSG00000044456 ENSMUSG00000044456 0.017835178   -9.145754 -1.744939
                    std.logFC cellType.target std.logFC.rank     std.logFC.anno
ENSMUSG00000001053 0.11495990          random              1  std logFC = 0.115
ENSMUSG00000073001 0.10274277          random              2  std logFC = 0.103
ENSMUSG00000009214 0.10187173          random              3  std logFC = 0.102
ENSMUSG00000039179 0.09798525          random              4  std logFC = 0.098
ENSMUSG00000032363 0.09393808          random              5  std logFC = 0.094
ENSMUSG00000044456 0.09194198          random              6  std logFC = 0.092
[1] 356
Running 1vALL Testing for up-regulated genes
2024-09-08 01:56:19.04215 - Find markers for: other
2024-09-08 01:56:27.654753 - Find markers for: random
2024-09-08 01:56:37.269843 - Building Table
** Done! **

                                 gene        logFC log.p.value   log.FDR
ENSMUSG00000026691 ENSMUSG00000026691 0.0016032416  -17.004929 -7.289339
ENSMUSG00000061311 ENSMUSG00000061311 0.0009343929  -13.551300 -4.528857
ENSMUSG00000030617 ENSMUSG00000030617 0.0047645064  -10.940034 -2.323056
ENSMUSG00000003458 ENSMUSG00000003458 0.0359792035   -9.946499 -1.820761
ENSMUSG00000030532 ENSMUSG00000030532 0.0192813025   -9.904883 -1.820761
ENSMUSG00000033453 ENSMUSG00000033453 0.0097688752   -9.716978 -1.820761
                    std.logFC cellType.target std.logFC.rank     std.logFC.anno
ENSMUSG00000026691 0.13280947          random              1  std logFC = 0.133
ENSMUSG00000061311 0.11640166          random              2  std logFC = 0.116
ENSMUSG00000030617 0.10241276          random              3  std logFC = 0.102
ENSMUSG00000003458 0.09661132          random              4  std logFC = 0.097
ENSMUSG00000030532 0.09636147          random              5  std logFC = 0.096
ENSMUSG00000033453 0.09522605          random              6  std logFC = 0.095
[1] 357
Running 1vALL Testing for up-regulated genes
2024-09-08 01:56:37.485189 - Find markers for: other
2024-09-08 01:56:45.895144 - Find markers for: random
2024-09-08 01:56:54.531285 - Building Table
** Done! **

                                 gene        logFC log.p.value   log.FDR
ENSMUSG00000056370 ENSMUSG00000056370 0.0055914682   -18.35001 -8.634417
ENSMUSG00000084782 ENSMUSG00000084782 0.0011675240   -14.20066 -5.178219
ENSMUSG00000050304 ENSMUSG00000050304 0.0030187342   -11.90827 -3.660741
ENSMUSG00000101031 ENSMUSG00000101031 0.0008937895   -11.87435 -3.660741
ENSMUSG00000029286 ENSMUSG00000029286 0.0017936092   -11.72615 -3.660741
ENSMUSG00000021789 ENSMUSG00000021789 0.0006239584   -11.58457 -3.660741
                   std.logFC cellType.target std.logFC.rank     std.logFC.anno
ENSMUSG00000056370 0.1390010          random              1  std logFC = 0.139
ENSMUSG00000084782 0.1198992          random              2   std logFC = 0.12
ENSMUSG00000050304 0.1080214          random              3  std logFC = 0.108
ENSMUSG00000101031 0.1078366          random              4  std logFC = 0.108
ENSMUSG00000029286 0.1070261          random              5  std logFC = 0.107
ENSMUSG00000021789 0.1062465          random              6  std logFC = 0.106
[1] 358
Running 1vALL Testing for up-regulated genes
2024-09-08 01:56:54.732155 - Find markers for: other
2024-09-08 01:57:03.216279 - Find markers for: random
2024-09-08 01:57:12.08851 - Building Table
** Done! **

                                 gene        logFC log.p.value   log.FDR
ENSMUSG00000026009 ENSMUSG00000026009 0.0032771529   -14.71070 -4.995108
ENSMUSG00000027718 ENSMUSG00000027718 0.0007111207   -13.89351 -4.871069
ENSMUSG00000022113 ENSMUSG00000022113 0.0007933118   -12.42650 -3.809518
ENSMUSG00000025193 ENSMUSG00000025193 0.0226069434   -11.58887 -3.259574
ENSMUSG00000070495 ENSMUSG00000070495 0.0040199197   -11.21633 -3.110174
ENSMUSG00000001506 ENSMUSG00000001506 0.0122094166   -10.69034 -3.057871
                   std.logFC cellType.target std.logFC.rank     std.logFC.anno
ENSMUSG00000026009 0.1223902          random              1  std logFC = 0.122
ENSMUSG00000027718 0.1183653          random              2  std logFC = 0.118
ENSMUSG00000022113 0.1108029          random              3  std logFC = 0.111
ENSMUSG00000025193 0.1062646          random              4  std logFC = 0.106
ENSMUSG00000070495 0.1041883          random              5  std logFC = 0.104
ENSMUSG00000001506 0.1011913          random              6  std logFC = 0.101
[1] 359
Running 1vALL Testing for up-regulated genes
2024-09-08 01:57:12.309576 - Find markers for: other
2024-09-08 01:57:21.191193 - Find markers for: random
2024-09-08 01:57:30.167002 - Building Table
** Done! **

                                 gene       logFC log.p.value   log.FDR
ENSMUSG00000021298 ENSMUSG00000021298 0.005397715  -14.994959 -5.279369
ENSMUSG00000108827 ENSMUSG00000108827 0.001137281  -10.947960 -1.925517
ENSMUSG00000052316 ENSMUSG00000052316 0.002077335   -9.991504 -1.580210
ENSMUSG00000035041 ENSMUSG00000035041 0.005021060   -9.721768 -1.580210
ENSMUSG00000000889 ENSMUSG00000000889 0.001274805   -9.243372 -1.580210
ENSMUSG00000031959 ENSMUSG00000031959 0.035535349   -8.965502 -1.580210
                    std.logFC cellType.target std.logFC.rank     std.logFC.anno
ENSMUSG00000021298 0.12379478          random              1  std logFC = 0.124
ENSMUSG00000108827 0.10269642          random              2  std logFC = 0.103
ENSMUSG00000052316 0.09710646          random              3  std logFC = 0.097
ENSMUSG00000035041 0.09547695          random              4  std logFC = 0.095
ENSMUSG00000000889 0.09252399          random              5  std logFC = 0.093
ENSMUSG00000031959 0.09076965          random              6  std logFC = 0.091
[1] 360
Running 1vALL Testing for up-regulated genes
2024-09-08 01:57:30.360016 - Find markers for: random
2024-09-08 01:57:38.850576 - Find markers for: other
2024-09-08 01:57:47.439971 - Building Table
** Done! **

                                 gene        logFC log.p.value   log.FDR
ENSMUSG00000027528 ENSMUSG00000027528 0.0007625637   -13.65927 -3.943676
ENSMUSG00000054005 ENSMUSG00000054005 0.0012121984   -12.60955 -3.634573
ENSMUSG00000072707 ENSMUSG00000072707 0.0015558583   -12.25155 -3.634573
ENSMUSG00000090121 ENSMUSG00000090121 0.0120270523   -11.83994 -3.510647
ENSMUSG00000035964 ENSMUSG00000035964 0.0386517125   -10.55643 -2.529547
ENSMUSG00000024225 ENSMUSG00000024225 0.0015506700   -10.41800 -2.529547
                    std.logFC cellType.target std.logFC.rank     std.logFC.anno
ENSMUSG00000027528 0.11737975          random              1  std logFC = 0.117
ENSMUSG00000054005 0.11195506          random              2  std logFC = 0.112
ENSMUSG00000072707 0.11004895          random              3   std logFC = 0.11
ENSMUSG00000090121 0.10781936          random              4  std logFC = 0.108
ENSMUSG00000035964 0.10057967          random              5  std logFC = 0.101
ENSMUSG00000024225 0.09977048          random              6    std logFC = 0.1
[1] 361
Running 1vALL Testing for up-regulated genes
2024-09-08 01:57:47.657761 - Find markers for: other
2024-09-08 01:57:56.290354 - Find markers for: random
2024-09-08 01:58:04.959872 - Building Table
** Done! **

                                 gene        logFC log.p.value   log.FDR
ENSMUSG00000018800 ENSMUSG00000018800 0.0614306275   -14.76723 -5.051640
ENSMUSG00000031965 ENSMUSG00000031965 0.0008045588   -13.95559 -4.933143
ENSMUSG00000025888 ENSMUSG00000025888 0.0079233996   -12.90406 -4.736593
ENSMUSG00000028533 ENSMUSG00000028533 0.0021994614   -12.86231 -4.736593
ENSMUSG00000031430 ENSMUSG00000031430 0.0016102248   -12.72709 -4.736593
ENSMUSG00000025519 ENSMUSG00000025519 0.0010808869   -12.66042 -4.736593
                   std.logFC cellType.target std.logFC.rank     std.logFC.anno
ENSMUSG00000018800 0.1229590          random              1  std logFC = 0.123
ENSMUSG00000031965 0.1189607          random              2  std logFC = 0.119
ENSMUSG00000025888 0.1135881          random              3  std logFC = 0.114
ENSMUSG00000028533 0.1133699          random              4  std logFC = 0.113
ENSMUSG00000031430 0.1126607          random              5  std logFC = 0.113
ENSMUSG00000025519 0.1123095          random              6  std logFC = 0.112
[1] 362
Running 1vALL Testing for up-regulated genes
2024-09-08 01:58:05.155727 - Find markers for: other
2024-09-08 01:58:13.787279 - Find markers for: random
2024-09-08 01:58:22.418638 - Building Table
** Done! **

                                 gene       logFC log.p.value    log.FDR
ENSMUSG00000114073 ENSMUSG00000114073 0.001889539   -21.06994 -11.354345
ENSMUSG00000020159 ENSMUSG00000020159 0.001534885   -13.61069  -5.190549
ENSMUSG00000024312 ENSMUSG00000024312 0.021821328   -13.48194  -5.190549
ENSMUSG00000024619 ENSMUSG00000024619 0.001801169   -13.46050  -5.190549
ENSMUSG00000035781 ENSMUSG00000035781 0.048230581   -13.29670  -5.190549
ENSMUSG00000060878 ENSMUSG00000060878 0.006297105   -12.96001  -5.036176
                   std.logFC cellType.target std.logFC.rank     std.logFC.anno
ENSMUSG00000114073 0.1499692          random              1   std logFC = 0.15
ENSMUSG00000020159 0.1167052          random              2  std logFC = 0.117
ENSMUSG00000024312 0.1160535          random              3  std logFC = 0.116
ENSMUSG00000024619 0.1159446          random              4  std logFC = 0.116
ENSMUSG00000035781 0.1151099          random              5  std logFC = 0.115
ENSMUSG00000060878 0.1133762          random              6  std logFC = 0.113
[1] 363
Running 1vALL Testing for up-regulated genes
2024-09-08 01:58:22.626828 - Find markers for: other
2024-09-08 01:58:30.97761 - Find markers for: random
2024-09-08 01:58:39.273909 - Building Table
** Done! **

                                 gene        logFC log.p.value   log.FDR
ENSMUSG00000025330 ENSMUSG00000025330 0.0016686693  -15.681701 -5.966110
ENSMUSG00000055827 ENSMUSG00000055827 0.0005516046  -13.722858 -4.700415
ENSMUSG00000042262 ENSMUSG00000042262 0.0003510050  -13.293164 -4.676186
ENSMUSG00000051599 ENSMUSG00000051599 0.0067556621  -10.178973 -1.849677
ENSMUSG00000026931 ENSMUSG00000026931 0.0021018112   -9.574446 -1.637573
ENSMUSG00000024029 ENSMUSG00000024029 0.0013793344   -9.561404 -1.637573
                    std.logFC cellType.target std.logFC.rank     std.logFC.anno
ENSMUSG00000025330 0.12679712          random              1  std logFC = 0.127
ENSMUSG00000055827 0.11730389          random              2  std logFC = 0.117
ENSMUSG00000042262 0.11512479          random              3  std logFC = 0.115
ENSMUSG00000051599 0.09802740          random              4  std logFC = 0.098
ENSMUSG00000026931 0.09438641          random              5  std logFC = 0.094
ENSMUSG00000024029 0.09430648          random              6  std logFC = 0.094
[1] 364
Running 1vALL Testing for up-regulated genes
2024-09-08 01:58:39.483053 - Find markers for: other
2024-09-08 01:58:47.965194 - Find markers for: random
2024-09-08 01:58:56.729168 - Building Table
** Done! **

                                 gene        logFC log.p.value   log.FDR
ENSMUSG00000042985 ENSMUSG00000042985 0.0007270913   -17.12734 -7.411750
ENSMUSG00000041498 ENSMUSG00000041498 0.0125511388   -15.23886 -6.216420
ENSMUSG00000026751 ENSMUSG00000026751 0.0014370401   -13.32190 -4.704921
ENSMUSG00000015665 ENSMUSG00000015665 0.0007337325   -12.90148 -4.572186
ENSMUSG00000020321 ENSMUSG00000020321 0.0800586267   -11.13987 -3.207633
ENSMUSG00000091043 ENSMUSG00000091043 0.0009215542   -11.13146 -3.207633
                   std.logFC cellType.target std.logFC.rank     std.logFC.anno
ENSMUSG00000042985 0.1343725          random              1  std logFC = 0.134
ENSMUSG00000041498 0.1256204          random              2  std logFC = 0.126
ENSMUSG00000026751 0.1161134          random              3  std logFC = 0.116
ENSMUSG00000015665 0.1139306          random              4  std logFC = 0.114
ENSMUSG00000020321 0.1043330          random              5  std logFC = 0.104
ENSMUSG00000091043 0.1042853          random              6  std logFC = 0.104
[1] 365
Running 1vALL Testing for up-regulated genes
2024-09-08 01:58:56.949487 - Find markers for: other
2024-09-08 01:59:05.742005 - Find markers for: random
2024-09-08 01:59:14.273903 - Building Table
** Done! **

                                 gene        logFC log.p.value   log.FDR
ENSMUSG00000048764 ENSMUSG00000048764 0.0026561234   -17.30651 -7.590924
ENSMUSG00000118505 ENSMUSG00000118505 0.0007720758   -13.95344 -5.016941
ENSMUSG00000062524 ENSMUSG00000062524 0.0007889280   -13.63392 -5.016941
ENSMUSG00000052316 ENSMUSG00000052316 0.0024287486   -12.89139 -4.579152
ENSMUSG00000025129 ENSMUSG00000025129 0.0011265074   -12.68530 -4.579152
ENSMUSG00000002240 ENSMUSG00000002240 0.0023147794   -12.43611 -4.512281
                   std.logFC cellType.target std.logFC.rank     std.logFC.anno
ENSMUSG00000048764 0.1347836          random              1  std logFC = 0.135
ENSMUSG00000118505 0.1189772          random              2  std logFC = 0.119
ENSMUSG00000062524 0.1173682          random              3  std logFC = 0.117
ENSMUSG00000052316 0.1135479          random              4  std logFC = 0.114
ENSMUSG00000025129 0.1124664          random              5  std logFC = 0.112
ENSMUSG00000002240 0.1111459          random              6  std logFC = 0.111
[1] 366
Running 1vALL Testing for up-regulated genes
2024-09-08 01:59:14.486135 - Find markers for: other
2024-09-08 01:59:23.43045 - Find markers for: random
2024-09-08 01:59:32.131183 - Building Table
** Done! **

                                 gene       logFC log.p.value   log.FDR
ENSMUSG00000041578 ENSMUSG00000041578 0.002319075   -15.73590 -6.020314
ENSMUSG00000040046 ENSMUSG00000040046 0.002262501   -14.04506 -5.022621
ENSMUSG00000025737 ENSMUSG00000025737 0.013833915   -12.99328 -4.604072
ENSMUSG00000035785 ENSMUSG00000035785 0.002359155   -12.93337 -4.604072
ENSMUSG00000000359 ENSMUSG00000000359 0.008197492   -10.56565 -2.459495
ENSMUSG00000062329 ENSMUSG00000062329 0.002420783   -10.33066 -2.406828
                    std.logFC cellType.target std.logFC.rank     std.logFC.anno
ENSMUSG00000041578 0.12724410          random              1  std logFC = 0.127
ENSMUSG00000040046 0.11909495          random              2  std logFC = 0.119
ENSMUSG00000025737 0.11375432          random              3  std logFC = 0.114
ENSMUSG00000035785 0.11344315          random              4  std logFC = 0.113
ENSMUSG00000000359 0.10044675          random              5    std logFC = 0.1
ENSMUSG00000062329 0.09907287          random              6  std logFC = 0.099
[1] 367
Running 1vALL Testing for up-regulated genes
2024-09-08 01:59:32.349636 - Find markers for: other
2024-09-08 01:59:41.016797 - Find markers for: random
2024-09-08 01:59:49.459436 - Building Table
** Done! **

                                 gene        logFC log.p.value    log.FDR
ENSMUSG00000045052 ENSMUSG00000045052 0.0032771668   -22.81058 -13.094991
ENSMUSG00000053367 ENSMUSG00000053367 0.0053349466   -13.94459  -5.514653
ENSMUSG00000047286 ENSMUSG00000047286 0.0004434599   -13.89407  -5.514653
ENSMUSG00000022579 ENSMUSG00000022579 0.0011632982   -13.84395  -5.514653
ENSMUSG00000047867 ENSMUSG00000047867 0.0091695619   -11.71883  -3.612673
ENSMUSG00000022878 ENSMUSG00000022878 0.0011057481   -11.01946  -3.095631
                   std.logFC cellType.target std.logFC.rank     std.logFC.anno
ENSMUSG00000045052 0.1570266          random              1  std logFC = 0.157
ENSMUSG00000053367 0.1185728          random              2  std logFC = 0.119
ENSMUSG00000047286 0.1183204          random              3  std logFC = 0.118
ENSMUSG00000022579 0.1180695          random              4  std logFC = 0.118
ENSMUSG00000047867 0.1069371          random              5  std logFC = 0.107
ENSMUSG00000022878 0.1030343          random              6  std logFC = 0.103
[1] 368
Running 1vALL Testing for up-regulated genes
2024-09-08 01:59:49.654688 - Find markers for: other
2024-09-08 01:59:58.100973 - Find markers for: random
2024-09-08 02:00:06.558066 - Building Table
** Done! **

                                 gene       logFC log.p.value   log.FDR
ENSMUSG00000017204 ENSMUSG00000017204 0.002620474  -16.667584 -6.951994
ENSMUSG00000039209 ENSMUSG00000039209 0.001194443  -14.951404 -5.928960
ENSMUSG00000020534 ENSMUSG00000020534 0.015796399  -12.876344 -4.259366
ENSMUSG00000047193 ENSMUSG00000047193 0.075757224  -10.086346 -1.971495
ENSMUSG00000039497 ENSMUSG00000039497 0.025746673  -10.010018 -1.971495
ENSMUSG00000070331 ENSMUSG00000070331 0.003386148   -9.886849 -1.971495
                    std.logFC cellType.target std.logFC.rank     std.logFC.anno
ENSMUSG00000017204 0.13190657          random              1  std logFC = 0.132
ENSMUSG00000039209 0.12387620          random              2  std logFC = 0.124
ENSMUSG00000020534 0.11346766          random              3  std logFC = 0.113
ENSMUSG00000047193 0.09790337          random              4  std logFC = 0.098
ENSMUSG00000039497 0.09744610          random              5  std logFC = 0.097
ENSMUSG00000070331 0.09670411          random              6  std logFC = 0.097
[1] 369
Running 1vALL Testing for up-regulated genes
2024-09-08 02:00:06.748686 - Find markers for: other
2024-09-08 02:00:15.03525 - Find markers for: random
2024-09-08 02:00:23.671566 - Building Table
** Done! **

                                 gene        logFC log.p.value   log.FDR
ENSMUSG00000000673 ENSMUSG00000000673 0.0062325262   -15.70381 -5.988215
ENSMUSG00000069441 ENSMUSG00000069441 0.0013098980   -11.35624 -2.569715
ENSMUSG00000030147 ENSMUSG00000030147 0.0028483673   -11.13668 -2.569715
ENSMUSG00000056078 ENSMUSG00000056078 0.0011310771   -10.89901 -2.569715
ENSMUSG00000073967 ENSMUSG00000073967 0.0009410435   -10.52494 -2.453133
ENSMUSG00000037346 ENSMUSG00000037346 0.0017803630   -10.37696 -2.453133
                    std.logFC cellType.target std.logFC.rank     std.logFC.anno
ENSMUSG00000000673 0.12714924          random              1  std logFC = 0.127
ENSMUSG00000069441 0.10499496          random              2  std logFC = 0.105
ENSMUSG00000030147 0.10376175          random              3  std logFC = 0.104
ENSMUSG00000056078 0.10241172          random              4  std logFC = 0.102
ENSMUSG00000073967 0.10025358          random              5    std logFC = 0.1
ENSMUSG00000037346 0.09938819          random              6  std logFC = 0.099
[1] 370
Running 1vALL Testing for up-regulated genes
2024-09-08 02:00:23.891822 - Find markers for: other
2024-09-08 02:00:32.872458 - Find markers for: random
2024-09-08 02:00:42.002525 - Building Table
** Done! **

                                 gene        logFC log.p.value   log.FDR
ENSMUSG00000062518 ENSMUSG00000062518 0.0006817165   -12.26204 -3.018592
ENSMUSG00000041681 ENSMUSG00000041681 0.0010354701   -12.04104 -3.018592
ENSMUSG00000040554 ENSMUSG00000040554 0.0012501963   -11.41091 -2.982801
ENSMUSG00000023903 ENSMUSG00000023903 0.0015395488   -10.90401 -2.982801
ENSMUSG00000056078 ENSMUSG00000056078 0.0011281082   -10.87074 -2.982801
ENSMUSG00000029290 ENSMUSG00000029290 0.0568170778   -10.65567 -2.982801
                   std.logFC cellType.target std.logFC.rank     std.logFC.anno
ENSMUSG00000062518 0.1098336          random              1   std logFC = 0.11
ENSMUSG00000041681 0.1086451          random              2  std logFC = 0.109
ENSMUSG00000040554 0.1051895          random              3  std logFC = 0.105
ENSMUSG00000023903 0.1023328          random              4  std logFC = 0.102
ENSMUSG00000056078 0.1021428          random              5  std logFC = 0.102
ENSMUSG00000029290 0.1009065          random              6  std logFC = 0.101
[1] 371
Running 1vALL Testing for up-regulated genes
2024-09-08 02:00:42.235852 - Find markers for: other
2024-09-08 02:00:51.101469 - Find markers for: random
2024-09-08 02:00:59.717277 - Building Table
** Done! **

                                 gene        logFC log.p.value   log.FDR
ENSMUSG00000093938 ENSMUSG00000093938 0.0007319490   -13.85994 -4.856880
ENSMUSG00000094445 ENSMUSG00000094445 0.0005486627   -13.57029 -4.856880
ENSMUSG00000025075 ENSMUSG00000025075 0.0005408297   -13.39056 -4.856880
ENSMUSG00000030981 ENSMUSG00000030981 0.0046918938   -13.18618 -4.856880
ENSMUSG00000078127 ENSMUSG00000078127 0.0002908375   -12.74397 -4.637819
ENSMUSG00000047977 ENSMUSG00000047977 0.0015628313   -12.53050 -4.606668
                   std.logFC cellType.target std.logFC.rank     std.logFC.anno
ENSMUSG00000093938 0.1181728          random              1  std logFC = 0.118
ENSMUSG00000094445 0.1167138          random              2  std logFC = 0.117
ENSMUSG00000025075 0.1157999          random              3  std logFC = 0.116
ENSMUSG00000030981 0.1147526          random              4  std logFC = 0.115
ENSMUSG00000078127 0.1124558          random              5  std logFC = 0.112
ENSMUSG00000047977 0.1113315          random              6  std logFC = 0.111
[1] 372
Running 1vALL Testing for up-regulated genes
2024-09-08 02:00:59.909123 - Find markers for: other
2024-09-08 02:01:08.536122 - Find markers for: random
2024-09-08 02:01:16.929114 - Building Table
** Done! **

                                 gene       logFC log.p.value   log.FDR
ENSMUSG00000090700 ENSMUSG00000090700 0.002603075   -15.59635 -6.280124
ENSMUSG00000074647 ENSMUSG00000074647 0.001428617   -15.30257 -6.280124
ENSMUSG00000080115 ENSMUSG00000080115 0.007384869   -11.01096 -2.624681
ENSMUSG00000024519 ENSMUSG00000024519 0.004320801   -10.95398 -2.624681
ENSMUSG00000030976 ENSMUSG00000030976 0.001144048   -10.47603 -2.534688
ENSMUSG00000050860 ENSMUSG00000050860 0.001311882   -10.44518 -2.534688
                    std.logFC cellType.target std.logFC.rank     std.logFC.anno
ENSMUSG00000090700 0.12658762          random              1  std logFC = 0.127
ENSMUSG00000074647 0.12520029          random              2  std logFC = 0.125
ENSMUSG00000080115 0.10300288          random              3  std logFC = 0.103
ENSMUSG00000024519 0.10267875          random              4  std logFC = 0.103
ENSMUSG00000030976 0.09992290          random              5    std logFC = 0.1
ENSMUSG00000050860 0.09974267          random              6    std logFC = 0.1
[1] 373
Running 1vALL Testing for up-regulated genes
2024-09-08 02:01:17.138891 - Find markers for: random
2024-09-08 02:01:25.82834 - Find markers for: other
2024-09-08 02:01:34.450738 - Building Table
** Done! **

                                 gene        logFC log.p.value   log.FDR
ENSMUSG00000040978 ENSMUSG00000040978 0.0128401233   -16.05051 -6.334922
ENSMUSG00000041372 ENSMUSG00000041372 0.0072790325   -15.10196 -6.079516
ENSMUSG00000022659 ENSMUSG00000022659 0.0008438165   -12.41337 -3.796389
ENSMUSG00000049641 ENSMUSG00000049641 0.0019998219   -11.31703 -2.987729
ENSMUSG00000028264 ENSMUSG00000028264 0.0025655007   -10.56591 -2.552293
ENSMUSG00000023078 ENSMUSG00000023078 0.0028805554   -10.47612 -2.552293
                   std.logFC cellType.target std.logFC.rank     std.logFC.anno
ENSMUSG00000040978 0.1291749          random              1  std logFC = 0.129
ENSMUSG00000041372 0.1246984          random              2  std logFC = 0.125
ENSMUSG00000022659 0.1111108          random              3  std logFC = 0.111
ENSMUSG00000049641 0.1051106          random              4  std logFC = 0.105
ENSMUSG00000028264 0.1008133          random              5  std logFC = 0.101
ENSMUSG00000023078 0.1002884          random              6    std logFC = 0.1
[1] 374
Running 1vALL Testing for up-regulated genes
2024-09-08 02:01:34.687686 - Find markers for: other
2024-09-08 02:01:42.991111 - Find markers for: random
2024-09-08 02:01:51.50843 - Building Table
** Done! **

                                 gene       logFC log.p.value   log.FDR
ENSMUSG00000048626 ENSMUSG00000048626 0.001786087  -15.335853 -5.620263
ENSMUSG00000011034 ENSMUSG00000011034 0.005640837  -11.886128 -3.009034
ENSMUSG00000070645 ENSMUSG00000070645 0.001077417  -11.626012 -3.009034
ENSMUSG00000024155 ENSMUSG00000024155 0.002762540  -10.974523 -2.645227
ENSMUSG00000040714 ENSMUSG00000040714 0.007537682  -10.241608 -2.135455
ENSMUSG00000037214 ENSMUSG00000037214 0.021777526   -9.344147 -1.513475
                    std.logFC cellType.target std.logFC.rank     std.logFC.anno
ENSMUSG00000048626 0.12542400          random              1  std logFC = 0.125
ENSMUSG00000011034 0.10792583          random              2  std logFC = 0.108
ENSMUSG00000070645 0.10649988          random              3  std logFC = 0.106
ENSMUSG00000024155 0.10284968          random              4  std logFC = 0.103
ENSMUSG00000040714 0.09859760          random              5  std logFC = 0.099
ENSMUSG00000037214 0.09315473          random              6  std logFC = 0.093
[1] 375
Running 1vALL Testing for up-regulated genes
2024-09-08 02:01:51.707014 - Find markers for: other
2024-09-08 02:02:00.031934 - Find markers for: random
2024-09-08 02:02:08.683192 - Building Table
** Done! **

                                 gene        logFC log.p.value   log.FDR
ENSMUSG00000038192 ENSMUSG00000038192 0.0005716920   -12.86615 -3.150562
ENSMUSG00000043664 ENSMUSG00000043664 0.0003562977   -12.10221 -3.079762
ENSMUSG00000042448 ENSMUSG00000042448 0.0010061782   -11.46971 -2.989764
ENSMUSG00000038201 ENSMUSG00000038201 0.0011308922   -11.31906 -2.989764
ENSMUSG00000031101 ENSMUSG00000031101 0.0057639666   -11.03722 -2.931069
ENSMUSG00000098509 ENSMUSG00000098509 0.0024552731   -10.02252 -2.098689
                    std.logFC cellType.target std.logFC.rank     std.logFC.anno
ENSMUSG00000038192 0.11339655          random              1  std logFC = 0.113
ENSMUSG00000043664 0.10933481          random              2  std logFC = 0.109
ENSMUSG00000042448 0.10586446          random              3  std logFC = 0.106
ENSMUSG00000038201 0.10502250          random              4  std logFC = 0.105
ENSMUSG00000031101 0.10343064          random              5  std logFC = 0.103
ENSMUSG00000098509 0.09750581          random              6  std logFC = 0.098
[1] 376
Running 1vALL Testing for up-regulated genes
2024-09-08 02:02:08.873127 - Find markers for: other
2024-09-08 02:02:17.372871 - Find markers for: random
2024-09-08 02:02:26.515692 - Building Table
** Done! **

                                 gene       logFC log.p.value   log.FDR
ENSMUSG00000053747 ENSMUSG00000053747 0.001819538  -14.866746 -5.151156
ENSMUSG00000052417 ENSMUSG00000052417 0.001132121  -12.876838 -3.854395
ENSMUSG00000025991 ENSMUSG00000025991 0.001387060  -11.984463 -3.545481
ENSMUSG00000059474 ENSMUSG00000059474 0.080313241  -11.743168 -3.545481
ENSMUSG00000013584 ENSMUSG00000013584 0.012692555  -11.651633 -3.545481
ENSMUSG00000090509 ENSMUSG00000090509 0.011267952   -9.700232 -1.776401
                    std.logFC cellType.target std.logFC.rank     std.logFC.anno
ENSMUSG00000053747 0.12262386          random              1  std logFC = 0.123
ENSMUSG00000052417 0.11269492          random              2  std logFC = 0.113
ENSMUSG00000025991 0.10797071          random              3  std logFC = 0.108
ENSMUSG00000059474 0.10666048          random              4  std logFC = 0.107
ENSMUSG00000013584 0.10615959          random              5  std logFC = 0.106
ENSMUSG00000090509 0.09491705          random              6  std logFC = 0.095
[1] 377
Running 1vALL Testing for up-regulated genes
2024-09-08 02:02:26.732467 - Find markers for: other
2024-09-08 02:02:35.162245 - Find markers for: random
2024-09-08 02:02:44.05069 - Building Table
** Done! **

                                 gene       logFC log.p.value   log.FDR
ENSMUSG00000091680 ENSMUSG00000091680 0.001342297   -12.89321 -3.539932
ENSMUSG00000025260 ENSMUSG00000025260 0.032288793   -12.35461 -3.539932
ENSMUSG00000035923 ENSMUSG00000035923 0.000714014   -12.15691 -3.539932
ENSMUSG00000043251 ENSMUSG00000043251 0.003970648   -11.79963 -3.470338
ENSMUSG00000041566 ENSMUSG00000041566 0.001853604   -10.30998 -2.223240
ENSMUSG00000049291 ENSMUSG00000049291 0.001560698   -10.14707 -2.223240
                    std.logFC cellType.target std.logFC.rank     std.logFC.anno
ENSMUSG00000091680 0.11388488          random              1  std logFC = 0.114
ENSMUSG00000025260 0.11103016          random              2  std logFC = 0.111
ENSMUSG00000035923 0.10996524          random              3   std logFC = 0.11
ENSMUSG00000043251 0.10801647          random              4  std logFC = 0.108
ENSMUSG00000041566 0.09951985          random              5    std logFC = 0.1
ENSMUSG00000049291 0.09855060          random              6  std logFC = 0.099
[1] 378
Running 1vALL Testing for up-regulated genes
2024-09-08 02:02:44.245017 - Find markers for: other
2024-09-08 02:02:52.976794 - Find markers for: random
2024-09-08 02:03:01.983056 - Building Table
** Done! **

                                 gene        logFC log.p.value    log.FDR
ENSMUSG00000027481 ENSMUSG00000027481 0.0019456219   -21.81967 -12.104082
ENSMUSG00000043953 ENSMUSG00000043953 0.0049935613   -12.06207  -3.039629
ENSMUSG00000090035 ENSMUSG00000090035 0.0086830170   -10.98513  -2.496122
ENSMUSG00000031757 ENSMUSG00000031757 0.0008312885   -10.73644  -2.496122
ENSMUSG00000050645 ENSMUSG00000050645 0.0024259845   -10.40691  -2.496122
ENSMUSG00000030976 ENSMUSG00000030976 0.0011373843   -10.38851  -2.496122
                    std.logFC cellType.target std.logFC.rank     std.logFC.anno
ENSMUSG00000027481 0.15310007          random              1  std logFC = 0.153
ENSMUSG00000043953 0.10874660          random              2  std logFC = 0.109
ENSMUSG00000090035 0.10278333          random              3  std logFC = 0.103
ENSMUSG00000031757 0.10136113          random              4  std logFC = 0.101
ENSMUSG00000050645 0.09944829          random              5  std logFC = 0.099
ENSMUSG00000030976 0.09934054          random              6  std logFC = 0.099
[1] 379
Running 1vALL Testing for up-regulated genes
2024-09-08 02:03:02.209049 - Find markers for: other
2024-09-08 02:03:11.318862 - Find markers for: random
2024-09-08 02:03:19.991311 - Building Table
** Done! **

                                 gene        logFC log.p.value   log.FDR
ENSMUSG00000024233 ENSMUSG00000024233 0.0008201414  -15.260479 -5.544889
ENSMUSG00000108827 ENSMUSG00000108827 0.0010698372   -9.917656 -1.557624
ENSMUSG00000075543 ENSMUSG00000075543 0.0014268440   -9.792317 -1.557624
ENSMUSG00000024225 ENSMUSG00000024225 0.0014841643   -9.733577 -1.557624
ENSMUSG00000031601 ENSMUSG00000031601 0.0495755734   -9.663776 -1.557624
ENSMUSG00000109293 ENSMUSG00000109293 0.0066628820   -9.403450 -1.548022
                    std.logFC cellType.target std.logFC.rank     std.logFC.anno
ENSMUSG00000024233 0.12498489          random              1  std logFC = 0.125
ENSMUSG00000108827 0.09660193          random              2  std logFC = 0.097
ENSMUSG00000075543 0.09584517          random              3  std logFC = 0.096
ENSMUSG00000024225 0.09548866          random              4  std logFC = 0.095
ENSMUSG00000031601 0.09506347          random              5  std logFC = 0.095
ENSMUSG00000109293 0.09346248          random              6  std logFC = 0.093
[1] 380
Running 1vALL Testing for up-regulated genes
2024-09-08 02:03:20.20133 - Find markers for: other
2024-09-08 02:03:28.598628 - Find markers for: random
2024-09-08 02:03:36.905588 - Building Table
** Done! **

                                 gene        logFC log.p.value   log.FDR
ENSMUSG00000024730 ENSMUSG00000024730 0.0019278925  -13.647963 -3.932372
ENSMUSG00000027485 ENSMUSG00000027485 0.0037964152  -12.504147 -3.481703
ENSMUSG00000074378 ENSMUSG00000074378 0.0017434530  -10.657117 -2.040139
ENSMUSG00000037053 ENSMUSG00000037053 0.0014197096   -9.548132 -1.719661
ENSMUSG00000001023 ENSMUSG00000001023 0.0006611408   -9.384103 -1.719661
ENSMUSG00000035042 ENSMUSG00000035042 0.0082031059   -9.126814 -1.719661
                    std.logFC cellType.target std.logFC.rank     std.logFC.anno
ENSMUSG00000024730 0.11680966          random              1  std logFC = 0.117
ENSMUSG00000027485 0.11090996          random              2  std logFC = 0.111
ENSMUSG00000074378 0.10072227          random              3  std logFC = 0.101
ENSMUSG00000037053 0.09413070          random              4  std logFC = 0.094
ENSMUSG00000001023 0.09312036          random              5  std logFC = 0.093
ENSMUSG00000035042 0.09151562          random              6  std logFC = 0.092
[1] 381
Running 1vALL Testing for up-regulated genes
2024-09-08 02:03:37.118068 - Find markers for: other
2024-09-08 02:03:45.944365 - Find markers for: random
2024-09-08 02:03:54.46222 - Building Table
** Done! **

                                 gene        logFC log.p.value   log.FDR
ENSMUSG00000074832 ENSMUSG00000074832 0.0006074636   -13.77717 -4.690366
ENSMUSG00000108022 ENSMUSG00000108022 0.0016057828   -13.64571 -4.690366
ENSMUSG00000028738 ENSMUSG00000028738 0.0007984537   -13.30734 -4.690366
ENSMUSG00000039814 ENSMUSG00000039814 0.0035051474   -13.00678 -4.677488
ENSMUSG00000017720 ENSMUSG00000017720 0.0024479970   -11.40060 -3.294446
ENSMUSG00000062037 ENSMUSG00000062037 0.0006514012   -10.77444 -2.850607
                   std.logFC cellType.target std.logFC.rank     std.logFC.anno
ENSMUSG00000074832 0.1178487          random              1  std logFC = 0.118
ENSMUSG00000108022 0.1171859          random              2  std logFC = 0.117
ENSMUSG00000028738 0.1154638          random              3  std logFC = 0.115
ENSMUSG00000039814 0.1139140          random              4  std logFC = 0.114
ENSMUSG00000017720 0.1052796          random              5  std logFC = 0.105
ENSMUSG00000062037 0.1017335          random              6  std logFC = 0.102
[1] 382
Running 1vALL Testing for up-regulated genes
2024-09-08 02:03:54.685568 - Find markers for: other
2024-09-08 02:04:03.163424 - Find markers for: random
2024-09-08 02:04:11.592021 - Building Table
** Done! **

                                 gene        logFC log.p.value   log.FDR
ENSMUSG00000040610 ENSMUSG00000040610 0.0008122807   -12.75531 -3.039719
ENSMUSG00000046490 ENSMUSG00000046490 0.0016149283   -11.63205 -2.907585
ENSMUSG00000034435 ENSMUSG00000034435 0.0004993383   -11.52456 -2.907585
ENSMUSG00000044120 ENSMUSG00000044120 0.0011340923   -10.73033 -2.489585
ENSMUSG00000040524 ENSMUSG00000040524 0.0758139056   -10.59574 -2.489585
ENSMUSG00000002870 ENSMUSG00000002870 0.0094919071   -10.04066 -2.116824
                    std.logFC cellType.target std.logFC.rank     std.logFC.anno
ENSMUSG00000040610 0.11259960          random              1  std logFC = 0.113
ENSMUSG00000046490 0.10656065          random              2  std logFC = 0.107
ENSMUSG00000034435 0.10596629          random              3  std logFC = 0.106
ENSMUSG00000044120 0.10147702          random              4  std logFC = 0.101
ENSMUSG00000040524 0.10069831          random              5  std logFC = 0.101
ENSMUSG00000002870 0.09742768          random              6  std logFC = 0.097
[1] 383
Running 1vALL Testing for up-regulated genes
2024-09-08 02:04:11.812407 - Find markers for: other
2024-09-08 02:04:20.45261 - Find markers for: random
2024-09-08 02:04:28.848806 - Building Table
** Done! **

                                 gene       logFC log.p.value   log.FDR
ENSMUSG00000008461 ENSMUSG00000008461 0.000620444   -13.52561 -3.930222
ENSMUSG00000034031 ENSMUSG00000034031 0.001024534   -12.95266 -3.930222
ENSMUSG00000085272 ENSMUSG00000085272 0.006362758   -11.49521 -2.980142
ENSMUSG00000109718 ENSMUSG00000109718 0.001855337   -11.30944 -2.980142
ENSMUSG00000085861 ENSMUSG00000085861 0.008108410   -10.96119 -2.855033
ENSMUSG00000036634 ENSMUSG00000036634 0.069270352   -10.44935 -2.711878
                    std.logFC cellType.target std.logFC.rank     std.logFC.anno
ENSMUSG00000008461 0.11663762          random              1  std logFC = 0.117
ENSMUSG00000034031 0.11369165          random              2  std logFC = 0.114
ENSMUSG00000085272 0.10586070          random              3  std logFC = 0.106
ENSMUSG00000109718 0.10482425          random              4  std logFC = 0.105
ENSMUSG00000085861 0.10285580          random              5  std logFC = 0.103
ENSMUSG00000036634 0.09989915          random              6    std logFC = 0.1
[1] 384
Running 1vALL Testing for up-regulated genes
2024-09-08 02:04:29.044567 - Find markers for: random
2024-09-08 02:04:37.429984 - Find markers for: other
2024-09-08 02:04:45.994684 - Building Table
** Done! **

                                 gene       logFC log.p.value   log.FDR
ENSMUSG00000028036 ENSMUSG00000028036 0.005512570   -13.17617 -3.606496
ENSMUSG00000063851 ENSMUSG00000063851 0.002169750   -12.36834 -3.606496
ENSMUSG00000071178 ENSMUSG00000071178 0.003762764   -12.18744 -3.606496
ENSMUSG00000012211 ENSMUSG00000012211 0.032470329   -11.93579 -3.606496
ENSMUSG00000024922 ENSMUSG00000024922 0.003507579   -11.54709 -3.440935
ENSMUSG00000022913 ENSMUSG00000022913 0.022967876   -10.89743 -2.973596
                   std.logFC cellType.target std.logFC.rank     std.logFC.anno
ENSMUSG00000028036 0.1145301          random              1  std logFC = 0.115
ENSMUSG00000063851 0.1103058          random              2   std logFC = 0.11
ENSMUSG00000071178 0.1093393          random              3  std logFC = 0.109
ENSMUSG00000012211 0.1079818          random              4  std logFC = 0.108
ENSMUSG00000024922 0.1058536          random              5  std logFC = 0.106
ENSMUSG00000022913 0.1022070          random              6  std logFC = 0.102
[1] 385
Running 1vALL Testing for up-regulated genes
2024-09-08 02:04:46.184669 - Find markers for: other
2024-09-08 02:04:54.549598 - Find markers for: random
2024-09-08 02:05:03.125704 - Building Table
** Done! **

                                 gene       logFC log.p.value   log.FDR
ENSMUSG00000031250 ENSMUSG00000031250 0.003503345   -13.67163 -3.956043
ENSMUSG00000094584 ENSMUSG00000094584 0.001406266   -12.30684 -3.344466
ENSMUSG00000031070 ENSMUSG00000031070 0.001058439   -11.78769 -3.344466
ENSMUSG00000030339 ENSMUSG00000030339 0.015448605   -11.67376 -3.344466
ENSMUSG00000027224 ENSMUSG00000027224 0.001953049   -11.32825 -3.222098
ENSMUSG00000078795 ENSMUSG00000078795 0.001583509   -10.56332 -2.788607
                   std.logFC cellType.target std.logFC.rank     std.logFC.anno
ENSMUSG00000031250 0.1177700          random              1  std logFC = 0.118
ENSMUSG00000094584 0.1106532          random              2  std logFC = 0.111
ENSMUSG00000031070 0.1078333          random              3  std logFC = 0.108
ENSMUSG00000030339 0.1072054          random              4  std logFC = 0.107
ENSMUSG00000027224 0.1052805          random              5  std logFC = 0.105
ENSMUSG00000078795 0.1009005          random              6  std logFC = 0.101
[1] 386
Running 1vALL Testing for up-regulated genes
2024-09-08 02:05:03.363158 - Find markers for: other
2024-09-08 02:05:12.073077 - Find markers for: random
2024-09-08 02:05:20.628543 - Building Table
** Done! **

                                 gene       logFC log.p.value   log.FDR
ENSMUSG00000037124 ENSMUSG00000037124 0.002266562   -15.75659 -6.040996
ENSMUSG00000033157 ENSMUSG00000033157 0.047026749   -13.08131 -4.058862
ENSMUSG00000084845 ENSMUSG00000084845 0.027183020   -11.67423 -3.057250
ENSMUSG00000068587 ENSMUSG00000068587 0.003367097   -10.55844 -2.302928
ENSMUSG00000062184 ENSMUSG00000062184 0.073894700   -10.39522 -2.302928
ENSMUSG00000073542 ENSMUSG00000073542 0.016596233   -10.05953 -2.302928
                    std.logFC cellType.target std.logFC.rank     std.logFC.anno
ENSMUSG00000037124 0.12743863          random              1  std logFC = 0.127
ENSMUSG00000033157 0.11429789          random              2  std logFC = 0.114
ENSMUSG00000084845 0.10679351          random              3  std logFC = 0.107
ENSMUSG00000068587 0.10048200          random              4    std logFC = 0.1
ENSMUSG00000062184 0.09952844          random              5    std logFC = 0.1
ENSMUSG00000073542 0.09754096          random              6  std logFC = 0.098
[1] 387
Running 1vALL Testing for up-regulated genes
2024-09-08 02:05:20.83664 - Find markers for: other
2024-09-08 02:05:29.472341 - Find markers for: random
2024-09-08 02:05:37.805067 - Building Table
** Done! **

                                 gene       logFC log.p.value   log.FDR
ENSMUSG00000043827 ENSMUSG00000043827 0.001426621   -11.94352 -2.652623
ENSMUSG00000057000 ENSMUSG00000057000 0.002222167   -11.50926 -2.652623
ENSMUSG00000023262 ENSMUSG00000023262 0.025248113   -11.26960 -2.652623
ENSMUSG00000074194 ENSMUSG00000074194 0.015755847   -10.28395 -2.388005
ENSMUSG00000047841 ENSMUSG00000047841 0.003213628   -10.26498 -2.388005
ENSMUSG00000033963 ENSMUSG00000033963 0.003136971   -10.17072 -2.388005
                    std.logFC cellType.target std.logFC.rank     std.logFC.anno
ENSMUSG00000043827 0.10832043          random              1  std logFC = 0.108
ENSMUSG00000057000 0.10593461          random              2  std logFC = 0.106
ENSMUSG00000023262 0.10459676          random              3  std logFC = 0.105
ENSMUSG00000074194 0.09892285          random              4  std logFC = 0.099
ENSMUSG00000047841 0.09881079          random              5  std logFC = 0.099
ENSMUSG00000033963 0.09825214          random              6  std logFC = 0.098
[1] 388
Running 1vALL Testing for up-regulated genes
2024-09-08 02:05:37.998476 - Find markers for: other
2024-09-08 02:05:46.50728 - Find markers for: random
2024-09-08 02:05:55.227284 - Building Table
** Done! **

                                 gene        logFC log.p.value   log.FDR
ENSMUSG00000041578 ENSMUSG00000041578 0.0022897095   -15.42507 -5.709478
ENSMUSG00000038148 ENSMUSG00000038148 0.0006324264   -12.88176 -4.168094
ENSMUSG00000068105 ENSMUSG00000068105 0.0011044498   -12.78507 -4.168094
ENSMUSG00000026166 ENSMUSG00000026166 0.0008908776   -11.89601 -3.566716
ENSMUSG00000039956 ENSMUSG00000039956 0.0041740304   -11.52300 -3.416850
ENSMUSG00000031647 ENSMUSG00000031647 0.0531763413   -11.09305 -3.307284
                   std.logFC cellType.target std.logFC.rank     std.logFC.anno
ENSMUSG00000041578 0.1256311          random              1  std logFC = 0.126
ENSMUSG00000038148 0.1130379          random              2  std logFC = 0.113
ENSMUSG00000068105 0.1125336          random              3  std logFC = 0.113
ENSMUSG00000026166 0.1077949          random              4  std logFC = 0.108
ENSMUSG00000039956 0.1057490          random              5  std logFC = 0.106
ENSMUSG00000031647 0.1033453          random              6  std logFC = 0.103
[1] 389
Running 1vALL Testing for up-regulated genes
2024-09-08 02:05:55.442321 - Find markers for: other
2024-09-08 02:06:03.908271 - Find markers for: random
2024-09-08 02:06:12.538082 - Building Table
** Done! **

                                 gene       logFC log.p.value   log.FDR
ENSMUSG00000037185 ENSMUSG00000037185 0.003714930  -15.618870 -5.903279
ENSMUSG00000008999 ENSMUSG00000008999 0.022878809  -11.846202 -2.823758
ENSMUSG00000056078 ENSMUSG00000056078 0.001140840  -10.982833 -2.615161
ENSMUSG00000026523 ENSMUSG00000026523 0.003457407  -10.944457 -2.615161
ENSMUSG00000020702 ENSMUSG00000020702 0.002125502   -9.615641 -2.016937
ENSMUSG00000015542 ENSMUSG00000015542 0.026049115   -9.519210 -2.016937
                    std.logFC cellType.target std.logFC.rank     std.logFC.anno
ENSMUSG00000037185 0.12725153          random              1  std logFC = 0.127
ENSMUSG00000008999 0.10812582          random              2  std logFC = 0.108
ENSMUSG00000056078 0.10329607          random              3  std logFC = 0.103
ENSMUSG00000026523 0.10307662          random              4  std logFC = 0.103
ENSMUSG00000020702 0.09519855          random              5  std logFC = 0.095
ENSMUSG00000015542 0.09460400          random              6  std logFC = 0.095
[1] 390
Running 1vALL Testing for up-regulated genes
2024-09-08 02:06:12.746789 - Find markers for: other
2024-09-08 02:06:21.443671 - Find markers for: random
2024-09-08 02:06:30.328763 - Building Table
** Done! **

                                 gene        logFC log.p.value    log.FDR
ENSMUSG00000031504 ENSMUSG00000031504 0.0110331190   -20.58656 -10.870969
ENSMUSG00000029320 ENSMUSG00000029320 0.0018676363   -14.83975  -5.817304
ENSMUSG00000039518 ENSMUSG00000039518 0.0009938503   -12.33978  -3.971312
ENSMUSG00000040532 ENSMUSG00000040532 0.0237246675   -12.30061  -3.971312
ENSMUSG00000040592 ENSMUSG00000040592 0.0020115962   -11.88768  -3.781525
ENSMUSG00000049848 ENSMUSG00000049848 0.0007869663   -10.71040  -2.786565
                   std.logFC cellType.target std.logFC.rank     std.logFC.anno
ENSMUSG00000031504 0.1486167          random              1  std logFC = 0.149
ENSMUSG00000029320 0.1232535          random              2  std logFC = 0.123
ENSMUSG00000039518 0.1105552          random              3  std logFC = 0.111
ENSMUSG00000040532 0.1103455          random              4   std logFC = 0.11
ENSMUSG00000040592 0.1081130          random              5  std logFC = 0.108
ENSMUSG00000049848 0.1015037          random              6  std logFC = 0.102
[1] 391
Running 1vALL Testing for up-regulated genes
2024-09-08 02:06:30.560874 - Find markers for: random
2024-09-08 02:06:39.13556 - Find markers for: other
2024-09-08 02:06:47.540914 - Building Table
** Done! **

                                 gene       logFC log.p.value   log.FDR
ENSMUSG00000033898 ENSMUSG00000033898 0.003312845   -13.79941 -4.083824
ENSMUSG00000029810 ENSMUSG00000029810 0.040842696   -12.76907 -3.983234
ENSMUSG00000006216 ENSMUSG00000006216 0.001257339   -12.60021 -3.983234
ENSMUSG00000054446 ENSMUSG00000054446 0.000958661   -12.08137 -3.752077
ENSMUSG00000035828 ENSMUSG00000035828 0.030946593   -11.35072 -3.244563
ENSMUSG00000029848 ENSMUSG00000029848 0.001307386   -10.41389 -2.490061
                    std.logFC cellType.target std.logFC.rank     std.logFC.anno
ENSMUSG00000033898 0.11787157          random              1  std logFC = 0.118
ENSMUSG00000029810 0.11258952          random              2  std logFC = 0.113
ENSMUSG00000006216 0.11170196          random              3  std logFC = 0.112
ENSMUSG00000054446 0.10893347          random              4  std logFC = 0.109
ENSMUSG00000035828 0.10492192          random              5  std logFC = 0.105
ENSMUSG00000029848 0.09956477          random              6    std logFC = 0.1
[1] 392
Running 1vALL Testing for up-regulated genes
2024-09-08 02:06:47.751921 - Find markers for: other
2024-09-08 02:06:56.070132 - Find markers for: random
2024-09-08 02:07:04.582084 - Building Table
** Done! **

                                 gene        logFC log.p.value   log.FDR
ENSMUSG00000026285 ENSMUSG00000026285 0.0005825307   -13.73185 -4.380931
ENSMUSG00000047746 ENSMUSG00000047746 0.0027899218   -13.40337 -4.380931
ENSMUSG00000043366 ENSMUSG00000043366 0.0014558188   -12.35034 -3.733363
ENSMUSG00000006235 ENSMUSG00000006235 0.0091284659   -11.99880 -3.669509
ENSMUSG00000023978 ENSMUSG00000023978 0.0024401519   -11.42891 -3.339670
ENSMUSG00000025431 ENSMUSG00000025431 0.0010629486   -11.26350 -3.339670
                   std.logFC cellType.target std.logFC.rank     std.logFC.anno
ENSMUSG00000026285 0.1171940          random              1  std logFC = 0.117
ENSMUSG00000047746 0.1155344          random              2  std logFC = 0.116
ENSMUSG00000043366 0.1100593          random              3   std logFC = 0.11
ENSMUSG00000006235 0.1081750          random              4  std logFC = 0.108
ENSMUSG00000023978 0.1050550          random              5  std logFC = 0.105
ENSMUSG00000025431 0.1041335          random              6  std logFC = 0.104
[1] 393
Running 1vALL Testing for up-regulated genes
2024-09-08 02:07:04.800519 - Find markers for: other
2024-09-08 02:07:13.241158 - Find markers for: random
2024-09-08 02:07:22.030789 - Building Table
** Done! **

                                 gene        logFC log.p.value   log.FDR
ENSMUSG00000045794 ENSMUSG00000045794 0.0003848887   -13.85127 -4.135678
ENSMUSG00000049565 ENSMUSG00000049565 0.0026377375   -12.10253 -3.080088
ENSMUSG00000027981 ENSMUSG00000027981 0.0883173108   -11.44116 -2.904577
ENSMUSG00000099083 ENSMUSG00000099083 0.0797138651   -11.23387 -2.904577
ENSMUSG00000041287 ENSMUSG00000041287 0.0009723576   -10.88971 -2.783555
ENSMUSG00000073876 ENSMUSG00000073876 0.0015838379   -10.68935 -2.765514
                   std.logFC cellType.target std.logFC.rank     std.logFC.anno
ENSMUSG00000045794 0.1183164          random              1  std logFC = 0.118
ENSMUSG00000049565 0.1092182          random              2  std logFC = 0.109
ENSMUSG00000027981 0.1055909          random              3  std logFC = 0.106
ENSMUSG00000099083 0.1044305          random              4  std logFC = 0.104
ENSMUSG00000041287 0.1024774          random              5  std logFC = 0.102
ENSMUSG00000073876 0.1013248          random              6  std logFC = 0.101
[1] 394
Running 1vALL Testing for up-regulated genes
2024-09-08 02:07:22.242399 - Find markers for: other
2024-09-08 02:07:30.888664 - Find markers for: random
2024-09-08 02:07:39.472287 - Building Table
** Done! **

                                 gene        logFC log.p.value   log.FDR
ENSMUSG00000038822 ENSMUSG00000038822 0.0644506851  -13.356846 -3.641255
ENSMUSG00000028008 ENSMUSG00000028008 0.0044464730  -10.612154 -1.589710
ENSMUSG00000045684 ENSMUSG00000045684 0.0009898152   -9.643467 -1.588705
ENSMUSG00000029368 ENSMUSG00000029368 0.0020679794   -9.333266 -1.588705
ENSMUSG00000032691 ENSMUSG00000032691 0.0074435353   -8.949243 -1.588705
ENSMUSG00000002083 ENSMUSG00000002083 0.0114619162   -8.918482 -1.588705
                    std.logFC cellType.target std.logFC.rank     std.logFC.anno
ENSMUSG00000038822 0.11589510          random              1  std logFC = 0.116
ENSMUSG00000028008 0.10095092          random              2  std logFC = 0.101
ENSMUSG00000045684 0.09517386          random              3  std logFC = 0.095
ENSMUSG00000029368 0.09325634          random              4  std logFC = 0.093
ENSMUSG00000032691 0.09083271          random              5  std logFC = 0.091
ENSMUSG00000002083 0.09063608          random              6  std logFC = 0.091
[1] 395
Running 1vALL Testing for up-regulated genes
2024-09-08 02:07:39.684445 - Find markers for: other
2024-09-08 02:07:48.713866 - Find markers for: random
2024-09-08 02:07:57.442646 - Building Table
** Done! **

                                 gene       logFC log.p.value   log.FDR
ENSMUSG00000021188 ENSMUSG00000021188 0.075059107   -12.96362 -3.248028
ENSMUSG00000023829 ENSMUSG00000023829 0.003991866   -11.41085 -2.830360
ENSMUSG00000018326 ENSMUSG00000018326 0.068431532   -11.08588 -2.830360
ENSMUSG00000091060 ENSMUSG00000091060 0.002389311   -10.94325 -2.830360
ENSMUSG00000020870 ENSMUSG00000020870 0.001419712   -10.93651 -2.830360
ENSMUSG00000024812 ENSMUSG00000024812 0.059542285   -10.27919 -2.371107
                    std.logFC cellType.target std.logFC.rank     std.logFC.anno
ENSMUSG00000021188 0.11374504          random              1  std logFC = 0.114
ENSMUSG00000023829 0.10538787          random              2  std logFC = 0.105
ENSMUSG00000018326 0.10356124          random              3  std logFC = 0.104
ENSMUSG00000091060 0.10275027          random              4  std logFC = 0.103
ENSMUSG00000020870 0.10271180          random              5  std logFC = 0.103
ENSMUSG00000024812 0.09889542          random              6  std logFC = 0.099
[1] 396
Running 1vALL Testing for up-regulated genes
2024-09-08 02:07:57.654258 - Find markers for: other
2024-09-08 02:08:06.150465 - Find markers for: random
2024-09-08 02:08:14.787768 - Building Table
** Done! **

                                 gene        logFC log.p.value   log.FDR
ENSMUSG00000026581 ENSMUSG00000026581 0.0023858034   -16.14884 -6.433247
ENSMUSG00000028460 ENSMUSG00000028460 0.0005033937   -13.48972 -4.467272
ENSMUSG00000043827 ENSMUSG00000043827 0.0014275623   -11.95153 -3.334550
ENSMUSG00000109718 ENSMUSG00000109718 0.0018537861   -11.28969 -2.960390
ENSMUSG00000036117 ENSMUSG00000036117 0.0028568352   -10.84654 -2.877269
ENSMUSG00000060981 ENSMUSG00000060981 0.0222875594   -10.80110 -2.877269
                   std.logFC cellType.target std.logFC.rank     std.logFC.anno
ENSMUSG00000026581 0.1293584          random              1  std logFC = 0.129
ENSMUSG00000028460 0.1164807          random              2  std logFC = 0.116
ENSMUSG00000043827 0.1083920          random              3  std logFC = 0.108
ENSMUSG00000109718 0.1047365          random              4  std logFC = 0.105
ENSMUSG00000036117 0.1022227          random              5  std logFC = 0.102
ENSMUSG00000060981 0.1019618          random              6  std logFC = 0.102
[1] 397
Running 1vALL Testing for up-regulated genes
2024-09-08 02:08:15.002521 - Find markers for: other
2024-09-08 02:08:23.484063 - Find markers for: random
2024-09-08 02:08:31.74208 - Building Table
** Done! **

                                 gene       logFC log.p.value   log.FDR
ENSMUSG00000028264 ENSMUSG00000028264 0.003301329  -16.263888 -6.548298
ENSMUSG00000064147 ENSMUSG00000064147 0.002390395  -11.424416 -2.925726
ENSMUSG00000022439 ENSMUSG00000022439 0.006940101  -11.366562 -2.925726
ENSMUSG00000003477 ENSMUSG00000003477 0.003150866  -11.255022 -2.925726
ENSMUSG00000051498 ENSMUSG00000051498 0.003932702  -10.036900 -2.072516
ENSMUSG00000006221 ENSMUSG00000006221 0.001865063   -9.996347 -2.072516
                    std.logFC cellType.target std.logFC.rank     std.logFC.anno
ENSMUSG00000028264 0.12976059          random              1   std logFC = 0.13
ENSMUSG00000064147 0.10538598          random              2  std logFC = 0.105
ENSMUSG00000022439 0.10506335          random              3  std logFC = 0.105
ENSMUSG00000003477 0.10443879          random              4  std logFC = 0.104
ENSMUSG00000051498 0.09738321          random              5  std logFC = 0.097
ENSMUSG00000006221 0.09714039          random              6  std logFC = 0.097
[1] 398
Running 1vALL Testing for up-regulated genes
2024-09-08 02:08:31.946715 - Find markers for: other
2024-09-08 02:08:40.34234 - Find markers for: random
2024-09-08 02:08:48.780024 - Building Table
** Done! **

                                 gene       logFC log.p.value   log.FDR
ENSMUSG00000046916 ENSMUSG00000046916 0.004566089   -13.73142 -4.015833
ENSMUSG00000015619 ENSMUSG00000015619 0.001681810   -12.63190 -3.637561
ENSMUSG00000056423 ENSMUSG00000056423 0.001526647   -12.25454 -3.637561
ENSMUSG00000021003 ENSMUSG00000021003 0.046521290   -11.96443 -3.635129
ENSMUSG00000045684 ENSMUSG00000045684 0.001087643   -11.22776 -3.121609
ENSMUSG00000020870 ENSMUSG00000020870 0.001418917   -10.88774 -2.963909
                   std.logFC cellType.target std.logFC.rank     std.logFC.anno
ENSMUSG00000046916 0.1179294          random              1  std logFC = 0.118
ENSMUSG00000015619 0.1122494          random              2  std logFC = 0.112
ENSMUSG00000056423 0.1102382          random              3   std logFC = 0.11
ENSMUSG00000021003 0.1086688          random              4  std logFC = 0.109
ENSMUSG00000045684 0.1045875          random              5  std logFC = 0.105
ENSMUSG00000020870 0.1026541          random              6  std logFC = 0.103
[1] 399
Running 1vALL Testing for up-regulated genes
2024-09-08 02:08:48.969507 - Find markers for: random
2024-09-08 02:08:57.36186 - Find markers for: other
2024-09-08 02:09:05.873169 - Building Table
** Done! **

                                 gene       logFC log.p.value   log.FDR
ENSMUSG00000025418 ENSMUSG00000025418 0.001559826  -15.068197 -5.352606
ENSMUSG00000027996 ENSMUSG00000027996 0.007961598  -13.396342 -4.373899
ENSMUSG00000023960 ENSMUSG00000023960 0.044774252  -12.103393 -3.486415
ENSMUSG00000038009 ENSMUSG00000038009 0.002545986  -10.677870 -2.348574
ENSMUSG00000025396 ENSMUSG00000025396 0.001928573   -9.301892 -1.453585
ENSMUSG00000050121 ENSMUSG00000050121 0.034709392   -9.274230 -1.453585
                    std.logFC cellType.target std.logFC.rank     std.logFC.anno
ENSMUSG00000025418 0.12447159          random              1  std logFC = 0.124
ENSMUSG00000027996 0.11618819          random              2  std logFC = 0.116
ENSMUSG00000023960 0.10938792          random              3  std logFC = 0.109
ENSMUSG00000038009 0.10141147          random              4  std logFC = 0.101
ENSMUSG00000025396 0.09313335          random              5  std logFC = 0.093
ENSMUSG00000050121 0.09296018          random              6  std logFC = 0.093
[1] 400
Running 1vALL Testing for up-regulated genes
2024-09-08 02:09:06.078955 - Find markers for: other
2024-09-08 02:09:14.484711 - Find markers for: random
2024-09-08 02:09:22.892724 - Building Table
** Done! **

                                 gene       logFC log.p.value   log.FDR
ENSMUSG00000042845 ENSMUSG00000042845 0.001298086   -13.40703 -3.691438
ENSMUSG00000000215 ENSMUSG00000000215 0.005275508   -11.46391 -2.441469
ENSMUSG00000026478 ENSMUSG00000026478 0.050050675   -10.93205 -2.315073
ENSMUSG00000091402 ENSMUSG00000091402 0.002501113   -10.57201 -2.283203
ENSMUSG00000027669 ENSMUSG00000027669 0.044847195   -10.38936 -2.283203
ENSMUSG00000025812 ENSMUSG00000025812 0.087480387    -9.47430 -1.624949
                    std.logFC cellType.target std.logFC.rank     std.logFC.anno
ENSMUSG00000042845 0.11579502          random              1  std logFC = 0.116
ENSMUSG00000000215 0.10546947          random              2  std logFC = 0.105
ENSMUSG00000026478 0.10247849          random              3  std logFC = 0.102
ENSMUSG00000091402 0.10040803          random              4    std logFC = 0.1
ENSMUSG00000027669 0.09934277          random              5  std logFC = 0.099
ENSMUSG00000025812 0.09384327          random              6  std logFC = 0.094
[1] 401
Running 1vALL Testing for up-regulated genes
2024-09-08 02:09:23.103596 - Find markers for: other
2024-09-08 02:09:31.519069 - Find markers for: random
2024-09-08 02:09:40.179366 - Building Table
** Done! **

                                 gene        logFC log.p.value    log.FDR
ENSMUSG00000049515 ENSMUSG00000049515 0.0029737946  -20.861891 -11.146300
ENSMUSG00000036938 ENSMUSG00000036938 0.0010768661  -14.521856  -5.499413
ENSMUSG00000058976 ENSMUSG00000058976 0.0005991229  -11.234151  -2.617173
ENSMUSG00000000157 ENSMUSG00000000157 0.0026928835  -10.846476  -2.517180
ENSMUSG00000026963 ENSMUSG00000026963 0.0019337183  -10.424958  -2.318806
ENSMUSG00000062609 ENSMUSG00000062609 0.0014747340   -9.738737  -1.814906
                    std.logFC cellType.target std.logFC.rank     std.logFC.anno
ENSMUSG00000049515 0.14967704          random              1   std logFC = 0.15
ENSMUSG00000036938 0.12166398          random              2  std logFC = 0.122
ENSMUSG00000058976 0.10445409          random              3  std logFC = 0.104
ENSMUSG00000000157 0.10225133          random              4  std logFC = 0.102
ENSMUSG00000026963 0.09980647          random              5    std logFC = 0.1
ENSMUSG00000062609 0.09570647          random              6  std logFC = 0.096
[1] 402
Running 1vALL Testing for up-regulated genes
2024-09-08 02:09:40.396377 - Find markers for: other
2024-09-08 02:09:49.36623 - Find markers for: random
2024-09-08 02:09:58.162018 - Building Table
** Done! **

                                 gene        logFC log.p.value   log.FDR
ENSMUSG00000045330 ENSMUSG00000045330 0.0012045828  -10.737184 -1.420749
ENSMUSG00000022945 ENSMUSG00000022945 0.0061657551  -10.329006 -1.420749
ENSMUSG00000078817 ENSMUSG00000078817 0.0082903639   -9.316825 -1.420749
ENSMUSG00000016255 ENSMUSG00000016255 0.0007263566   -9.281985 -1.420749
ENSMUSG00000066748 ENSMUSG00000066748 0.0012204624   -9.246778 -1.420749
ENSMUSG00000002108 ENSMUSG00000002108 0.0167385202   -9.224804 -1.420749
                    std.logFC cellType.target std.logFC.rank     std.logFC.anno
ENSMUSG00000045330 0.10146733          random              1  std logFC = 0.101
ENSMUSG00000022945 0.09909078          random              2  std logFC = 0.099
ENSMUSG00000078817 0.09296347          random              3  std logFC = 0.093
ENSMUSG00000016255 0.09274613          random              4  std logFC = 0.093
ENSMUSG00000066748 0.09252605          random              5  std logFC = 0.093
ENSMUSG00000002108 0.09238845          random              6  std logFC = 0.092
[1] 403
Running 1vALL Testing for up-regulated genes
2024-09-08 02:09:58.37141 - Find markers for: other
2024-09-08 02:10:07.339918 - Find markers for: random
2024-09-08 02:10:15.61907 - Building Table
** Done! **

                                 gene        logFC log.p.value   log.FDR
ENSMUSG00000028298 ENSMUSG00000028298 0.0030010734  -14.852457 -5.136866
ENSMUSG00000028460 ENSMUSG00000028460 0.0005034477  -13.480243 -4.457800
ENSMUSG00000084128 ENSMUSG00000084128 0.0007644618  -10.867240 -2.250262
ENSMUSG00000060131 ENSMUSG00000060131 0.0079495921  -10.336814 -2.067875
ENSMUSG00000025393 ENSMUSG00000025393 0.0744931909  -10.174027 -2.067875
ENSMUSG00000042510 ENSMUSG00000042510 0.0137346877   -9.743063 -1.889671
                    std.logFC cellType.target std.logFC.rank     std.logFC.anno
ENSMUSG00000028298 0.12330073          random              1  std logFC = 0.123
ENSMUSG00000028460 0.11649311          random              2  std logFC = 0.116
ENSMUSG00000084128 0.10239474          random              3  std logFC = 0.102
ENSMUSG00000060131 0.09931196          random              4  std logFC = 0.099
ENSMUSG00000025393 0.09834842          random              5  std logFC = 0.098
ENSMUSG00000042510 0.09575557          random              6  std logFC = 0.096
[1] 404
Running 1vALL Testing for up-regulated genes
2024-09-08 02:10:15.841802 - Find markers for: other
2024-09-08 02:10:24.308033 - Find markers for: random
2024-09-08 02:10:33.334051 - Building Table
** Done! **

                                 gene       logFC log.p.value   log.FDR
ENSMUSG00000074384 ENSMUSG00000074384 0.009808092   -13.86075 -4.673282
ENSMUSG00000062732 ENSMUSG00000062732 0.000782313   -13.69573 -4.673282
ENSMUSG00000073600 ENSMUSG00000073600 0.012237797   -11.94459 -3.327608
ENSMUSG00000063796 ENSMUSG00000063796 0.020313683   -10.62879 -2.349475
ENSMUSG00000043298 ENSMUSG00000043298 0.020480319   -10.38561 -2.349475
ENSMUSG00000039639 ENSMUSG00000039639 0.002399380   -10.27331 -2.349475
                    std.logFC cellType.target std.logFC.rank     std.logFC.anno
ENSMUSG00000074384 0.11854471          random              1  std logFC = 0.119
ENSMUSG00000062732 0.11771295          random              2  std logFC = 0.118
ENSMUSG00000073600 0.10852747          random              3  std logFC = 0.109
ENSMUSG00000063796 0.10112828          random              4  std logFC = 0.101
ENSMUSG00000043298 0.09970649          random              5    std logFC = 0.1
ENSMUSG00000039639 0.09904367          random              6  std logFC = 0.099
[1] 405
Running 1vALL Testing for up-regulated genes
2024-09-08 02:10:33.553061 - Find markers for: other
2024-09-08 02:10:42.156933 - Find markers for: random
2024-09-08 02:10:50.719019 - Building Table
** Done! **

                                 gene        logFC log.p.value   log.FDR
ENSMUSG00000078632 ENSMUSG00000078632 0.0058669087  -13.215368 -3.563133
ENSMUSG00000000617 ENSMUSG00000000617 0.0005925216  -12.443464 -3.563133
ENSMUSG00000033036 ENSMUSG00000033036 0.0019000945  -12.180111 -3.563133
ENSMUSG00000030796 ENSMUSG00000030796 0.0171254267  -10.707878 -2.378582
ENSMUSG00000073491 ENSMUSG00000073491 0.0031579740   -9.710358 -1.736024
ENSMUSG00000071890 ENSMUSG00000071890 0.0028817318   -9.548763 -1.736024
                    std.logFC cellType.target std.logFC.rank     std.logFC.anno
ENSMUSG00000078632 0.11540961          random              1  std logFC = 0.115
ENSMUSG00000000617 0.11135922          random              2  std logFC = 0.111
ENSMUSG00000033036 0.10994606          random              3   std logFC = 0.11
ENSMUSG00000030796 0.10171833          random              4  std logFC = 0.102
ENSMUSG00000073491 0.09578306          random              5  std logFC = 0.096
ENSMUSG00000071890 0.09479027          random              6  std logFC = 0.095
[1] 406
Running 1vALL Testing for up-regulated genes
2024-09-08 02:10:50.931332 - Find markers for: other
2024-09-08 02:10:59.750697 - Find markers for: random
2024-09-08 02:11:09.173558 - Building Table
** Done! **

                                 gene        logFC log.p.value   log.FDR
ENSMUSG00000048236 ENSMUSG00000048236 0.0009379081  -13.418880 -3.703289
ENSMUSG00000028015 ENSMUSG00000028015 0.0535904619  -12.025746 -3.003303
ENSMUSG00000024827 ENSMUSG00000024827 0.0620206409  -10.603408 -1.986430
ENSMUSG00000040929 ENSMUSG00000040929 0.0904944418   -9.570399 -1.458051
ENSMUSG00000081362 ENSMUSG00000081362 0.0031486889   -9.473444 -1.458051
ENSMUSG00000051663 ENSMUSG00000051663 0.0013229048   -9.349687 -1.458051
                    std.logFC cellType.target std.logFC.rank     std.logFC.anno
ENSMUSG00000048236 0.11634114          random              1  std logFC = 0.116
ENSMUSG00000028015 0.10900247          random              2  std logFC = 0.109
ENSMUSG00000024827 0.10101186          random              3  std logFC = 0.101
ENSMUSG00000040929 0.09483022          random              4  std logFC = 0.095
ENSMUSG00000081362 0.09423142          random              5  std logFC = 0.094
ENSMUSG00000051663 0.09346213          random              6  std logFC = 0.093
[1] 407
Running 1vALL Testing for up-regulated genes
2024-09-08 02:11:09.40821 - Find markers for: other
2024-09-08 02:11:18.517709 - Find markers for: random
2024-09-08 02:11:27.141588 - Building Table
** Done! **

                                 gene        logFC log.p.value   log.FDR
ENSMUSG00000066755 ENSMUSG00000066755 0.0024654038   -11.86314 -2.638698
ENSMUSG00000027220 ENSMUSG00000027220 0.0348677204   -11.08380 -2.638698
ENSMUSG00000019792 ENSMUSG00000019792 0.0457363554   -10.87803 -2.638698
ENSMUSG00000040550 ENSMUSG00000040550 0.0454168145   -10.55801 -2.638698
ENSMUSG00000044966 ENSMUSG00000044966 0.0053203571   -10.49401 -2.638698
ENSMUSG00000107417 ENSMUSG00000107417 0.0006732858   -10.37318 -2.638698
                    std.logFC cellType.target std.logFC.rank     std.logFC.anno
ENSMUSG00000066755 0.10799768          random              1  std logFC = 0.108
ENSMUSG00000027220 0.10365937          random              2  std logFC = 0.104
ENSMUSG00000019792 0.10248609          random              3  std logFC = 0.102
ENSMUSG00000040550 0.10063692          random              4  std logFC = 0.101
ENSMUSG00000044966 0.10026340          random              5    std logFC = 0.1
ENSMUSG00000107417 0.09955477          random              6    std logFC = 0.1
[1] 408
Running 1vALL Testing for up-regulated genes
2024-09-08 02:11:27.355334 - Find markers for: other
2024-09-08 02:11:35.842776 - Find markers for: random
2024-09-08 02:11:44.661067 - Building Table
** Done! **

                                 gene        logFC log.p.value   log.FDR
ENSMUSG00000060967 ENSMUSG00000060967 0.0012169143  -13.136412 -3.420822
ENSMUSG00000035187 ENSMUSG00000035187 0.0011271788  -11.994473 -3.370292
ENSMUSG00000045378 ENSMUSG00000045378 0.0011800258  -11.987270 -3.370292
ENSMUSG00000073177 ENSMUSG00000073177 0.0002987989  -11.241827 -2.912530
ENSMUSG00000030116 ENSMUSG00000030116 0.0047214758  -10.246196 -2.140044
ENSMUSG00000023143 ENSMUSG00000023143 0.0140223165   -9.298112 -1.672823
                    std.logFC cellType.target std.logFC.rank     std.logFC.anno
ENSMUSG00000060967 0.11464187          random              1  std logFC = 0.115
ENSMUSG00000035187 0.10859933          random              2  std logFC = 0.109
ENSMUSG00000045378 0.10856025          random              3  std logFC = 0.109
ENSMUSG00000073177 0.10444275          random              4  std logFC = 0.104
ENSMUSG00000030116 0.09870163          random              5  std logFC = 0.099
ENSMUSG00000023143 0.09294029          random              6  std logFC = 0.093
[1] 409
Running 1vALL Testing for up-regulated genes
2024-09-08 02:11:44.872074 - Find markers for: other
2024-09-08 02:11:53.434957 - Find markers for: random
2024-09-08 02:12:02.336337 - Building Table
** Done! **

                                 gene        logFC log.p.value   log.FDR
ENSMUSG00000024776 ENSMUSG00000024776 0.0578763136   -13.89752 -4.391303
ENSMUSG00000042262 ENSMUSG00000042262 0.0003542651   -13.41375 -4.391303
ENSMUSG00000100916 ENSMUSG00000100916 0.0009911263   -12.47091 -3.952449
ENSMUSG00000062518 ENSMUSG00000062518 0.0006844277   -12.28175 -3.952449
ENSMUSG00000031991 ENSMUSG00000031991 0.0022011118   -12.01313 -3.906980
ENSMUSG00000049093 ENSMUSG00000049093 0.0023420542   -11.34826 -3.424433
                   std.logFC cellType.target std.logFC.rank     std.logFC.anno
ENSMUSG00000024776 0.1186432          random              1  std logFC = 0.119
ENSMUSG00000042262 0.1161947          random              2  std logFC = 0.116
ENSMUSG00000100916 0.1112806          random              3  std logFC = 0.111
ENSMUSG00000062518 0.1102705          random              4   std logFC = 0.11
ENSMUSG00000031991 0.1088214          random              5  std logFC = 0.109
ENSMUSG00000049093 0.1051564          random              6  std logFC = 0.105
[1] 410
Running 1vALL Testing for up-regulated genes
2024-09-08 02:12:02.550808 - Find markers for: other
2024-09-08 02:12:11.086674 - Find markers for: random
2024-09-08 02:12:20.107078 - Building Table
** Done! **

                                 gene       logFC log.p.value   log.FDR
ENSMUSG00000030790 ENSMUSG00000030790 0.006250657   -14.84265 -5.127057
ENSMUSG00000063549 ENSMUSG00000063549 0.001050264   -13.86467 -4.842228
ENSMUSG00000039960 ENSMUSG00000039960 0.072174130   -11.25418 -2.737681
ENSMUSG00000023987 ENSMUSG00000023987 0.001221252   -11.06698 -2.737681
ENSMUSG00000036251 ENSMUSG00000036251 0.006615940   -10.77518 -2.669032
ENSMUSG00000030144 ENSMUSG00000030144 0.001776104   -10.25404 -2.615388
                    std.logFC cellType.target std.logFC.rank     std.logFC.anno
ENSMUSG00000030790 0.12312741          random              1  std logFC = 0.123
ENSMUSG00000063549 0.11831580          random              2  std logFC = 0.118
ENSMUSG00000039960 0.10448475          random              3  std logFC = 0.104
ENSMUSG00000023987 0.10342828          random              4  std logFC = 0.103
ENSMUSG00000036251 0.10176172          random              5  std logFC = 0.102
ENSMUSG00000030144 0.09872216          random              6  std logFC = 0.099
[1] 411
Running 1vALL Testing for up-regulated genes
2024-09-08 02:12:20.311003 - Find markers for: other
2024-09-08 02:12:29.145888 - Find markers for: random
2024-09-08 02:12:37.784904 - Building Table
** Done! **

                                 gene       logFC log.p.value   log.FDR
ENSMUSG00000040456 ENSMUSG00000040456 0.002596610  -12.236746 -2.871897
ENSMUSG00000019989 ENSMUSG00000019989 0.007861141  -11.894340 -2.871897
ENSMUSG00000056078 ENSMUSG00000056078 0.001131557  -10.900999 -2.284021
ENSMUSG00000041577 ENSMUSG00000041577 0.026841067   -9.657952 -1.602207
ENSMUSG00000017950 ENSMUSG00000017950 0.000868516   -9.610319 -1.602207
ENSMUSG00000023266 ENSMUSG00000023266 0.015131270   -9.453536 -1.602207
                    std.logFC cellType.target std.logFC.rank     std.logFC.anno
ENSMUSG00000040456 0.10984775          random              1   std logFC = 0.11
ENSMUSG00000019989 0.10799675          random              2  std logFC = 0.108
ENSMUSG00000056078 0.10245517          random              3  std logFC = 0.102
ENSMUSG00000041577 0.09511263          random              4  std logFC = 0.095
ENSMUSG00000017950 0.09482113          random              5  std logFC = 0.095
ENSMUSG00000023266 0.09385599          random              6  std logFC = 0.094
[1] 412
Running 1vALL Testing for up-regulated genes
2024-09-08 02:12:38.006363 - Find markers for: random
2024-09-08 02:12:46.904174 - Find markers for: other
2024-09-08 02:12:55.882294 - Building Table
** Done! **

                                 gene        logFC log.p.value   log.FDR
ENSMUSG00000023391 ENSMUSG00000023391 0.0232973182   -13.95002 -4.234427
ENSMUSG00000026124 ENSMUSG00000026124 0.0013411353   -12.46011 -3.437670
ENSMUSG00000026166 ENSMUSG00000026166 0.0009000411   -12.00751 -3.390536
ENSMUSG00000033096 ENSMUSG00000033096 0.0292171803   -10.88568 -2.838281
ENSMUSG00000056162 ENSMUSG00000056162 0.0064716466   -10.81013 -2.838281
ENSMUSG00000038179 ENSMUSG00000038179 0.0025359151   -10.76211 -2.838281
                   std.logFC cellType.target std.logFC.rank     std.logFC.anno
ENSMUSG00000023391 0.1190299          random              1  std logFC = 0.119
ENSMUSG00000026124 0.1113390          random              2  std logFC = 0.111
ENSMUSG00000026166 0.1089042          random              3  std logFC = 0.109
ENSMUSG00000033096 0.1026432          random              4  std logFC = 0.103
ENSMUSG00000056162 0.1022091          random              5  std logFC = 0.102
ENSMUSG00000038179 0.1019322          random              6  std logFC = 0.102
[1] 413
Running 1vALL Testing for up-regulated genes
2024-09-08 02:12:56.096661 - Find markers for: other
2024-09-08 02:13:04.97273 - Find markers for: random
2024-09-08 02:13:14.025084 - Building Table
** Done! **

                                 gene        logFC log.p.value   log.FDR
ENSMUSG00000094445 ENSMUSG00000094445 0.0005444260   -13.43378 -4.174323
ENSMUSG00000034031 ENSMUSG00000034031 0.0010142872   -12.80138 -4.174323
ENSMUSG00000022330 ENSMUSG00000022330 0.0007697303   -12.66789 -4.174323
ENSMUSG00000018930 ENSMUSG00000018930 0.0036921623   -12.34902 -4.174323
ENSMUSG00000033963 ENSMUSG00000033963 0.0035054631   -12.28048 -4.174323
ENSMUSG00000029522 ENSMUSG00000029522 0.0020987240   -11.98178 -4.057948
                   std.logFC cellType.target std.logFC.rank     std.logFC.anno
ENSMUSG00000094445 0.1158118          random              1  std logFC = 0.116
ENSMUSG00000034031 0.1125538          random              2  std logFC = 0.113
ENSMUSG00000022330 0.1118549          random              3  std logFC = 0.112
ENSMUSG00000018930 0.1101691          random              4   std logFC = 0.11
ENSMUSG00000033963 0.1098036          random              5   std logFC = 0.11
ENSMUSG00000029522 0.1081978          random              6  std logFC = 0.108
[1] 414
Running 1vALL Testing for up-regulated genes
2024-09-08 02:13:14.242741 - Find markers for: other
2024-09-08 02:13:23.308174 - Find markers for: random
2024-09-08 02:13:32.226866 - Building Table
** Done! **

                                 gene       logFC log.p.value   log.FDR
ENSMUSG00000066797 ENSMUSG00000066797 0.001971096   -17.96939 -8.253802
ENSMUSG00000086596 ENSMUSG00000086596 0.017773765   -11.86534 -2.842893
ENSMUSG00000003476 ENSMUSG00000003476 0.014199562   -11.17282 -2.722810
ENSMUSG00000029552 ENSMUSG00000029552 0.032357926   -11.05211 -2.722810
ENSMUSG00000000889 ENSMUSG00000000889 0.001386862   -10.56872 -2.536631
ENSMUSG00000024987 ENSMUSG00000024987 0.001710886   -10.36742 -2.536631
                    std.logFC cellType.target std.logFC.rank     std.logFC.anno
ENSMUSG00000066797 0.13758589          random              1  std logFC = 0.138
ENSMUSG00000086596 0.10797050          random              2  std logFC = 0.108
ENSMUSG00000003476 0.10412544          random              3  std logFC = 0.104
ENSMUSG00000029552 0.10344190          random              4  std logFC = 0.103
ENSMUSG00000000889 0.10066274          random              5  std logFC = 0.101
ENSMUSG00000024987 0.09948477          random              6  std logFC = 0.099
[1] 415
Running 1vALL Testing for up-regulated genes
2024-09-08 02:13:32.477239 - Find markers for: random
2024-09-08 02:13:40.854204 - Find markers for: other
2024-09-08 02:13:49.48132 - Building Table
** Done! **

                                 gene        logFC log.p.value   log.FDR
ENSMUSG00000037974 ENSMUSG00000037974 0.0004242718   -13.97576 -4.260168
ENSMUSG00000050304 ENSMUSG00000050304 0.0031745159   -12.92303 -3.900587
ENSMUSG00000011486 ENSMUSG00000011486 0.0048654168   -12.07041 -3.599114
ENSMUSG00000002057 ENSMUSG00000002057 0.0012486256   -11.92841 -3.599114
ENSMUSG00000036211 ENSMUSG00000036211 0.0010937527   -10.86301 -2.756861
ENSMUSG00000025229 ENSMUSG00000025229 0.0023489017   -10.03894 -2.115110
                    std.logFC cellType.target std.logFC.rank     std.logFC.anno
ENSMUSG00000037974 0.11897140          random              1  std logFC = 0.119
ENSMUSG00000050304 0.11360091          random              2  std logFC = 0.114
ENSMUSG00000011486 0.10907373          random              3  std logFC = 0.109
ENSMUSG00000002057 0.10830295          random              4  std logFC = 0.108
ENSMUSG00000036211 0.10235195          random              5  std logFC = 0.102
ENSMUSG00000025229 0.09752467          random              6  std logFC = 0.098
[1] 416
Running 1vALL Testing for up-regulated genes
2024-09-08 02:13:49.682658 - Find markers for: other
2024-09-08 02:13:58.18745 - Find markers for: random
2024-09-08 02:14:06.709762 - Building Table
** Done! **

                                 gene        logFC log.p.value   log.FDR
ENSMUSG00000042638 ENSMUSG00000042638 0.0048811434  -12.301850 -2.586260
ENSMUSG00000074121 ENSMUSG00000074121 0.0023412782  -10.805028 -2.138644
ENSMUSG00000073967 ENSMUSG00000073967 0.0009498158  -10.675455 -2.138644
ENSMUSG00000046908 ENSMUSG00000046908 0.0021598469  -10.310300 -2.138644
ENSMUSG00000020081 ENSMUSG00000020081 0.0018377530  -10.244797 -2.138644
ENSMUSG00000072754 ENSMUSG00000072754 0.0014029476   -9.950943 -2.027112
                    std.logFC cellType.target std.logFC.rank     std.logFC.anno
ENSMUSG00000042638 0.11022931          random              1   std logFC = 0.11
ENSMUSG00000074121 0.10193568          random              2  std logFC = 0.102
ENSMUSG00000073967 0.10118879          random              3  std logFC = 0.101
ENSMUSG00000046908 0.09905663          random              4  std logFC = 0.099
ENSMUSG00000020081 0.09866976          random              5  std logFC = 0.099
ENSMUSG00000072754 0.09691718          random              6  std logFC = 0.097
[1] 417
Running 1vALL Testing for up-regulated genes
2024-09-08 02:14:06.912696 - Find markers for: random
2024-09-08 02:14:15.403257 - Find markers for: other
2024-09-08 02:14:23.986457 - Building Table
** Done! **

                                 gene        logFC log.p.value   log.FDR
ENSMUSG00000028996 ENSMUSG00000028996 0.0066363255   -13.95515 -4.621554
ENSMUSG00000048626 ENSMUSG00000048626 0.0016688303   -13.64400 -4.621554
ENSMUSG00000006216 ENSMUSG00000006216 0.0012574135   -12.58478 -4.094556
ENSMUSG00000028332 ENSMUSG00000028332 0.0032035657   -12.42385 -4.094556
ENSMUSG00000049530 ENSMUSG00000049530 0.0009633963   -11.43642 -3.388805
ENSMUSG00000025519 ENSMUSG00000025519 0.0009938819   -11.04133 -3.388805
                   std.logFC cellType.target std.logFC.rank     std.logFC.anno
ENSMUSG00000028996 0.1187445          random              1  std logFC = 0.119
ENSMUSG00000048626 0.1171812          random              2  std logFC = 0.117
ENSMUSG00000006216 0.1117085          random              3  std logFC = 0.112
ENSMUSG00000028332 0.1108553          random              4  std logFC = 0.111
ENSMUSG00000049530 0.1054827          random              5  std logFC = 0.105
ENSMUSG00000025519 0.1032620          random              6  std logFC = 0.103
[1] 418
Running 1vALL Testing for up-regulated genes
2024-09-08 02:14:24.193522 - Find markers for: other
2024-09-08 02:14:32.549959 - Find markers for: random
2024-09-08 02:14:40.963055 - Building Table
** Done! **

                                 gene        logFC log.p.value   log.FDR
ENSMUSG00000015787 ENSMUSG00000015787 0.0014834658   -13.90978 -4.194194
ENSMUSG00000078651 ENSMUSG00000078651 0.0132088247   -12.02038 -3.072499
ENSMUSG00000031070 ENSMUSG00000031070 0.0010483079   -11.68948 -3.072499
ENSMUSG00000076866 ENSMUSG00000076866 0.0006196239   -11.05827 -2.756516
ENSMUSG00000075272 ENSMUSG00000075272 0.0010351283   -10.72538 -2.756516
ENSMUSG00000025991 ENSMUSG00000025991 0.0012900460   -10.55894 -2.756516
                   std.logFC cellType.target std.logFC.rank     std.logFC.anno
ENSMUSG00000015787 0.1184264          random              1  std logFC = 0.118
ENSMUSG00000078651 0.1086056          random              2  std logFC = 0.109
ENSMUSG00000031070 0.1068007          random              3  std logFC = 0.107
ENSMUSG00000076866 0.1032783          random              4  std logFC = 0.103
ENSMUSG00000075272 0.1013761          random              5  std logFC = 0.101
ENSMUSG00000025991 0.1004128          random              6    std logFC = 0.1
[1] 419
Running 1vALL Testing for up-regulated genes
2024-09-08 02:14:41.178056 - Find markers for: other
2024-09-08 02:14:49.861333 - Find markers for: random
2024-09-08 02:14:58.66551 - Building Table
** Done! **

                                 gene       logFC log.p.value   log.FDR
ENSMUSG00000047281 ENSMUSG00000047281 0.005716827  -13.674928 -3.959337
ENSMUSG00000070529 ENSMUSG00000070529 0.004204981  -12.500888 -3.478445
ENSMUSG00000026829 ENSMUSG00000026829 0.005586416  -11.679573 -3.062595
ENSMUSG00000016194 ENSMUSG00000016194 0.023938620  -10.465113 -2.259829
ENSMUSG00000082101 ENSMUSG00000082101 0.000633924  -10.365981 -2.259829
ENSMUSG00000042451 ENSMUSG00000042451 0.003969130   -9.956913 -2.033082
                    std.logFC cellType.target std.logFC.rank     std.logFC.anno
ENSMUSG00000047281 0.11717943          random              1  std logFC = 0.117
ENSMUSG00000070529 0.11111464          random              2  std logFC = 0.111
ENSMUSG00000026829 0.10668472          random              3  std logFC = 0.107
ENSMUSG00000016194 0.09980849          random              4    std logFC = 0.1
ENSMUSG00000082101 0.09922822          random              5  std logFC = 0.099
ENSMUSG00000042451 0.09680070          random              6  std logFC = 0.097
[1] 420
Running 1vALL Testing for up-regulated genes
2024-09-08 02:14:58.875799 - Find markers for: other
2024-09-08 02:15:07.14536 - Find markers for: random
2024-09-08 02:15:16.522886 - Building Table
** Done! **

                                 gene        logFC log.p.value   log.FDR
ENSMUSG00000029697 ENSMUSG00000029697 0.0052769409   -14.09394 -4.674829
ENSMUSG00000027528 ENSMUSG00000027528 0.0007625679   -13.69727 -4.674829
ENSMUSG00000052417 ENSMUSG00000052417 0.0011531868   -13.18934 -4.572366
ENSMUSG00000041681 ENSMUSG00000041681 0.0010452941   -12.21552 -4.063418
ENSMUSG00000094584 ENSMUSG00000094584 0.0013907283   -12.16957 -4.063418
ENSMUSG00000068227 ENSMUSG00000068227 0.0022507083   -11.67358 -3.749747
                   std.logFC cellType.target std.logFC.rank     std.logFC.anno
ENSMUSG00000029697 0.1193650          random              1  std logFC = 0.119
ENSMUSG00000027528 0.1173806          random              2  std logFC = 0.117
ENSMUSG00000052417 0.1147934          random              3  std logFC = 0.115
ENSMUSG00000041681 0.1096767          random              4   std logFC = 0.11
ENSMUSG00000094584 0.1094299          random              5  std logFC = 0.109
ENSMUSG00000068227 0.1067323          random              6  std logFC = 0.107
[1] 421
Running 1vALL Testing for up-regulated genes
2024-09-08 02:15:16.765072 - Find markers for: other
2024-09-08 02:15:25.761659 - Find markers for: random
2024-09-08 02:15:34.356496 - Building Table
** Done! **

                                 gene        logFC log.p.value   log.FDR
ENSMUSG00000004359 ENSMUSG00000004359 0.0016867533   -19.50103 -9.785440
ENSMUSG00000063116 ENSMUSG00000063116 0.0009006291   -13.68372 -4.661281
ENSMUSG00000023433 ENSMUSG00000023433 0.0009602577   -13.05849 -4.441509
ENSMUSG00000024233 ENSMUSG00000024233 0.0007188645   -12.17852 -3.989778
ENSMUSG00000000318 ENSMUSG00000000318 0.0030446678   -12.09593 -3.989778
ENSMUSG00000032948 ENSMUSG00000032948 0.0008473913   -11.35107 -3.427237
                   std.logFC cellType.target std.logFC.rank     std.logFC.anno
ENSMUSG00000004359 0.1439466          random              1  std logFC = 0.144
ENSMUSG00000063116 0.1173744          random              2  std logFC = 0.117
ENSMUSG00000023433 0.1141786          random              3  std logFC = 0.114
ENSMUSG00000024233 0.1095361          random              4   std logFC = 0.11
ENSMUSG00000000318 0.1090910          random              5  std logFC = 0.109
ENSMUSG00000032948 0.1049999          random              6  std logFC = 0.105
[1] 422
Running 1vALL Testing for up-regulated genes
2024-09-08 02:15:34.576509 - Find markers for: other
2024-09-08 02:15:43.279151 - Find markers for: random
2024-09-08 02:15:52.027919 - Building Table
** Done! **

                                 gene       logFC log.p.value    log.FDR
ENSMUSG00000038167 ENSMUSG00000038167 0.004739559   -20.25788 -10.542292
ENSMUSG00000085584 ENSMUSG00000085584 0.002260049   -15.55673  -6.534286
ENSMUSG00000070645 ENSMUSG00000070645 0.001072441   -11.55168  -3.074046
ENSMUSG00000055385 ENSMUSG00000055385 0.001753374   -11.20850  -3.074046
ENSMUSG00000056380 ENSMUSG00000056380 0.004852154   -11.18020  -3.074046
ENSMUSG00000004359 ENSMUSG00000004359 0.001197134   -10.86115  -3.048154
                   std.logFC cellType.target std.logFC.rank     std.logFC.anno
ENSMUSG00000038167 0.1469209          random              1  std logFC = 0.147
ENSMUSG00000085584 0.1263705          random              2  std logFC = 0.126
ENSMUSG00000070645 0.1060076          random              3  std logFC = 0.106
ENSMUSG00000055385 0.1040939          random              4  std logFC = 0.104
ENSMUSG00000056380 0.1039347          random              5  std logFC = 0.104
ENSMUSG00000004359 0.1021239          random              6  std logFC = 0.102
[1] 423
Running 1vALL Testing for up-regulated genes
2024-09-08 02:15:52.271156 - Find markers for: other
2024-09-08 02:16:00.725581 - Find markers for: random
2024-09-08 02:16:09.067818 - Building Table
** Done! **

                                 gene        logFC log.p.value   log.FDR
ENSMUSG00000022659 ENSMUSG00000022659 0.0010520366   -18.28906 -8.573472
ENSMUSG00000031757 ENSMUSG00000031757 0.0008278111   -10.66728 -2.178931
ENSMUSG00000029322 ENSMUSG00000029322 0.0053824565   -10.23965 -2.178931
ENSMUSG00000057729 ENSMUSG00000057729 0.0167111309   -10.23267 -2.178931
ENSMUSG00000067455 ENSMUSG00000067455 0.0065269496   -10.12802 -2.178931
ENSMUSG00000089942 ENSMUSG00000089942 0.0020350723   -10.10276 -2.178931
                    std.logFC cellType.target std.logFC.rank     std.logFC.anno
ENSMUSG00000022659 0.13856440          random              1  std logFC = 0.139
ENSMUSG00000031757 0.10093681          random              2  std logFC = 0.101
ENSMUSG00000029322 0.09843968          random              3  std logFC = 0.098
ENSMUSG00000057729 0.09839846          random              4  std logFC = 0.098
ENSMUSG00000067455 0.09777838          random              5  std logFC = 0.098
ENSMUSG00000089942 0.09762818          random              6  std logFC = 0.098
[1] 424
Running 1vALL Testing for up-regulated genes
2024-09-08 02:16:09.259386 - Find markers for: other
2024-09-08 02:16:18.000902 - Find markers for: random
2024-09-08 02:16:26.891968 - Building Table
** Done! **

                                 gene        logFC log.p.value   log.FDR
ENSMUSG00000048583 ENSMUSG00000048583 0.0171554189  -16.716212 -7.000622
ENSMUSG00000037202 ENSMUSG00000037202 0.0016783178  -14.126795 -5.104351
ENSMUSG00000064006 ENSMUSG00000064006 0.0007710513  -12.903091 -4.286113
ENSMUSG00000020330 ENSMUSG00000020330 0.0124944890  -10.622526 -2.293230
ENSMUSG00000020916 ENSMUSG00000020916 0.0012012110  -10.372048 -2.265895
ENSMUSG00000005883 ENSMUSG00000005883 0.0051216937   -9.645822 -1.863626
                    std.logFC cellType.target std.logFC.rank     std.logFC.anno
ENSMUSG00000048583 0.13161748          random              1  std logFC = 0.132
ENSMUSG00000037202 0.11937762          random              2  std logFC = 0.119
ENSMUSG00000064006 0.11316891          random              3  std logFC = 0.113
ENSMUSG00000020330 0.10067295          random              4  std logFC = 0.101
ENSMUSG00000020916 0.09921380          random              5  std logFC = 0.099
ENSMUSG00000005883 0.09486955          random              6  std logFC = 0.095
[1] 425
Running 1vALL Testing for up-regulated genes
2024-09-08 02:16:27.124115 - Find markers for: other
2024-09-08 02:16:36.512199 - Find markers for: random
2024-09-08 02:16:46.09749 - Building Table
** Done! **

                                 gene        logFC log.p.value   log.FDR
ENSMUSG00000021609 ENSMUSG00000021609 0.0024141799   -16.43589 -6.720296
ENSMUSG00000029680 ENSMUSG00000029680 0.0023873850   -13.46067 -4.563600
ENSMUSG00000059114 ENSMUSG00000059114 0.0020027277   -13.18058 -4.563600
ENSMUSG00000044286 ENSMUSG00000044286 0.0037867443   -12.18512 -3.861697
ENSMUSG00000097886 ENSMUSG00000097886 0.0016455258   -11.96785 -3.861697
ENSMUSG00000100916 ENSMUSG00000100916 0.0009540976   -11.78352 -3.859687
                   std.logFC cellType.target std.logFC.rank     std.logFC.anno
ENSMUSG00000021609 0.1302462          random              1   std logFC = 0.13
ENSMUSG00000029680 0.1159486          random              2  std logFC = 0.116
ENSMUSG00000059114 0.1145177          random              3  std logFC = 0.115
ENSMUSG00000044286 0.1092935          random              4  std logFC = 0.109
ENSMUSG00000097886 0.1081225          random              5  std logFC = 0.108
ENSMUSG00000100916 0.1071199          random              6  std logFC = 0.107
[1] 426
Running 1vALL Testing for up-regulated genes
2024-09-08 02:16:46.329531 - Find markers for: other
2024-09-08 02:16:55.014445 - Find markers for: random
2024-09-08 02:17:03.750086 - Building Table
** Done! **

                                 gene        logFC log.p.value   log.FDR
ENSMUSG00000023987 ENSMUSG00000023987 0.0014049755   -14.02589 -4.310302
ENSMUSG00000031430 ENSMUSG00000031430 0.0015250584   -11.67099 -2.648545
ENSMUSG00000009185 ENSMUSG00000009185 0.0007380965   -11.25650 -2.639525
ENSMUSG00000032717 ENSMUSG00000032717 0.0072197769   -10.95932 -2.630024
ENSMUSG00000024481 ENSMUSG00000024481 0.0051142930   -10.61103 -2.591199
ENSMUSG00000051517 ENSMUSG00000051517 0.0047987565   -10.51503 -2.591199
                   std.logFC cellType.target std.logFC.rank     std.logFC.anno
ENSMUSG00000023987 0.1190033          random              1  std logFC = 0.119
ENSMUSG00000031430 0.1066970          random              2  std logFC = 0.107
ENSMUSG00000009185 0.1043942          random              3  std logFC = 0.104
ENSMUSG00000032717 0.1027143          random              4  std logFC = 0.103
ENSMUSG00000024481 0.1007133          random              5  std logFC = 0.101
ENSMUSG00000051517 0.1001554          random              6    std logFC = 0.1
[1] 427
Running 1vALL Testing for up-regulated genes
2024-09-08 02:17:03.950008 - Find markers for: random
2024-09-08 02:17:12.782174 - Find markers for: other
2024-09-08 02:17:21.02547 - Building Table
** Done! **

                                 gene        logFC log.p.value   log.FDR
ENSMUSG00000052316 ENSMUSG00000052316 0.0027102353   -15.65200 -5.936413
ENSMUSG00000020781 ENSMUSG00000020781 0.0186707677   -14.64476 -5.622321
ENSMUSG00000047286 ENSMUSG00000047286 0.0004415593   -13.81222 -5.195244
ENSMUSG00000066108 ENSMUSG00000066108 0.0038013035   -12.27966 -3.950363
ENSMUSG00000032271 ENSMUSG00000032271 0.0057254167   -11.43629 -3.330142
ENSMUSG00000052684 ENSMUSG00000052684 0.0366601982   -10.98962 -3.065789
                   std.logFC cellType.target std.logFC.rank     std.logFC.anno
ENSMUSG00000052316 0.1267232          random              1  std logFC = 0.127
ENSMUSG00000020781 0.1219199          random              2  std logFC = 0.122
ENSMUSG00000047286 0.1178129          random              3  std logFC = 0.118
ENSMUSG00000066108 0.1098843          random              4   std logFC = 0.11
ENSMUSG00000032271 0.1052891          random              5  std logFC = 0.105
ENSMUSG00000052684 0.1027797          random              6  std logFC = 0.103
[1] 428
Running 1vALL Testing for up-regulated genes
2024-09-08 02:17:21.23981 - Find markers for: other
2024-09-08 02:17:30.106982 - Find markers for: random
2024-09-08 02:17:39.160302 - Building Table
** Done! **

                                 gene        logFC log.p.value   log.FDR
ENSMUSG00000031957 ENSMUSG00000031957 0.0014598171   -16.73522 -7.019628
ENSMUSG00000048236 ENSMUSG00000048236 0.0009333623   -13.39279 -4.370345
ENSMUSG00000018634 ENSMUSG00000018634 0.0200898972   -11.95203 -3.510334
ENSMUSG00000057173 ENSMUSG00000057173 0.0080068734   -11.83963 -3.510334
ENSMUSG00000022414 ENSMUSG00000022414 0.0422974735   -11.34623 -3.320041
ENSMUSG00000029682 ENSMUSG00000029682 0.0004592294   -11.24387 -3.320041
                   std.logFC cellType.target std.logFC.rank     std.logFC.anno
ENSMUSG00000031957 0.1318021          random              1  std logFC = 0.132
ENSMUSG00000048236 0.1157771          random              2  std logFC = 0.116
ENSMUSG00000018634 0.1081992          random              3  std logFC = 0.108
ENSMUSG00000057173 0.1075875          random              4  std logFC = 0.108
ENSMUSG00000022414 0.1048639          random              5  std logFC = 0.105
ENSMUSG00000029682 0.1042908          random              6  std logFC = 0.104
[1] 429
Running 1vALL Testing for up-regulated genes
2024-09-08 02:17:39.386893 - Find markers for: random
2024-09-08 02:17:48.807095 - Find markers for: other
2024-09-08 02:17:57.689889 - Building Table
** Done! **

                                 gene        logFC log.p.value   log.FDR
ENSMUSG00000070979 ENSMUSG00000070979 0.0019668162  -13.807891 -4.092300
ENSMUSG00000009185 ENSMUSG00000009185 0.0007424144  -11.340988 -2.428642
ENSMUSG00000026309 ENSMUSG00000026309 0.0483004314  -10.801337 -2.428642
ENSMUSG00000059429 ENSMUSG00000059429 0.0022714607  -10.757939 -2.428642
ENSMUSG00000058925 ENSMUSG00000058925 0.0171222117   -9.677724 -1.860394
ENSMUSG00000047531 ENSMUSG00000047531 0.0014597765   -9.644411 -1.860394
                    std.logFC cellType.target std.logFC.rank     std.logFC.anno
ENSMUSG00000070979 0.11806901          random              1  std logFC = 0.118
ENSMUSG00000009185 0.10500533          random              2  std logFC = 0.105
ENSMUSG00000026309 0.10194503          random              3  std logFC = 0.102
ENSMUSG00000059429 0.10169530          random              4  std logFC = 0.102
ENSMUSG00000058925 0.09529033          random              5  std logFC = 0.095
ENSMUSG00000047531 0.09508667          random              6  std logFC = 0.095
[1] 430
Running 1vALL Testing for up-regulated genes
2024-09-08 02:17:57.921457 - Find markers for: other
2024-09-08 02:18:06.409023 - Find markers for: random
2024-09-08 02:18:14.993185 - Building Table
** Done! **

                                 gene        logFC log.p.value   log.FDR
ENSMUSG00000044222 ENSMUSG00000044222 0.0007973212  -11.778989 -2.194927
ENSMUSG00000029699 ENSMUSG00000029699 0.0158747923  -11.217370 -2.194927
ENSMUSG00000019842 ENSMUSG00000019842 0.0445467069  -10.365730 -1.970240
ENSMUSG00000029680 ENSMUSG00000029680 0.0020324167  -10.299537 -1.970240
ENSMUSG00000114456 ENSMUSG00000114456 0.0037162458   -9.947077 -1.840924
ENSMUSG00000031097 ENSMUSG00000031097 0.0022306696   -9.597115 -1.673284
                    std.logFC cellType.target std.logFC.rank     std.logFC.anno
ENSMUSG00000044222 0.10707537          random              1  std logFC = 0.107
ENSMUSG00000029699 0.10396638          random              2  std logFC = 0.104
ENSMUSG00000019842 0.09908383          random              3  std logFC = 0.099
ENSMUSG00000029680 0.09869521          random              4  std logFC = 0.099
ENSMUSG00000114456 0.09660231          random              5  std logFC = 0.097
ENSMUSG00000031097 0.09448320          random              6  std logFC = 0.094
[1] 431
Running 1vALL Testing for up-regulated genes
2024-09-08 02:18:15.229767 - Find markers for: other
2024-09-08 02:18:23.607634 - Find markers for: random
2024-09-08 02:18:32.067782 - Building Table
** Done! **

                                 gene       logFC log.p.value   log.FDR
ENSMUSG00000031450 ENSMUSG00000031450 0.002269415   -16.08488 -6.369286
ENSMUSG00000001082 ENSMUSG00000001082 0.022580254   -12.23098 -3.208536
ENSMUSG00000024885 ENSMUSG00000024885 0.013437665   -11.31903 -3.028779
ENSMUSG00000038527 ENSMUSG00000038527 0.005084013   -11.20867 -3.028779
ENSMUSG00000079007 ENSMUSG00000079007 0.002041927   -11.13493 -3.028779
ENSMUSG00000009588 ENSMUSG00000009588 0.001628900   -10.78372 -2.859885
                   std.logFC cellType.target std.logFC.rank     std.logFC.anno
ENSMUSG00000031450 0.1288021          random              1  std logFC = 0.129
ENSMUSG00000001082 0.1096801          random              2   std logFC = 0.11
ENSMUSG00000024885 0.1046892          random              3  std logFC = 0.105
ENSMUSG00000038527 0.1040705          random              4  std logFC = 0.104
ENSMUSG00000079007 0.1036552          random              5  std logFC = 0.104
ENSMUSG00000009588 0.1016561          random              6  std logFC = 0.102
[1] 432
Running 1vALL Testing for up-regulated genes
2024-09-08 02:18:32.277699 - Find markers for: other
2024-09-08 02:18:40.931671 - Find markers for: random
2024-09-08 02:18:49.531938 - Building Table
** Done! **

                                 gene        logFC log.p.value   log.FDR
ENSMUSG00000046886 ENSMUSG00000046886 0.0242507845  -11.510273 -2.818225
ENSMUSG00000110469 ENSMUSG00000110469 0.0009070316  -11.232320 -2.818225
ENSMUSG00000038567 ENSMUSG00000038567 0.0028105995  -11.123221 -2.818225
ENSMUSG00000060268 ENSMUSG00000060268 0.0218267615  -11.070943 -2.818225
ENSMUSG00000000340 ENSMUSG00000000340 0.0436086962  -10.924378 -2.818225
ENSMUSG00000064280 ENSMUSG00000064280 0.0465687528   -9.850183 -2.119404
                    std.logFC cellType.target std.logFC.rank     std.logFC.anno
ENSMUSG00000046886 0.10597101          random              1  std logFC = 0.106
ENSMUSG00000110469 0.10441756          random              2  std logFC = 0.104
ENSMUSG00000038567 0.10380205          random              3  std logFC = 0.104
ENSMUSG00000060268 0.10350593          random              4  std logFC = 0.104
ENSMUSG00000000340 0.10267161          random              5  std logFC = 0.103
ENSMUSG00000064280 0.09635877          random              6  std logFC = 0.096
[1] 433
Running 1vALL Testing for up-regulated genes
2024-09-08 02:18:49.739368 - Find markers for: random
2024-09-08 02:18:58.621452 - Find markers for: other
2024-09-08 02:19:07.176888 - Building Table
** Done! **

                                 gene       logFC log.p.value   log.FDR
ENSMUSG00000043008 ENSMUSG00000043008 0.011763181   -13.91472 -4.199131
ENSMUSG00000042254 ENSMUSG00000042254 0.006397068   -12.23779 -3.215346
ENSMUSG00000030981 ENSMUSG00000030981 0.004294991   -11.31941 -2.702429
ENSMUSG00000047281 ENSMUSG00000047281 0.005004473   -10.88362 -2.554324
ENSMUSG00000022878 ENSMUSG00000022878 0.001046370   -10.01920 -2.093867
ENSMUSG00000027670 ENSMUSG00000027670 0.002231653   -10.01770 -2.093867
                    std.logFC cellType.target std.logFC.rank     std.logFC.anno
ENSMUSG00000043008 0.11877685          random              1  std logFC = 0.119
ENSMUSG00000042254 0.11007853          random              2   std logFC = 0.11
ENSMUSG00000030981 0.10503669          random              3  std logFC = 0.105
ENSMUSG00000047281 0.10256561          random              4  std logFC = 0.103
ENSMUSG00000022878 0.09749722          random              5  std logFC = 0.097
ENSMUSG00000027670 0.09748824          random              6  std logFC = 0.097
[1] 434
Running 1vALL Testing for up-regulated genes
2024-09-08 02:19:07.39068 - Find markers for: other
2024-09-08 02:19:16.219336 - Find markers for: random
2024-09-08 02:19:24.811286 - Building Table
** Done! **

                                 gene        logFC log.p.value   log.FDR
ENSMUSG00000026251 ENSMUSG00000026251 0.0007969089  -13.822503 -4.106913
ENSMUSG00000062518 ENSMUSG00000062518 0.0006810407  -12.234638 -3.212194
ENSMUSG00000051860 ENSMUSG00000051860 0.0027110022  -10.523087 -1.906109
ENSMUSG00000031131 ENSMUSG00000031131 0.0019393045   -9.626471 -1.800281
ENSMUSG00000066149 ENSMUSG00000066149 0.0429558708   -9.580677 -1.800281
ENSMUSG00000037580 ENSMUSG00000037580 0.0110460434   -9.476743 -1.800281
                    std.logFC cellType.target std.logFC.rank     std.logFC.anno
ENSMUSG00000026251 0.11795155          random              1  std logFC = 0.118
ENSMUSG00000062518 0.10972455          random              2   std logFC = 0.11
ENSMUSG00000051860 0.10017205          random              3    std logFC = 0.1
ENSMUSG00000031131 0.09482337          random              4  std logFC = 0.095
ENSMUSG00000066149 0.09454292          random              5  std logFC = 0.095
ENSMUSG00000037580 0.09390365          random              6  std logFC = 0.094
[1] 435
Running 1vALL Testing for up-regulated genes
2024-09-08 02:19:25.009009 - Find markers for: other
2024-09-08 02:19:33.555972 - Find markers for: random
2024-09-08 02:19:42.152232 - Building Table
** Done! **

                                 gene       logFC log.p.value   log.FDR
ENSMUSG00000031779 ENSMUSG00000031779 0.002516858   -14.22175 -4.506160
ENSMUSG00000055385 ENSMUSG00000055385 0.001863833   -12.37161 -3.451807
ENSMUSG00000094649 ENSMUSG00000094649 0.001012264   -11.87767 -3.451807
ENSMUSG00000042256 ENSMUSG00000042256 0.085084286   -11.78110 -3.451807
ENSMUSG00000031394 ENSMUSG00000031394 0.006633653   -10.57162 -2.639315
ENSMUSG00000112230 ENSMUSG00000112230 0.001643379   -10.56315 -2.639315
                   std.logFC cellType.target std.logFC.rank     std.logFC.anno
ENSMUSG00000031779 0.1201561          random              1   std logFC = 0.12
ENSMUSG00000055385 0.1106572          random              2  std logFC = 0.111
ENSMUSG00000094649 0.1079920          random              3  std logFC = 0.108
ENSMUSG00000042256 0.1074639          random              4  std logFC = 0.107
ENSMUSG00000031394 0.1006369          random              5  std logFC = 0.101
ENSMUSG00000112230 0.1005876          random              6  std logFC = 0.101
[1] 436
Running 1vALL Testing for up-regulated genes
2024-09-08 02:19:42.371181 - Find markers for: other
2024-09-08 02:19:50.908423 - Find markers for: random
2024-09-08 02:19:59.336203 - Building Table
** Done! **

                                 gene        logFC log.p.value   log.FDR
ENSMUSG00000026785 ENSMUSG00000026785 0.0049265245  -18.700947 -8.985357
ENSMUSG00000091376 ENSMUSG00000091376 0.0005253956  -12.692119 -3.669676
ENSMUSG00000042345 ENSMUSG00000042345 0.0097774334  -11.275370 -2.795736
ENSMUSG00000046826 ENSMUSG00000046826 0.0037624900  -11.125032 -2.795736
ENSMUSG00000024826 ENSMUSG00000024826 0.0453509244   -9.843984 -1.925203
ENSMUSG00000038563 ENSMUSG00000038563 0.0436656808   -9.640097 -1.925203
                    std.logFC cellType.target std.logFC.rank     std.logFC.anno
ENSMUSG00000026785 0.14024468          random              1   std logFC = 0.14
ENSMUSG00000091376 0.11200534          random              2  std logFC = 0.112
ENSMUSG00000042345 0.10433216          random              3  std logFC = 0.104
ENSMUSG00000046826 0.10348757          random              4  std logFC = 0.103
ENSMUSG00000024826 0.09601996          random              5  std logFC = 0.096
ENSMUSG00000038563 0.09478282          random              6  std logFC = 0.095
[1] 437
Running 1vALL Testing for up-regulated genes
2024-09-08 02:19:59.531613 - Find markers for: other
2024-09-08 02:20:07.907912 - Find markers for: random
2024-09-08 02:20:16.351006 - Building Table
** Done! **

                                 gene        logFC log.p.value   log.FDR
ENSMUSG00000031738 ENSMUSG00000031738 0.0019110763  -13.006659 -3.291068
ENSMUSG00000027313 ENSMUSG00000027313 0.0067052648  -11.554020 -2.896140
ENSMUSG00000006587 ENSMUSG00000006587 0.0040889032  -11.200276 -2.896140
ENSMUSG00000039878 ENSMUSG00000039878 0.0029055244  -11.140255 -2.896140
ENSMUSG00000052593 ENSMUSG00000052593 0.0407793178  -11.002292 -2.896140
ENSMUSG00000039555 ENSMUSG00000039555 0.0005656101   -9.978181 -2.179692
                   std.logFC cellType.target std.logFC.rank     std.logFC.anno
ENSMUSG00000031738 0.1139097          random              1  std logFC = 0.114
ENSMUSG00000027313 0.1061286          random              2  std logFC = 0.106
ENSMUSG00000006587 0.1041537          random              3  std logFC = 0.104
ENSMUSG00000039878 0.1038152          random              4  std logFC = 0.104
ENSMUSG00000052593 0.1030334          random              5  std logFC = 0.103
ENSMUSG00000039555 0.0970526          random              6  std logFC = 0.097
[1] 438
Running 1vALL Testing for up-regulated genes
2024-09-08 02:20:16.542131 - Find markers for: other
2024-09-08 02:20:24.970825 - Find markers for: random
2024-09-08 02:20:33.291177 - Building Table
** Done! **

                                 gene        logFC log.p.value   log.FDR
ENSMUSG00000069441 ENSMUSG00000069441 0.0013858675  -12.494311 -2.778721
ENSMUSG00000030165 ENSMUSG00000030165 0.0024151834  -10.934301 -2.187725
ENSMUSG00000001670 ENSMUSG00000001670 0.0018788974  -10.804703 -2.187725
ENSMUSG00000048206 ENSMUSG00000048206 0.0040743199   -9.826394 -1.849165
ENSMUSG00000079722 ENSMUSG00000079722 0.0009658381   -9.741453 -1.849165
ENSMUSG00000053101 ENSMUSG00000053101 0.0067505819   -9.709111 -1.849165
                    std.logFC cellType.target std.logFC.rank     std.logFC.anno
ENSMUSG00000069441 0.11108981          random              1  std logFC = 0.111
ENSMUSG00000030165 0.10252381          random              2  std logFC = 0.103
ENSMUSG00000001670 0.10178278          random              3  std logFC = 0.102
ENSMUSG00000048206 0.09602323          random              4  std logFC = 0.096
ENSMUSG00000079722 0.09550847          random              5  std logFC = 0.096
ENSMUSG00000053101 0.09531182          random              6  std logFC = 0.095
[1] 439
Running 1vALL Testing for up-regulated genes
2024-09-08 02:20:33.496516 - Find markers for: other
2024-09-08 02:20:41.809865 - Find markers for: random
2024-09-08 02:20:50.252334 - Building Table
** Done! **

                                 gene       logFC log.p.value   log.FDR
ENSMUSG00000023057 ENSMUSG00000023057 0.002416123   -18.21439 -8.498795
ENSMUSG00000054005 ENSMUSG00000054005 0.001205505   -12.45285 -3.430403
ENSMUSG00000097886 ENSMUSG00000097886 0.001656590   -11.99102 -3.374041
ENSMUSG00000078810 ENSMUSG00000078810 0.001114815   -11.34306 -3.013765
ENSMUSG00000017588 ENSMUSG00000017588 0.003082772   -10.83593 -2.865544
ENSMUSG00000020689 ENSMUSG00000020689 0.008978803   -10.72770 -2.865544
                   std.logFC cellType.target std.logFC.rank     std.logFC.anno
ENSMUSG00000023057 0.1388990          random              1  std logFC = 0.139
ENSMUSG00000054005 0.1113361          random              2  std logFC = 0.111
ENSMUSG00000097886 0.1088496          random              3  std logFC = 0.109
ENSMUSG00000078810 0.1052707          random              4  std logFC = 0.105
ENSMUSG00000017588 0.1023905          random              5  std logFC = 0.102
ENSMUSG00000020689 0.1017663          random              6  std logFC = 0.102
[1] 440
Running 1vALL Testing for up-regulated genes
2024-09-08 02:20:50.467732 - Find markers for: other
2024-09-08 02:20:58.973822 - Find markers for: random
2024-09-08 02:21:07.568089 - Building Table
** Done! **

                                 gene       logFC log.p.value   log.FDR
ENSMUSG00000023176 ENSMUSG00000023176 0.000638782   -13.20305 -3.916677
ENSMUSG00000029134 ENSMUSG00000029134 0.004904305   -12.93912 -3.916677
ENSMUSG00000000730 ENSMUSG00000000730 0.001125752   -12.30630 -3.689319
ENSMUSG00000068614 ENSMUSG00000068614 0.001139513   -10.65253 -2.525603
ENSMUSG00000039771 ENSMUSG00000039771 0.034864183   -10.63176 -2.525603
ENSMUSG00000025479 ENSMUSG00000025479 0.003821446   -10.10073 -2.176899
                    std.logFC cellType.target std.logFC.rank     std.logFC.anno
ENSMUSG00000023176 0.11543698          random              1  std logFC = 0.115
ENSMUSG00000029134 0.11406515          random              2  std logFC = 0.114
ENSMUSG00000000730 0.11071248          random              3  std logFC = 0.111
ENSMUSG00000068614 0.10147719          random              4  std logFC = 0.101
ENSMUSG00000039771 0.10135632          random              5  std logFC = 0.101
ENSMUSG00000025479 0.09822161          random              6  std logFC = 0.098
[1] 441
Running 1vALL Testing for up-regulated genes
2024-09-08 02:21:07.792542 - Find markers for: other
2024-09-08 02:21:16.262744 - Find markers for: random
2024-09-08 02:21:24.791202 - Building Table
** Done! **

                                 gene       logFC log.p.value   log.FDR
ENSMUSG00000026068 ENSMUSG00000026068 0.001446491   -15.60398 -5.888391
ENSMUSG00000047641 ENSMUSG00000047641 0.001382433   -11.84243 -2.880779
ENSMUSG00000070867 ENSMUSG00000070867 0.020928545   -11.09490 -2.880779
ENSMUSG00000045291 ENSMUSG00000045291 0.001363440   -10.87372 -2.880779
ENSMUSG00000037390 ENSMUSG00000037390 0.000913912   -10.84645 -2.880779
ENSMUSG00000027107 ENSMUSG00000027107 0.002607832   -10.80461 -2.880779
                   std.logFC cellType.target std.logFC.rank     std.logFC.anno
ENSMUSG00000026068 0.1265904          random              1  std logFC = 0.127
ENSMUSG00000047641 0.1076028          random              2  std logFC = 0.108
ENSMUSG00000070867 0.1034516          random              3  std logFC = 0.103
ENSMUSG00000045291 0.1021940          random              4  std logFC = 0.102
ENSMUSG00000037390 0.1020380          random              5  std logFC = 0.102
ENSMUSG00000027107 0.1017981          random              6  std logFC = 0.102
[1] 442
Running 1vALL Testing for up-regulated genes
2024-09-08 02:21:24.980812 - Find markers for: other
2024-09-08 02:21:33.464337 - Find markers for: random
2024-09-08 02:21:42.013786 - Building Table
** Done! **

                                 gene        logFC log.p.value   log.FDR
ENSMUSG00000041293 ENSMUSG00000041293 0.0040367204   -12.40591 -2.690318
ENSMUSG00000071068 ENSMUSG00000071068 0.0020891161   -11.37739 -2.568551
ENSMUSG00000058715 ENSMUSG00000058715 0.0188542858   -10.78633 -2.568551
ENSMUSG00000008813 ENSMUSG00000008813 0.0009504074   -10.46942 -2.568551
ENSMUSG00000020838 ENSMUSG00000020838 0.0032818428   -10.36786 -2.568551
ENSMUSG00000059430 ENSMUSG00000059430 0.0048137135   -10.28410 -2.568551
                    std.logFC cellType.target std.logFC.rank     std.logFC.anno
ENSMUSG00000041293 0.11075984          random              1  std logFC = 0.111
ENSMUSG00000071068 0.10515362          random              2  std logFC = 0.105
ENSMUSG00000058715 0.10180527          random              3  std logFC = 0.102
ENSMUSG00000008813 0.09996829          random              4    std logFC = 0.1
ENSMUSG00000020838 0.09937307          random              5  std logFC = 0.099
ENSMUSG00000059430 0.09887978          random              6  std logFC = 0.099
[1] 443
Running 1vALL Testing for up-regulated genes
2024-09-08 02:21:42.235782 - Find markers for: other
2024-09-08 02:21:51.104207 - Find markers for: random
2024-09-08 02:21:59.69852 - Building Table
** Done! **

                                 gene       logFC log.p.value   log.FDR
ENSMUSG00000047751 ENSMUSG00000047751 0.002206648   -15.94107 -6.225479
ENSMUSG00000020169 ENSMUSG00000020169 0.010146102   -12.83410 -3.816870
ENSMUSG00000004263 ENSMUSG00000004263 0.048876871   -12.43385 -3.816870
ENSMUSG00000059639 ENSMUSG00000059639 0.001688713   -11.33771 -3.008415
ENSMUSG00000039342 ENSMUSG00000039342 0.006560104   -10.50212 -2.580812
ENSMUSG00000042372 ENSMUSG00000042372 0.004917758   -10.48411 -2.580812
                   std.logFC cellType.target std.logFC.rank     std.logFC.anno
ENSMUSG00000047751 0.1286333          random              1  std logFC = 0.129
ENSMUSG00000020169 0.1133075          random              2  std logFC = 0.113
ENSMUSG00000004263 0.1111920          random              3  std logFC = 0.111
ENSMUSG00000059639 0.1052001          random              4  std logFC = 0.105
ENSMUSG00000039342 0.1004152          random              5    std logFC = 0.1
ENSMUSG00000042372 0.1003098          random              6    std logFC = 0.1
[1] 444
Running 1vALL Testing for up-regulated genes
2024-09-08 02:21:59.91592 - Find markers for: other
2024-09-08 02:22:08.483493 - Find markers for: random
2024-09-08 02:22:16.95374 - Building Table
** Done! **

                                 gene       logFC log.p.value   log.FDR
ENSMUSG00000030830 ENSMUSG00000030830 0.004752643  -11.208100 -2.071879
ENSMUSG00000035799 ENSMUSG00000035799 0.003311556  -10.754046 -2.071879
ENSMUSG00000034785 ENSMUSG00000034785 0.000700072  -10.480533 -2.071879
ENSMUSG00000073421 ENSMUSG00000073421 0.006576455  -10.069422 -2.071879
ENSMUSG00000040269 ENSMUSG00000040269 0.044846054  -10.056102 -2.071879
ENSMUSG00000020908 ENSMUSG00000020908 0.005586268   -9.983433 -2.071879
                    std.logFC cellType.target std.logFC.rank     std.logFC.anno
ENSMUSG00000030830 0.10434925          random              1  std logFC = 0.104
ENSMUSG00000035799 0.10176059          random              2  std logFC = 0.102
ENSMUSG00000034785 0.10017208          random              3    std logFC = 0.1
ENSMUSG00000073421 0.09774073          random              4  std logFC = 0.098
ENSMUSG00000040269 0.09766105          random              5  std logFC = 0.098
ENSMUSG00000020908 0.09722528          random              6  std logFC = 0.097
[1] 445
Running 1vALL Testing for up-regulated genes
2024-09-08 02:22:17.166054 - Find markers for: other
2024-09-08 02:22:25.641411 - Find markers for: random
2024-09-08 02:22:33.946681 - Building Table
** Done! **

                                 gene        logFC log.p.value   log.FDR
ENSMUSG00000028738 ENSMUSG00000028738 0.0008059426   -13.46062 -4.432772
ENSMUSG00000058669 ENSMUSG00000058669 0.0045828495   -13.15780 -4.432772
ENSMUSG00000006269 ENSMUSG00000006269 0.0061859647   -12.76590 -4.432772
ENSMUSG00000078439 ENSMUSG00000078439 0.0068957401   -12.76207 -4.432772
ENSMUSG00000023122 ENSMUSG00000023122 0.0024573876   -12.24791 -4.214245
ENSMUSG00000006777 ENSMUSG00000006777 0.0013765038   -12.12455 -4.214245
                   std.logFC cellType.target std.logFC.rank     std.logFC.anno
ENSMUSG00000028738 0.1165476          random              1  std logFC = 0.117
ENSMUSG00000058669 0.1149919          random              2  std logFC = 0.115
ENSMUSG00000006269 0.1129493          random              3  std logFC = 0.113
ENSMUSG00000078439 0.1129291          random              4  std logFC = 0.113
ENSMUSG00000023122 0.1101963          random              5   std logFC = 0.11
ENSMUSG00000006777 0.1095313          random              6   std logFC = 0.11
[1] 446
Running 1vALL Testing for up-regulated genes
2024-09-08 02:22:34.165735 - Find markers for: other
2024-09-08 02:22:42.61397 - Find markers for: random
2024-09-08 02:22:51.475802 - Building Table
** Done! **

                                 gene       logFC log.p.value   log.FDR
ENSMUSG00000026480 ENSMUSG00000026480 0.020817594   -14.55574 -5.789729
ENSMUSG00000044468 ENSMUSG00000044468 0.012252394   -14.48512 -5.789729
ENSMUSG00000015854 ENSMUSG00000015854 0.001078790   -14.40671 -5.789729
ENSMUSG00000028255 ENSMUSG00000028255 0.001183660   -12.88679 -4.557491
ENSMUSG00000079442 ENSMUSG00000079442 0.026450676   -11.89585 -3.789697
ENSMUSG00000042118 ENSMUSG00000042118 0.003796324   -11.53950 -3.615668
                   std.logFC cellType.target std.logFC.rank     std.logFC.anno
ENSMUSG00000026480 0.1222104          random              1  std logFC = 0.122
ENSMUSG00000044468 0.1218638          random              2  std logFC = 0.122
ENSMUSG00000015854 0.1214779          random              3  std logFC = 0.121
ENSMUSG00000028255 0.1137598          random              4  std logFC = 0.114
ENSMUSG00000079442 0.1084573          random              5  std logFC = 0.108
ENSMUSG00000042118 0.1064916          random              6  std logFC = 0.106
[1] 447
Running 1vALL Testing for up-regulated genes
2024-09-08 02:22:51.658859 - Find markers for: other
2024-09-08 02:23:00.030631 - Find markers for: random
2024-09-08 02:23:08.567043 - Building Table
** Done! **

                                 gene        logFC log.p.value   log.FDR
ENSMUSG00000035638 ENSMUSG00000035638 0.0017267551   -14.44522 -5.582575
ENSMUSG00000055197 ENSMUSG00000055197 0.0008783390   -13.80905 -5.582575
ENSMUSG00000089960 ENSMUSG00000089960 0.0009197267   -13.77084 -5.582575
ENSMUSG00000038064 ENSMUSG00000038064 0.0034202955   -13.72402 -5.582575
ENSMUSG00000027528 ENSMUSG00000027528 0.0007615244   -13.68873 -5.582575
ENSMUSG00000031738 ENSMUSG00000031738 0.0017408996   -11.15826 -3.234431
                   std.logFC cellType.target std.logFC.rank     std.logFC.anno
ENSMUSG00000035638 0.1209758          random              1  std logFC = 0.121
ENSMUSG00000055197 0.1178247          random              2  std logFC = 0.118
ENSMUSG00000089960 0.1176330          random              3  std logFC = 0.118
ENSMUSG00000038064 0.1173976          random              4  std logFC = 0.117
ENSMUSG00000027528 0.1172199          random              5  std logFC = 0.117
ENSMUSG00000031738 0.1037580          random              6  std logFC = 0.104
[1] 448
Running 1vALL Testing for up-regulated genes
2024-09-08 02:23:08.76302 - Find markers for: other
2024-09-08 02:23:17.228389 - Find markers for: random
2024-09-08 02:23:25.921201 - Building Table
** Done! **

                                 gene        logFC log.p.value   log.FDR
ENSMUSG00000013353 ENSMUSG00000013353 0.0012595425   -14.03015 -4.314564
ENSMUSG00000069998 ENSMUSG00000069998 0.0009611908   -13.15477 -4.132322
ENSMUSG00000110091 ENSMUSG00000110091 0.0005160789   -12.61914 -4.002164
ENSMUSG00000079258 ENSMUSG00000079258 0.0016552554   -11.89337 -3.564073
ENSMUSG00000036503 ENSMUSG00000036503 0.0797473659   -11.49040 -3.384249
ENSMUSG00000047025 ENSMUSG00000047025 0.0029371447   -10.25845 -2.775364
                    std.logFC cellType.target std.logFC.rank     std.logFC.anno
ENSMUSG00000013353 0.11923952          random              1  std logFC = 0.119
ENSMUSG00000069998 0.11479979          random              2  std logFC = 0.115
ENSMUSG00000110091 0.11200349          random              3  std logFC = 0.112
ENSMUSG00000079258 0.10810897          random              4  std logFC = 0.108
ENSMUSG00000036503 0.10589027          random              5  std logFC = 0.106
ENSMUSG00000047025 0.09882854          random              6  std logFC = 0.099
[1] 449
Running 1vALL Testing for up-regulated genes
2024-09-08 02:23:26.130141 - Find markers for: other
2024-09-08 02:23:34.602978 - Find markers for: random
2024-09-08 02:23:43.052692 - Building Table
** Done! **

                                 gene        logFC log.p.value  log.FDR
ENSMUSG00000009293 ENSMUSG00000009293 0.0330310001   -11.65874 -2.63726
ENSMUSG00000036110 ENSMUSG00000036110 0.0009527155   -11.15577 -2.63726
ENSMUSG00000030945 ENSMUSG00000030945 0.0009953726   -10.96479 -2.63726
ENSMUSG00000022249 ENSMUSG00000022249 0.0049882723   -10.82359 -2.63726
ENSMUSG00000025497 ENSMUSG00000025497 0.0011614353   -10.71905 -2.63726
ENSMUSG00000026354 ENSMUSG00000026354 0.0044721880   -10.43877 -2.63726
                    std.logFC cellType.target std.logFC.rank     std.logFC.anno
ENSMUSG00000009293 0.10676381          random              1  std logFC = 0.107
ENSMUSG00000036110 0.10395821          random              2  std logFC = 0.104
ENSMUSG00000030945 0.10287475          random              3  std logFC = 0.103
ENSMUSG00000022249 0.10206702          random              4  std logFC = 0.102
ENSMUSG00000025497 0.10146524          random              5  std logFC = 0.101
ENSMUSG00000026354 0.09983568          random              6    std logFC = 0.1
[1] 450
Running 1vALL Testing for up-regulated genes
2024-09-08 02:23:43.251532 - Find markers for: other
2024-09-08 02:23:51.842835 - Find markers for: random
2024-09-08 02:24:00.223638 - Building Table
** Done! **

                                 gene       logFC log.p.value   log.FDR
ENSMUSG00000072419 ENSMUSG00000072419 0.003379759  -17.559570 -7.843979
ENSMUSG00000070464 ENSMUSG00000070464 0.001321425  -16.142671 -7.120227
ENSMUSG00000029368 ENSMUSG00000029368 0.002460297  -12.503436 -4.136350
ENSMUSG00000026691 ENSMUSG00000026691 0.001337374  -12.465646 -4.136350
ENSMUSG00000074300 ENSMUSG00000074300 0.003238754  -11.468047 -3.361894
ENSMUSG00000026931 ENSMUSG00000026931 0.002090841   -9.501615 -1.577784
                    std.logFC cellType.target std.logFC.rank     std.logFC.anno
ENSMUSG00000072419 0.13524754          random              1  std logFC = 0.135
ENSMUSG00000070464 0.12887356          random              2  std logFC = 0.129
ENSMUSG00000029368 0.11096331          random              3  std logFC = 0.111
ENSMUSG00000026691 0.11076336          random              4  std logFC = 0.111
ENSMUSG00000074300 0.10535987          random              5  std logFC = 0.105
ENSMUSG00000026931 0.09389348          random              6  std logFC = 0.094
[1] 451
Running 1vALL Testing for up-regulated genes
2024-09-08 02:24:00.417793 - Find markers for: other
2024-09-08 02:24:09.160422 - Find markers for: random
2024-09-08 02:24:17.666342 - Building Table
** Done! **

                                 gene        logFC log.p.value   log.FDR
ENSMUSG00000044244 ENSMUSG00000044244 0.0099245483  -13.494329 -3.778739
ENSMUSG00000002240 ENSMUSG00000002240 0.0021415596  -10.993005 -2.327371
ENSMUSG00000024670 ENSMUSG00000024670 0.0049441823  -10.693648 -2.327371
ENSMUSG00000034994 ENSMUSG00000034994 0.0579522362  -10.523293 -2.327371
ENSMUSG00000037390 ENSMUSG00000037390 0.0008920763  -10.433523 -2.327371
ENSMUSG00000039209 ENSMUSG00000039209 0.0009092298   -9.544811 -1.620980
                    std.logFC cellType.target std.logFC.rank     std.logFC.anno
ENSMUSG00000044244 0.11623554          random              1  std logFC = 0.116
ENSMUSG00000002240 0.10282212          random              2  std logFC = 0.103
ENSMUSG00000024670 0.10110871          random              3  std logFC = 0.101
ENSMUSG00000034994 0.10012183          random              4    std logFC = 0.1
ENSMUSG00000037390 0.09959825          random              5    std logFC = 0.1
ENSMUSG00000039209 0.09427435          random              6  std logFC = 0.094
[1] 452
Running 1vALL Testing for up-regulated genes
2024-09-08 02:24:17.881966 - Find markers for: other
2024-09-08 02:24:26.489866 - Find markers for: random
2024-09-08 02:24:34.993524 - Building Table
** Done! **

                                 gene        logFC log.p.value   log.FDR
ENSMUSG00000038300 ENSMUSG00000038300 0.0008264236   -13.51868 -4.293775
ENSMUSG00000050158 ENSMUSG00000050158 0.0008829012   -12.96188 -4.293775
ENSMUSG00000056822 ENSMUSG00000056822 0.0008941538   -12.91075 -4.293775
ENSMUSG00000063354 ENSMUSG00000063354 0.0075337307   -11.66338 -3.398366
ENSMUSG00000038167 ENSMUSG00000038167 0.0034056159   -11.50452 -3.398366
ENSMUSG00000089704 ENSMUSG00000089704 0.0455055237   -10.07208 -2.295839
                    std.logFC cellType.target std.logFC.rank     std.logFC.anno
ENSMUSG00000038300 0.11618082          random              1  std logFC = 0.116
ENSMUSG00000050158 0.11332837          random              2  std logFC = 0.113
ENSMUSG00000056822 0.11306313          random              3  std logFC = 0.113
ENSMUSG00000063354 0.10640491          random              4  std logFC = 0.106
ENSMUSG00000038167 0.10552945          random              5  std logFC = 0.106
ENSMUSG00000089704 0.09731515          random              6  std logFC = 0.097
[1] 453
Running 1vALL Testing for up-regulated genes
2024-09-08 02:24:35.20155 - Find markers for: other
2024-09-08 02:24:43.916893 - Find markers for: random
2024-09-08 02:24:52.354291 - Building Table
** Done! **

                                 gene        logFC log.p.value   log.FDR
ENSMUSG00000050087 ENSMUSG00000050087 0.0057466524  -11.085515 -2.295196
ENSMUSG00000022906 ENSMUSG00000022906 0.0211712133  -10.449599 -2.295196
ENSMUSG00000040478 ENSMUSG00000040478 0.0007119648  -10.326232 -2.295196
ENSMUSG00000039492 ENSMUSG00000039492 0.0082141926  -10.265336 -2.295196
ENSMUSG00000032268 ENSMUSG00000032268 0.0125957223  -10.197641 -2.295196
ENSMUSG00000039013 ENSMUSG00000039013 0.0011624144   -9.954293 -2.295196
                    std.logFC cellType.target std.logFC.rank     std.logFC.anno
ENSMUSG00000050087 0.10343222          random              1  std logFC = 0.103
ENSMUSG00000022906 0.09977498          random              2    std logFC = 0.1
ENSMUSG00000040478 0.09905138          random              3  std logFC = 0.099
ENSMUSG00000039492 0.09869243          random              4  std logFC = 0.099
ENSMUSG00000032268 0.09829203          random              5  std logFC = 0.098
ENSMUSG00000039013 0.09684039          random              6  std logFC = 0.097
[1] 454
Running 1vALL Testing for up-regulated genes
2024-09-08 02:24:52.556788 - Find markers for: other
2024-09-08 02:25:00.990156 - Find markers for: random
2024-09-08 02:25:09.559952 - Building Table
** Done! **

                                 gene       logFC log.p.value   log.FDR
ENSMUSG00000031657 ENSMUSG00000031657 0.046273206  -10.020543 -1.676271
ENSMUSG00000030200 ENSMUSG00000030200 0.001998584   -9.362749 -1.676271
ENSMUSG00000038188 ENSMUSG00000038188 0.009721795   -9.290347 -1.676271
ENSMUSG00000022243 ENSMUSG00000022243 0.002408045   -9.284186 -1.676271
ENSMUSG00000041202 ENSMUSG00000041202 0.002128773   -9.220158 -1.676271
ENSMUSG00000064177 ENSMUSG00000064177 0.007030772   -8.776333 -1.676271
                    std.logFC cellType.target std.logFC.rank     std.logFC.anno
ENSMUSG00000031657 0.09718992          random              1  std logFC = 0.097
ENSMUSG00000030200 0.09318189          random              2  std logFC = 0.093
ENSMUSG00000038188 0.09273130          random              3  std logFC = 0.093
ENSMUSG00000022243 0.09269287          random              4  std logFC = 0.093
ENSMUSG00000041202 0.09229262          random              5  std logFC = 0.092
ENSMUSG00000064177 0.08947459          random              6  std logFC = 0.089
[1] 455
Running 1vALL Testing for up-regulated genes
2024-09-08 02:25:09.786811 - Find markers for: other
2024-09-08 02:25:18.320344 - Find markers for: random
2024-09-08 02:25:26.86396 - Building Table
** Done! **

                                 gene        logFC log.p.value   log.FDR
ENSMUSG00000024519 ENSMUSG00000024519 0.0059102187   -18.60618 -8.890589
ENSMUSG00000051457 ENSMUSG00000051457 0.0027801540   -13.84894 -4.826495
ENSMUSG00000028738 ENSMUSG00000028738 0.0008047992   -13.43437 -4.817388
ENSMUSG00000045232 ENSMUSG00000045232 0.0016832503   -11.71180 -3.583470
ENSMUSG00000102418 ENSMUSG00000102418 0.0019740149   -11.58903 -3.583470
ENSMUSG00000022243 ENSMUSG00000022243 0.0027565586   -11.50730 -3.583470
                   std.logFC cellType.target std.logFC.rank     std.logFC.anno
ENSMUSG00000024519 0.1404967          random              1   std logFC = 0.14
ENSMUSG00000051457 0.1184830          random              2  std logFC = 0.118
ENSMUSG00000028738 0.1163821          random              3  std logFC = 0.116
ENSMUSG00000045232 0.1072501          random              4  std logFC = 0.107
ENSMUSG00000102418 0.1065720          random              5  std logFC = 0.107
ENSMUSG00000022243 0.1061184          random              6  std logFC = 0.106
[1] 456
Running 1vALL Testing for up-regulated genes
2024-09-08 02:25:27.072424 - Find markers for: other
2024-09-08 02:25:35.636136 - Find markers for: random
2024-09-08 02:25:44.454651 - Building Table
** Done! **

                                 gene       logFC log.p.value   log.FDR
ENSMUSG00000093865 ENSMUSG00000093865 0.003310805  -17.296707 -7.581117
ENSMUSG00000054666 ENSMUSG00000054666 0.001733094  -12.310478 -3.288034
ENSMUSG00000096727 ENSMUSG00000096727 0.007443985  -11.466225 -2.849247
ENSMUSG00000108827 ENSMUSG00000108827 0.001134727  -10.934906 -2.605610
ENSMUSG00000052316 ENSMUSG00000052316 0.002156418  -10.645662 -2.539509
ENSMUSG00000006777 ENSMUSG00000006777 0.001217253   -9.973429 -2.049598
                    std.logFC cellType.target std.logFC.rank     std.logFC.anno
ENSMUSG00000093865 0.13421715          random              1  std logFC = 0.134
ENSMUSG00000054666 0.11004596          random              2   std logFC = 0.11
ENSMUSG00000096727 0.10545241          random              3  std logFC = 0.105
ENSMUSG00000108827 0.10246570          random              4  std logFC = 0.102
ENSMUSG00000052316 0.10080611          random              5  std logFC = 0.101
ENSMUSG00000006777 0.09685032          random              6  std logFC = 0.097
[1] 457
Running 1vALL Testing for up-regulated genes
2024-09-08 02:25:44.666829 - Find markers for: other
2024-09-08 02:25:53.64122 - Find markers for: random
2024-09-08 02:26:02.295613 - Building Table
** Done! **

                                 gene        logFC log.p.value   log.FDR
ENSMUSG00000024409 ENSMUSG00000024409 0.0029420361   -15.88519 -6.169598
ENSMUSG00000034263 ENSMUSG00000034263 0.0440025158   -11.95016 -3.346602
ENSMUSG00000015850 ENSMUSG00000015850 0.0245661103   -11.86934 -3.346602
ENSMUSG00000021789 ENSMUSG00000021789 0.0006290023   -11.67590 -3.346602
ENSMUSG00000017950 ENSMUSG00000017950 0.0009545443   -11.15954 -3.186039
ENSMUSG00000026826 ENSMUSG00000026826 0.0223217519   -11.10987 -3.186039
                   std.logFC cellType.target std.logFC.rank     std.logFC.anno
ENSMUSG00000024409 0.1284020          random              1  std logFC = 0.128
ENSMUSG00000034263 0.1086100          random              2  std logFC = 0.109
ENSMUSG00000015850 0.1081687          random              3  std logFC = 0.108
ENSMUSG00000021789 0.1071058          random              4  std logFC = 0.107
ENSMUSG00000017950 0.1042203          random              5  std logFC = 0.104
ENSMUSG00000026826 0.1039389          random              6  std logFC = 0.104
[1] 458
Running 1vALL Testing for up-regulated genes
2024-09-08 02:26:02.498495 - Find markers for: other
2024-09-08 02:26:11.115353 - Find markers for: random
2024-09-08 02:26:19.352979 - Building Table
** Done! **

                                 gene       logFC log.p.value   log.FDR
ENSMUSG00000049093 ENSMUSG00000049093 0.002968378   -17.15334 -7.437747
ENSMUSG00000074895 ENSMUSG00000074895 0.001421227   -11.25210 -2.443982
ENSMUSG00000066652 ENSMUSG00000066652 0.001685524   -11.01156 -2.443982
ENSMUSG00000075543 ENSMUSG00000075543 0.001502806   -10.70598 -2.443982
ENSMUSG00000070594 ENSMUSG00000070594 0.002500427   -10.55013 -2.443982
ENSMUSG00000029320 ENSMUSG00000029320 0.001492667   -10.28229 -2.358458
                    std.logFC cellType.target std.logFC.rank     std.logFC.anno
ENSMUSG00000049093 0.13331190          random              1  std logFC = 0.133
ENSMUSG00000074895 0.10404942          random              2  std logFC = 0.104
ENSMUSG00000066652 0.10269546          random              3  std logFC = 0.103
ENSMUSG00000075543 0.10095173          random              4  std logFC = 0.101
ENSMUSG00000070594 0.10005188          random              5    std logFC = 0.1
ENSMUSG00000029320 0.09848801          random              6  std logFC = 0.098
[1] 459
Running 1vALL Testing for up-regulated genes
2024-09-08 02:26:19.566365 - Find markers for: other
2024-09-08 02:26:27.92044 - Find markers for: random
2024-09-08 02:26:36.183369 - Building Table
** Done! **

                                 gene       logFC log.p.value   log.FDR
ENSMUSG00000041782 ENSMUSG00000041782 0.005313810   -14.89333 -5.389772
ENSMUSG00000069266 ENSMUSG00000069266 0.002296050   -14.41222 -5.389772
ENSMUSG00000043155 ENSMUSG00000043155 0.003238283   -13.52113 -4.904148
ENSMUSG00000020918 ENSMUSG00000020918 0.028513561   -12.41626 -4.086962
ENSMUSG00000061292 ENSMUSG00000061292 0.001434287   -11.71673 -3.610573
ENSMUSG00000030865 ENSMUSG00000030865 0.005643890   -11.04956 -3.125734
                   std.logFC cellType.target std.logFC.rank     std.logFC.anno
ENSMUSG00000041782 0.1233109          random              1  std logFC = 0.123
ENSMUSG00000069266 0.1209716          random              2  std logFC = 0.121
ENSMUSG00000043155 0.1165243          random              3  std logFC = 0.117
ENSMUSG00000020918 0.1107824          random              4  std logFC = 0.111
ENSMUSG00000061292 0.1070015          random              5  std logFC = 0.107
ENSMUSG00000030865 0.1032783          random              6  std logFC = 0.103
[1] 460
Running 1vALL Testing for up-regulated genes
2024-09-08 02:26:36.423193 - Find markers for: other
2024-09-08 02:26:44.784163 - Find markers for: random
2024-09-08 02:26:53.262899 - Building Table
** Done! **

                                 gene        logFC log.p.value   log.FDR
ENSMUSG00000053797 ENSMUSG00000053797 0.0013694544   -17.87035 -8.154756
ENSMUSG00000030468 ENSMUSG00000030468 0.0029856812   -16.66349 -7.641046
ENSMUSG00000007888 ENSMUSG00000007888 0.0071749204   -14.52237 -5.905390
ENSMUSG00000024340 ENSMUSG00000024340 0.0005525337   -13.96130 -5.632006
ENSMUSG00000000730 ENSMUSG00000000730 0.0011063183   -12.07289 -3.966739
ENSMUSG00000028435 ENSMUSG00000028435 0.0009875020   -11.06087 -3.137035
                   std.logFC cellType.target std.logFC.rank     std.logFC.anno
ENSMUSG00000053797 0.1367777          random              1  std logFC = 0.137
ENSMUSG00000030468 0.1314130          random              2  std logFC = 0.131
ENSMUSG00000007888 0.1213532          random              3  std logFC = 0.121
ENSMUSG00000024340 0.1185863          random              4  std logFC = 0.119
ENSMUSG00000000730 0.1088001          random              5  std logFC = 0.109
ENSMUSG00000028435 0.1032083          random              6  std logFC = 0.103
[1] 461
Running 1vALL Testing for up-regulated genes
2024-09-08 02:26:53.474782 - Find markers for: other
2024-09-08 02:27:01.753027 - Find markers for: random
2024-09-08 02:27:10.101085 - Building Table
** Done! **

                                 gene        logFC log.p.value   log.FDR
ENSMUSG00000072676 ENSMUSG00000072676 0.0050487183   -17.43623 -7.720641
ENSMUSG00000021913 ENSMUSG00000021913 0.0402413383   -15.41208 -6.389633
ENSMUSG00000033368 ENSMUSG00000033368 0.0023393688   -13.93262 -5.315637
ENSMUSG00000026452 ENSMUSG00000026452 0.0220133693   -11.70281 -3.559628
ENSMUSG00000045502 ENSMUSG00000045502 0.0009887095   -11.66578 -3.559628
ENSMUSG00000028037 ENSMUSG00000028037 0.0042948161   -11.46661 -3.542777
                   std.logFC cellType.target std.logFC.rank     std.logFC.anno
ENSMUSG00000072676 0.1359637          random              1  std logFC = 0.136
ENSMUSG00000021913 0.1266423          random              2  std logFC = 0.127
ENSMUSG00000033368 0.1194028          random              3  std logFC = 0.119
ENSMUSG00000026452 0.1076513          random              4  std logFC = 0.108
ENSMUSG00000045502 0.1074463          random              5  std logFC = 0.107
ENSMUSG00000028037 0.1063371          random              6  std logFC = 0.106
[1] 462
Running 1vALL Testing for up-regulated genes
2024-09-08 02:27:10.31257 - Find markers for: other
2024-09-08 02:27:18.574977 - Find markers for: random
2024-09-08 02:27:26.856411 - Building Table
** Done! **

                                 gene       logFC log.p.value   log.FDR
ENSMUSG00000075571 ENSMUSG00000075571 0.007075141   -12.99300 -3.277405
ENSMUSG00000048875 ENSMUSG00000048875 0.003190555   -12.16783 -3.206556
ENSMUSG00000061292 ENSMUSG00000061292 0.001444384   -11.82353 -3.206556
ENSMUSG00000064140 ENSMUSG00000064140 0.001919259   -10.31289 -2.375248
ENSMUSG00000024726 ENSMUSG00000024726 0.041068522   -10.24143 -2.375248
ENSMUSG00000048217 ENSMUSG00000048217 0.001992233   -10.23706 -2.375248
                    std.logFC cellType.target std.logFC.rank     std.logFC.anno
ENSMUSG00000075571 0.11399128          random              1  std logFC = 0.114
ENSMUSG00000048875 0.10962486          random              2   std logFC = 0.11
ENSMUSG00000061292 0.10775523          random              3  std logFC = 0.108
ENSMUSG00000064140 0.09917574          random              4  std logFC = 0.099
ENSMUSG00000024726 0.09875325          random              5  std logFC = 0.099
ENSMUSG00000048217 0.09872731          random              6  std logFC = 0.099
[1] 463
Running 1vALL Testing for up-regulated genes
2024-09-08 02:27:27.059968 - Find markers for: other
2024-09-08 02:27:35.310949 - Find markers for: random
2024-09-08 02:27:43.740163 - Building Table
** Done! **

                                 gene       logFC log.p.value   log.FDR
ENSMUSG00000013936 ENSMUSG00000013936 0.005187923  -11.342275 -2.412915
ENSMUSG00000002342 ENSMUSG00000002342 0.035100988  -11.313527 -2.412915
ENSMUSG00000045744 ENSMUSG00000045744 0.004655956  -11.029893 -2.412915
ENSMUSG00000002930 ENSMUSG00000002930 0.006646257   -9.935928 -1.809193
ENSMUSG00000020120 ENSMUSG00000020120 0.034831262   -9.915345 -1.809193
ENSMUSG00000000826 ENSMUSG00000000826 0.053352433   -9.711870 -1.788039
                    std.logFC cellType.target std.logFC.rank     std.logFC.anno
ENSMUSG00000013936 0.10512398          random              1  std logFC = 0.105
ENSMUSG00000002342 0.10496284          random              2  std logFC = 0.105
ENSMUSG00000045744 0.10336077          random              3  std logFC = 0.103
ENSMUSG00000002930 0.09695870          random              4  std logFC = 0.097
ENSMUSG00000020120 0.09683460          random              5  std logFC = 0.097
ENSMUSG00000000826 0.09560004          random              6  std logFC = 0.096
[1] 464
Running 1vALL Testing for up-regulated genes
2024-09-08 02:27:43.936125 - Find markers for: other
2024-09-08 02:27:52.375053 - Find markers for: random
2024-09-08 02:28:00.832547 - Building Table
** Done! **

                                 gene       logFC log.p.value   log.FDR
ENSMUSG00000074195 ENSMUSG00000074195 0.001049026   -12.52326 -3.234284
ENSMUSG00000000730 ENSMUSG00000000730 0.001120197   -12.25673 -3.234284
ENSMUSG00000060791 ENSMUSG00000060791 0.007183540   -11.59107 -2.974090
ENSMUSG00000034083 ENSMUSG00000034083 0.062668275   -11.27304 -2.943742
ENSMUSG00000049588 ENSMUSG00000049588 0.008214989   -10.85278 -2.746630
ENSMUSG00000035352 ENSMUSG00000035352 0.003453575   -10.27736 -2.525350
                    std.logFC cellType.target std.logFC.rank     std.logFC.anno
ENSMUSG00000074195 0.11158871          random              1  std logFC = 0.112
ENSMUSG00000000730 0.11016590          random              2   std logFC = 0.11
ENSMUSG00000060791 0.10653683          random              3  std logFC = 0.107
ENSMUSG00000034083 0.10476261          random              4  std logFC = 0.105
ENSMUSG00000049588 0.10237535          random              5  std logFC = 0.102
ENSMUSG00000035352 0.09902248          random              6  std logFC = 0.099
[1] 465
Running 1vALL Testing for up-regulated genes
2024-09-08 02:28:01.040842 - Find markers for: other
2024-09-08 02:28:09.338955 - Find markers for: random
2024-09-08 02:28:17.669178 - Building Table
** Done! **

                                 gene        logFC log.p.value   log.FDR
ENSMUSG00000027718 ENSMUSG00000027718 0.0007202165   -14.09635 -4.380761
ENSMUSG00000039043 ENSMUSG00000039043 0.0264623329   -13.30033 -4.277885
ENSMUSG00000030713 ENSMUSG00000030713 0.0008324343   -12.60189 -3.984912
ENSMUSG00000021460 ENSMUSG00000021460 0.0610670555   -11.82652 -3.497224
ENSMUSG00000040987 ENSMUSG00000040987 0.0213503062   -10.56664 -2.460492
ENSMUSG00000020832 ENSMUSG00000020832 0.0246919371   -10.13060 -2.424653
                   std.logFC cellType.target std.logFC.rank     std.logFC.anno
ENSMUSG00000027718 0.1198804          random              1   std logFC = 0.12
ENSMUSG00000039043 0.1158498          random              2  std logFC = 0.116
ENSMUSG00000030713 0.1122037          random              3  std logFC = 0.112
ENSMUSG00000021460 0.1080243          random              4  std logFC = 0.108
ENSMUSG00000040987 0.1008992          random              5  std logFC = 0.101
ENSMUSG00000020832 0.0983248          random              6  std logFC = 0.098
[1] 466
Running 1vALL Testing for up-regulated genes
2024-09-08 02:28:17.890783 - Find markers for: other
2024-09-08 02:28:26.256688 - Find markers for: random
2024-09-08 02:28:34.626471 - Building Table
** Done! **

                                 gene       logFC log.p.value   log.FDR
ENSMUSG00000056043 ENSMUSG00000056043 0.001293570   -15.57288 -6.197348
ENSMUSG00000042448 ENSMUSG00000042448 0.001191874   -15.21979 -6.197348
ENSMUSG00000028533 ENSMUSG00000028533 0.002281377   -13.63127 -5.014293
ENSMUSG00000078507 ENSMUSG00000078507 0.001035849   -12.33659 -4.007292
ENSMUSG00000090777 ENSMUSG00000090777 0.001211831   -11.45573 -3.349577
ENSMUSG00000049515 ENSMUSG00000049515 0.002053093   -10.97243 -3.048602
                   std.logFC cellType.target std.logFC.rank     std.logFC.anno
ENSMUSG00000056043 0.1271017          random              1  std logFC = 0.127
ENSMUSG00000042448 0.1254229          random              2  std logFC = 0.125
ENSMUSG00000028533 0.1175962          random              3  std logFC = 0.118
ENSMUSG00000078507 0.1108419          random              4  std logFC = 0.111
ENSMUSG00000090777 0.1060223          random              5  std logFC = 0.106
ENSMUSG00000049515 0.1032912          random              6  std logFC = 0.103
[1] 467
Running 1vALL Testing for up-regulated genes
2024-09-08 02:28:34.816422 - Find markers for: other
2024-09-08 02:28:43.127568 - Find markers for: random
2024-09-08 02:28:51.40131 - Building Table
** Done! **

                                 gene       logFC log.p.value   log.FDR
ENSMUSG00000018862 ENSMUSG00000018862 0.002824523  -13.103753 -3.388163
ENSMUSG00000078795 ENSMUSG00000078795 0.001568474  -10.505383 -1.639798
ENSMUSG00000021364 ENSMUSG00000021364 0.021761445  -10.256776 -1.639798
ENSMUSG00000029680 ENSMUSG00000029680 0.001877732   -9.059042 -1.399801
ENSMUSG00000022560 ENSMUSG00000022560 0.012523354   -9.024629 -1.399801
ENSMUSG00000020080 ENSMUSG00000020080 0.007534706   -8.918097 -1.399801
                    std.logFC cellType.target std.logFC.rank     std.logFC.anno
ENSMUSG00000018862 0.11415042          random              1  std logFC = 0.114
ENSMUSG00000078795 0.09994223          random              2    std logFC = 0.1
ENSMUSG00000021364 0.09848579          random              3  std logFC = 0.098
ENSMUSG00000029680 0.09117875          random              4  std logFC = 0.091
ENSMUSG00000022560 0.09096109          random              5  std logFC = 0.091
ENSMUSG00000020080 0.09028435          random              6   std logFC = 0.09
[1] 468
Running 1vALL Testing for up-regulated genes
2024-09-08 02:28:51.598748 - Find markers for: other
2024-09-08 02:28:59.978927 - Find markers for: random
2024-09-08 02:29:08.256693 - Building Table
** Done! **

                                 gene        logFC log.p.value   log.FDR
ENSMUSG00000050232 ENSMUSG00000050232 0.0008377904  -13.068404 -3.352814
ENSMUSG00000039742 ENSMUSG00000039742 0.0009373275  -11.345815 -2.349433
ENSMUSG00000004231 ENSMUSG00000004231 0.0031661486  -10.966411 -2.349433
ENSMUSG00000110206 ENSMUSG00000110206 0.0205881839  -10.600271 -2.270975
ENSMUSG00000056043 ENSMUSG00000056043 0.0009968072  -10.118603 -2.012450
ENSMUSG00000051279 ENSMUSG00000051279 0.0023398055   -9.801111 -1.950748
                    std.logFC cellType.target std.logFC.rank     std.logFC.anno
ENSMUSG00000050232 0.11426157          random              1  std logFC = 0.114
ENSMUSG00000039742 0.10499961          random              2  std logFC = 0.105
ENSMUSG00000004231 0.10285785          random              3  std logFC = 0.103
ENSMUSG00000110206 0.10075193          random              4  std logFC = 0.101
ENSMUSG00000056043 0.09791943          random              5  std logFC = 0.098
ENSMUSG00000051279 0.09601139          random              6  std logFC = 0.096
[1] 469
Running 1vALL Testing for up-regulated genes
2024-09-08 02:29:08.450181 - Find markers for: other
2024-09-08 02:29:16.864815 - Find markers for: random
2024-09-08 02:29:25.588816 - Building Table
** Done! **

                                 gene        logFC log.p.value   log.FDR
ENSMUSG00000073897 ENSMUSG00000073897 0.0008272421   -13.11199 -3.396396
ENSMUSG00000035020 ENSMUSG00000035020 0.0036596374   -11.02096 -2.241532
ENSMUSG00000084128 ENSMUSG00000084128 0.0007510952   -10.64036 -2.241532
ENSMUSG00000040478 ENSMUSG00000040478 0.0007066473   -10.24734 -2.241532
ENSMUSG00000019785 ENSMUSG00000019785 0.0481391683   -10.23778 -2.241532
ENSMUSG00000024042 ENSMUSG00000024042 0.0279657412   -10.13752 -2.241532
                    std.logFC cellType.target std.logFC.rank     std.logFC.anno
ENSMUSG00000073897 0.11405492          random              1  std logFC = 0.114
ENSMUSG00000035020 0.10277895          random              2  std logFC = 0.103
ENSMUSG00000084128 0.10060337          random              3  std logFC = 0.101
ENSMUSG00000040478 0.09831125          random              4  std logFC = 0.098
ENSMUSG00000019785 0.09825488          random              5  std logFC = 0.098
ENSMUSG00000024042 0.09766212          random              6  std logFC = 0.098
[1] 470
Running 1vALL Testing for up-regulated genes
2024-09-08 02:29:25.786377 - Find markers for: other
2024-09-08 02:29:34.346507 - Find markers for: random
2024-09-08 02:29:42.863405 - Building Table
** Done! **

                                 gene       logFC log.p.value   log.FDR
ENSMUSG00000036805 ENSMUSG00000036805 0.001228770   -18.93413 -9.218537
ENSMUSG00000044322 ENSMUSG00000044322 0.001854216   -16.86614 -7.843695
ENSMUSG00000070533 ENSMUSG00000070533 0.005781366   -11.33552 -2.718545
ENSMUSG00000034684 ENSMUSG00000034684 0.014131480   -10.57118 -2.421286
ENSMUSG00000073063 ENSMUSG00000073063 0.001013140   -10.38327 -2.421286
ENSMUSG00000042523 ENSMUSG00000042523 0.055440622   -10.34512 -2.421286
                    std.logFC cellType.target std.logFC.rank     std.logFC.anno
ENSMUSG00000036805 0.14157025          random              1  std logFC = 0.142
ENSMUSG00000044322 0.13253667          random              2  std logFC = 0.133
ENSMUSG00000070533 0.10491787          random              3  std logFC = 0.105
ENSMUSG00000034684 0.10055975          random              4  std logFC = 0.101
ENSMUSG00000073063 0.09946191          random              5  std logFC = 0.099
ENSMUSG00000042523 0.09923768          random              6  std logFC = 0.099
[1] 471
Running 1vALL Testing for up-regulated genes
2024-09-08 02:29:43.082282 - Find markers for: other
2024-09-08 02:29:52.009405 - Find markers for: random
2024-09-08 02:30:00.482595 - Building Table
** Done! **

                                 gene       logFC log.p.value   log.FDR
ENSMUSG00000026394 ENSMUSG00000026394 0.002553102   -13.76526 -4.510914
ENSMUSG00000045052 ENSMUSG00000045052 0.002385559   -13.09639 -4.510914
ENSMUSG00000037106 ENSMUSG00000037106 0.008729717   -13.00889 -4.510914
ENSMUSG00000037542 ENSMUSG00000037542 0.003379221   -12.84021 -4.510914
ENSMUSG00000035836 ENSMUSG00000035836 0.000737579   -12.15347 -4.047317
ENSMUSG00000042808 ENSMUSG00000042808 0.001555322   -11.67711 -3.753278
                   std.logFC cellType.target std.logFC.rank     std.logFC.anno
ENSMUSG00000026394 0.1176627          random              1  std logFC = 0.118
ENSMUSG00000045052 0.1142557          random              2  std logFC = 0.114
ENSMUSG00000037106 0.1138030          random              3  std logFC = 0.114
ENSMUSG00000037542 0.1129257          random              4  std logFC = 0.113
ENSMUSG00000035836 0.1092874          random              5  std logFC = 0.109
ENSMUSG00000042808 0.1066971          random              6  std logFC = 0.107
[1] 472
Running 1vALL Testing for up-regulated genes
2024-09-08 02:30:00.692452 - Find markers for: other
2024-09-08 02:30:09.042557 - Find markers for: random
2024-09-08 02:30:17.30197 - Building Table
** Done! **

                                 gene        logFC log.p.value   log.FDR
ENSMUSG00000042179 ENSMUSG00000042179 0.0009033041   -14.01275 -4.297164
ENSMUSG00000035352 ENSMUSG00000035352 0.0039928983   -13.13598 -4.113535
ENSMUSG00000061815 ENSMUSG00000061815 0.0041189300   -11.77225 -3.357013
ENSMUSG00000053695 ENSMUSG00000053695 0.0016087532   -11.68631 -3.357013
ENSMUSG00000012282 ENSMUSG00000012282 0.0016180345   -10.44205 -2.374268
ENSMUSG00000029680 ENSMUSG00000029680 0.0020363899   -10.29810 -2.374268
                    std.logFC cellType.target std.logFC.rank     std.logFC.anno
ENSMUSG00000042179 0.11894261          random              1  std logFC = 0.119
ENSMUSG00000035352 0.11450046          random              2  std logFC = 0.115
ENSMUSG00000061815 0.10725697          random              3  std logFC = 0.107
ENSMUSG00000053695 0.10678549          random              4  std logFC = 0.107
ENSMUSG00000012282 0.09973332          random              5    std logFC = 0.1
ENSMUSG00000029680 0.09888815          random              6  std logFC = 0.099
[1] 473
Running 1vALL Testing for up-regulated genes
2024-09-08 02:30:17.515433 - Find markers for: other
2024-09-08 02:30:26.32469 - Find markers for: random
2024-09-08 02:30:35.456125 - Building Table
** Done! **

                                 gene       logFC log.p.value   log.FDR
ENSMUSG00000025515 ENSMUSG00000025515 0.002398288   -14.48201 -4.766423
ENSMUSG00000021356 ENSMUSG00000021356 0.003284921   -12.16617 -3.143725
ENSMUSG00000052384 ENSMUSG00000052384 0.037964940   -11.13020 -2.513223
ENSMUSG00000031881 ENSMUSG00000031881 0.002688096   -10.80820 -2.478906
ENSMUSG00000086598 ENSMUSG00000086598 0.003493156   -10.41680 -2.382135
ENSMUSG00000018909 ENSMUSG00000018909 0.064768073   -10.30597 -2.382135
                    std.logFC cellType.target std.logFC.rank     std.logFC.anno
ENSMUSG00000025515 0.12172432          random              1  std logFC = 0.122
ENSMUSG00000021356 0.10981494          random              2   std logFC = 0.11
ENSMUSG00000052384 0.10408600          random              3  std logFC = 0.104
ENSMUSG00000031881 0.10224605          random              4  std logFC = 0.102
ENSMUSG00000086598 0.09996837          random              5    std logFC = 0.1
ENSMUSG00000018909 0.09931484          random              6  std logFC = 0.099
[1] 474
Running 1vALL Testing for up-regulated genes
2024-09-08 02:30:35.667606 - Find markers for: random
2024-09-08 02:30:45.012231 - Find markers for: other
2024-09-08 02:30:53.834888 - Building Table
** Done! **

                                 gene        logFC log.p.value    log.FDR
ENSMUSG00000032496 ENSMUSG00000032496 0.0025645801  -22.529913 -12.814323
ENSMUSG00000017300 ENSMUSG00000017300 0.0005403339  -10.280563  -1.929945
ENSMUSG00000027967 ENSMUSG00000027967 0.0033356174  -10.152344  -1.929945
ENSMUSG00000040554 ENSMUSG00000040554 0.0011627878  -10.070153  -1.929945
ENSMUSG00000025154 ENSMUSG00000025154 0.0131859400  -10.036098  -1.929945
ENSMUSG00000024224 ENSMUSG00000024224 0.0008313091   -9.658145  -1.734314
                    std.logFC cellType.target std.logFC.rank     std.logFC.anno
ENSMUSG00000032496 0.15645522          random              1  std logFC = 0.156
ENSMUSG00000017300 0.09908151          random              2  std logFC = 0.099
ENSMUSG00000027967 0.09832020          random              3  std logFC = 0.098
ENSMUSG00000040554 0.09782938          random              4  std logFC = 0.098
ENSMUSG00000025154 0.09762537          random              5  std logFC = 0.098
ENSMUSG00000024224 0.09533492          random              6  std logFC = 0.095
[1] 475
Running 1vALL Testing for up-regulated genes
2024-09-08 02:30:54.046723 - Find markers for: other
2024-09-08 02:31:02.852806 - Find markers for: random
2024-09-08 02:31:11.547374 - Building Table
** Done! **

                                 gene        logFC log.p.value   log.FDR
ENSMUSG00000078776 ENSMUSG00000078776 0.0053887356  -16.559677 -6.844087
ENSMUSG00000020182 ENSMUSG00000020182 0.0283010319  -13.394086 -4.371643
ENSMUSG00000074489 ENSMUSG00000074489 0.0004539681  -11.595857 -2.982162
ENSMUSG00000021999 ENSMUSG00000021999 0.0048641470  -11.311458 -2.982162
ENSMUSG00000019303 ENSMUSG00000019303 0.0146827471   -9.635473 -1.906687
ENSMUSG00000022575 ENSMUSG00000022575 0.0085629251   -9.491330 -1.906687
                    std.logFC cellType.target std.logFC.rank     std.logFC.anno
ENSMUSG00000078776 0.13073489          random              1  std logFC = 0.131
ENSMUSG00000020182 0.11554406          random              2  std logFC = 0.116
ENSMUSG00000074489 0.10602984          random              3  std logFC = 0.106
ENSMUSG00000021999 0.10445283          random              4  std logFC = 0.104
ENSMUSG00000019303 0.09468103          random              5  std logFC = 0.095
ENSMUSG00000022575 0.09379807          random              6  std logFC = 0.094
[1] 476
Running 1vALL Testing for up-regulated genes
2024-09-08 02:31:11.753272 - Find markers for: random
2024-09-08 02:31:20.959107 - Find markers for: other
2024-09-08 02:31:29.94555 - Building Table
** Done! **

                                 gene       logFC log.p.value   log.FDR
ENSMUSG00000022236 ENSMUSG00000022236 0.017564533   -12.18692 -3.046985
ENSMUSG00000031809 ENSMUSG00000031809 0.003475736   -12.06943 -3.046985
ENSMUSG00000021306 ENSMUSG00000021306 0.023420920   -11.33515 -2.870912
ENSMUSG00000040471 ENSMUSG00000040471 0.001297738   -11.07388 -2.870912
ENSMUSG00000078906 ENSMUSG00000078906 0.005901559   -10.97706 -2.870912
ENSMUSG00000073967 ENSMUSG00000073967 0.000940230   -10.57524 -2.749921
                   std.logFC cellType.target std.logFC.rank     std.logFC.anno
ENSMUSG00000022236 0.1091328          random              1  std logFC = 0.109
ENSMUSG00000031809 0.1085021          random              2  std logFC = 0.109
ENSMUSG00000021306 0.1044816          random              3  std logFC = 0.104
ENSMUSG00000040471 0.1030167          random              4  std logFC = 0.103
ENSMUSG00000078906 0.1024691          random              5  std logFC = 0.102
ENSMUSG00000073967 0.1001671          random              6    std logFC = 0.1
[1] 477
Running 1vALL Testing for up-regulated genes
2024-09-08 02:31:30.148299 - Find markers for: other
2024-09-08 02:31:38.769746 - Find markers for: random
2024-09-08 02:31:47.277996 - Building Table
** Done! **

                                 gene        logFC log.p.value   log.FDR
ENSMUSG00000096472 ENSMUSG00000096472 0.0276824373   -11.71185 -2.760605
ENSMUSG00000030609 ENSMUSG00000030609 0.0212098933   -11.43641 -2.760605
ENSMUSG00000029503 ENSMUSG00000029503 0.0025972643   -11.37758 -2.760605
ENSMUSG00000009900 ENSMUSG00000009900 0.0029600854   -11.08024 -2.750948
ENSMUSG00000107499 ENSMUSG00000107499 0.0136863952   -10.62387 -2.517720
ENSMUSG00000017300 ENSMUSG00000017300 0.0005356573   -10.19207 -2.303657
                    std.logFC cellType.target std.logFC.rank     std.logFC.anno
ENSMUSG00000096472 0.10688463          random              1  std logFC = 0.107
ENSMUSG00000030609 0.10536294          random              2  std logFC = 0.105
ENSMUSG00000029503 0.10503533          random              3  std logFC = 0.105
ENSMUSG00000009900 0.10336510          random              4  std logFC = 0.103
ENSMUSG00000107499 0.10075283          random              5  std logFC = 0.101
ENSMUSG00000017300 0.09822358          random              6  std logFC = 0.098
[1] 478
Running 1vALL Testing for up-regulated genes
2024-09-08 02:31:47.48448 - Find markers for: random
2024-09-08 02:31:55.888865 - Find markers for: other
2024-09-08 02:32:04.446883 - Building Table
** Done! **

                                 gene        logFC log.p.value   log.FDR
ENSMUSG00000020229 ENSMUSG00000020229 0.0021520675   -14.07567 -4.360076
ENSMUSG00000052417 ENSMUSG00000052417 0.0011489556   -13.10685 -4.084411
ENSMUSG00000045502 ENSMUSG00000045502 0.0009771831   -11.57522 -3.186524
ENSMUSG00000040340 ENSMUSG00000040340 0.0068619385   -11.51582 -3.186524
ENSMUSG00000025409 ENSMUSG00000025409 0.0384029549   -11.26795 -3.161793
ENSMUSG00000031757 ENSMUSG00000031757 0.0008023615   -10.11655 -2.192716
                    std.logFC cellType.target std.logFC.rank     std.logFC.anno
ENSMUSG00000020229 0.11927803          random              1  std logFC = 0.119
ENSMUSG00000052417 0.11437182          random              2  std logFC = 0.114
ENSMUSG00000045502 0.10619325          random              3  std logFC = 0.106
ENSMUSG00000040340 0.10586449          random              4  std logFC = 0.106
ENSMUSG00000025409 0.10448232          random              5  std logFC = 0.104
ENSMUSG00000031757 0.09783136          random              6  std logFC = 0.098
[1] 479
Running 1vALL Testing for up-regulated genes
2024-09-08 02:32:04.638758 - Find markers for: other
2024-09-08 02:32:13.148671 - Find markers for: random
2024-09-08 02:32:21.435488 - Building Table
** Done! **

                                 gene       logFC log.p.value   log.FDR
ENSMUSG00000057723 ENSMUSG00000057723 0.001473678   -15.18055 -5.464962
ENSMUSG00000032292 ENSMUSG00000032292 0.001963144   -13.78483 -4.856312
ENSMUSG00000036596 ENSMUSG00000036596 0.001186791   -13.47329 -4.856312
ENSMUSG00000079487 ENSMUSG00000079487 0.036073199   -12.86718 -4.537884
ENSMUSG00000048003 ENSMUSG00000048003 0.002706615   -10.98445 -2.878301
ENSMUSG00000015962 ENSMUSG00000015962 0.005560658   -10.55348 -2.629644
                   std.logFC cellType.target std.logFC.rank     std.logFC.anno
ENSMUSG00000057723 0.1246515          random              1  std logFC = 0.125
ENSMUSG00000032292 0.1178221          random              2  std logFC = 0.118
ENSMUSG00000036596 0.1162471          random              3  std logFC = 0.116
ENSMUSG00000079487 0.1131250          random              4  std logFC = 0.113
ENSMUSG00000048003 0.1028783          random              5  std logFC = 0.103
ENSMUSG00000015962 0.1003996          random              6    std logFC = 0.1
[1] 480
Running 1vALL Testing for up-regulated genes
2024-09-08 02:32:21.63409 - Find markers for: other
2024-09-08 02:32:29.935633 - Find markers for: random
2024-09-08 02:32:38.307977 - Building Table
** Done! **

                                 gene        logFC log.p.value   log.FDR
ENSMUSG00000030945 ENSMUSG00000030945 0.0012759889   -16.70622 -6.990627
ENSMUSG00000050158 ENSMUSG00000050158 0.0008941070   -13.15520 -4.137065
ENSMUSG00000078127 ENSMUSG00000078127 0.0002914174   -12.75404 -4.137065
ENSMUSG00000017309 ENSMUSG00000017309 0.0053965415   -11.64653 -3.317230
ENSMUSG00000090777 ENSMUSG00000090777 0.0011961182   -11.27346 -3.167311
ENSMUSG00000059455 ENSMUSG00000059455 0.0038675526   -10.94518 -3.021344
                   std.logFC cellType.target std.logFC.rank     std.logFC.anno
ENSMUSG00000030945 0.1319105          random              1  std logFC = 0.132
ENSMUSG00000050158 0.1147677          random              2  std logFC = 0.115
ENSMUSG00000078127 0.1126801          random              3  std logFC = 0.113
ENSMUSG00000017309 0.1067229          random              4  std logFC = 0.107
ENSMUSG00000090777 0.1046468          random              5  std logFC = 0.105
ENSMUSG00000059455 0.1027884          random              6  std logFC = 0.103
[1] 481
Running 1vALL Testing for up-regulated genes
2024-09-08 02:32:38.517912 - Find markers for: other
2024-09-08 02:32:46.885584 - Find markers for: random
2024-09-08 02:32:55.174467 - Building Table
** Done! **

                                 gene        logFC log.p.value   log.FDR
ENSMUSG00000068697 ENSMUSG00000068697 0.0017728767   -17.69882 -7.983230
ENSMUSG00000042357 ENSMUSG00000042357 0.0003676515   -13.52707 -4.504629
ENSMUSG00000050397 ENSMUSG00000050397 0.0052361577   -11.70926 -3.092286
ENSMUSG00000049307 ENSMUSG00000049307 0.0020715169   -11.37351 -3.044216
ENSMUSG00000017950 ENSMUSG00000017950 0.0009407915   -10.99700 -2.890843
ENSMUSG00000039783 ENSMUSG00000039783 0.0235864801   -10.69320 -2.825939
                   std.logFC cellType.target std.logFC.rank     std.logFC.anno
ENSMUSG00000068697 0.1358579          random              1  std logFC = 0.136
ENSMUSG00000042357 0.1162582          random              2  std logFC = 0.116
ENSMUSG00000050397 0.1066886          random              3  std logFC = 0.107
ENSMUSG00000049307 0.1048340          random              4  std logFC = 0.105
ENSMUSG00000017950 0.1027180          random              5  std logFC = 0.103
ENSMUSG00000039783 0.1009815          random              6  std logFC = 0.101
[1] 482
Running 1vALL Testing for up-regulated genes
2024-09-08 02:32:55.384319 - Find markers for: other
2024-09-08 02:33:03.688254 - Find markers for: random
2024-09-08 02:33:11.936975 - Building Table
** Done! **

                                 gene        logFC log.p.value   log.FDR
ENSMUSG00000020830 ENSMUSG00000020830 0.0017490902   -14.71296 -4.997373
ENSMUSG00000031089 ENSMUSG00000031089 0.0028113192   -13.40811 -4.385670
ENSMUSG00000020279 ENSMUSG00000020279 0.0008820925   -12.71738 -4.100405
ENSMUSG00000031861 ENSMUSG00000031861 0.0079196574   -11.71333 -3.384039
ENSMUSG00000017950 ENSMUSG00000017950 0.0009517507   -11.13712 -3.030963
ENSMUSG00000038319 ENSMUSG00000038319 0.0174968135   -10.80465 -2.895191
                   std.logFC cellType.target std.logFC.rank     std.logFC.anno
ENSMUSG00000020830 0.1226056          random              1  std logFC = 0.123
ENSMUSG00000031089 0.1161070          random              2  std logFC = 0.116
ENSMUSG00000020279 0.1125272          random              3  std logFC = 0.113
ENSMUSG00000031861 0.1071286          random              4  std logFC = 0.107
ENSMUSG00000017950 0.1039152          random              5  std logFC = 0.104
ENSMUSG00000038319 0.1020195          random              6  std logFC = 0.102
[1] 483
Running 1vALL Testing for up-regulated genes
2024-09-08 02:33:12.145691 - Find markers for: other
2024-09-08 02:33:20.679509 - Find markers for: random
2024-09-08 02:33:29.005863 - Building Table
** Done! **

                                 gene       logFC log.p.value   log.FDR
ENSMUSG00000057615 ENSMUSG00000057615 0.004524664   -15.07145 -5.568662
ENSMUSG00000032015 ENSMUSG00000032015 0.005658319   -14.59111 -5.568662
ENSMUSG00000067001 ENSMUSG00000067001 0.003187482   -12.48072 -3.863741
ENSMUSG00000054065 ENSMUSG00000054065 0.009615892   -12.10344 -3.774143
ENSMUSG00000068580 ENSMUSG00000068580 0.033804098   -11.17599 -3.157382
ENSMUSG00000027900 ENSMUSG00000027900 0.042226077   -10.99420 -3.157382
                   std.logFC cellType.target std.logFC.rank     std.logFC.anno
ENSMUSG00000057615 0.1244208          random              1  std logFC = 0.124
ENSMUSG00000032015 0.1220958          random              2  std logFC = 0.122
ENSMUSG00000067001 0.1113524          random              3  std logFC = 0.111
ENSMUSG00000054065 0.1093299          random              4  std logFC = 0.109
ENSMUSG00000068580 0.1042061          random              5  std logFC = 0.104
ENSMUSG00000027900 0.1031747          random              6  std logFC = 0.103
[1] 484
Running 1vALL Testing for up-regulated genes
2024-09-08 02:33:29.211904 - Find markers for: random
2024-09-08 02:33:37.543113 - Find markers for: other
2024-09-08 02:33:45.784764 - Building Table
** Done! **

                                 gene       logFC log.p.value   log.FDR
ENSMUSG00000029346 ENSMUSG00000029346 0.021727977  -10.132978 -1.623685
ENSMUSG00000004231 ENSMUSG00000004231 0.002943506   -9.716171 -1.623685
ENSMUSG00000094248 ENSMUSG00000094248 0.001955189   -9.349244 -1.623685
ENSMUSG00000028298 ENSMUSG00000028298 0.002249479   -9.196060 -1.623685
ENSMUSG00000062773 ENSMUSG00000062773 0.002390161   -9.195383 -1.623685
ENSMUSG00000006342 ENSMUSG00000006342 0.008691097   -8.882552 -1.623685
                    std.logFC cellType.target std.logFC.rank     std.logFC.anno
ENSMUSG00000029346 0.09813290          random              1  std logFC = 0.098
ENSMUSG00000004231 0.09561974          random              2  std logFC = 0.096
ENSMUSG00000094248 0.09335737          random              3  std logFC = 0.093
ENSMUSG00000028298 0.09239829          random              4  std logFC = 0.092
ENSMUSG00000062773 0.09239403          random              5  std logFC = 0.092
ENSMUSG00000006342 0.09040730          random              6   std logFC = 0.09
[1] 485
Running 1vALL Testing for up-regulated genes
2024-09-08 02:33:45.978288 - Find markers for: other
2024-09-08 02:33:54.260406 - Find markers for: random
2024-09-08 02:34:02.686671 - Building Table
** Done! **

                                 gene        logFC log.p.value   log.FDR
ENSMUSG00000033880 ENSMUSG00000033880 0.0169395036   -12.36384 -3.223707
ENSMUSG00000078507 ENSMUSG00000078507 0.0010284241   -12.24615 -3.223707
ENSMUSG00000045545 ENSMUSG00000045545 0.0013636773   -11.18846 -2.571478
ENSMUSG00000027107 ENSMUSG00000027107 0.0025847639   -10.60669 -2.484380
ENSMUSG00000067872 ENSMUSG00000067872 0.0049494057   -10.46027 -2.484380
ENSMUSG00000031621 ENSMUSG00000031621 0.0006618052   -10.40821 -2.484380
                   std.logFC cellType.target std.logFC.rank     std.logFC.anno
ENSMUSG00000033880 0.1106773          random              1  std logFC = 0.111
ENSMUSG00000078507 0.1100470          random              2   std logFC = 0.11
ENSMUSG00000045545 0.1042274          random              3  std logFC = 0.104
ENSMUSG00000027107 0.1008968          random              4  std logFC = 0.101
ENSMUSG00000067872 0.1000428          random              5    std logFC = 0.1
ENSMUSG00000031621 0.0997376          random              6    std logFC = 0.1
[1] 486
Running 1vALL Testing for up-regulated genes
2024-09-08 02:34:02.886512 - Find markers for: other
2024-09-08 02:34:11.259311 - Find markers for: random
2024-09-08 02:34:19.934804 - Building Table
** Done! **

                                 gene        logFC log.p.value   log.FDR
ENSMUSG00000020690 ENSMUSG00000020690 0.0011969023  -14.651679 -4.936088
ENSMUSG00000101031 ENSMUSG00000101031 0.0008988014  -11.933850 -2.911407
ENSMUSG00000040576 ENSMUSG00000040576 0.0039608595  -11.520311 -2.903333
ENSMUSG00000032269 ENSMUSG00000032269 0.0050730857  -11.197572 -2.868276
ENSMUSG00000109833 ENSMUSG00000109833 0.0018682219   -9.337888 -1.647475
ENSMUSG00000021303 ENSMUSG00000021303 0.0323670608   -9.140610 -1.647475
                    std.logFC cellType.target std.logFC.rank     std.logFC.anno
ENSMUSG00000020690 0.12242755          random              1  std logFC = 0.122
ENSMUSG00000101031 0.10844161          random              2  std logFC = 0.108
ENSMUSG00000040576 0.10616610          random              3  std logFC = 0.106
ENSMUSG00000032269 0.10435888          random              4  std logFC = 0.104
ENSMUSG00000109833 0.09333615          random              5  std logFC = 0.093
ENSMUSG00000021303 0.09209785          random              6  std logFC = 0.092
[1] 487
Running 1vALL Testing for up-regulated genes
2024-09-08 02:34:20.138533 - Find markers for: other
2024-09-08 02:34:28.691775 - Find markers for: random
2024-09-08 02:34:37.478985 - Building Table
** Done! **

                                 gene        logFC log.p.value   log.FDR
ENSMUSG00000000706 ENSMUSG00000000706 0.0021393071   -16.42247 -6.706878
ENSMUSG00000022878 ENSMUSG00000022878 0.0010941310   -10.86198 -2.201917
ENSMUSG00000031372 ENSMUSG00000031372 0.0006256621   -10.50825 -2.201917
ENSMUSG00000050335 ENSMUSG00000050335 0.0092563554   -10.18607 -2.201917
ENSMUSG00000075249 ENSMUSG00000075249 0.0023522730   -10.13894 -2.201917
ENSMUSG00000020163 ENSMUSG00000020163 0.0649917446   -10.12575 -2.201917
                    std.logFC cellType.target std.logFC.rank     std.logFC.anno
ENSMUSG00000000706 0.13015651          random              1   std logFC = 0.13
ENSMUSG00000022878 0.10195113          random              2  std logFC = 0.102
ENSMUSG00000031372 0.09991248          random              3    std logFC = 0.1
ENSMUSG00000050335 0.09802250          random              4  std logFC = 0.098
ENSMUSG00000075249 0.09774323          random              5  std logFC = 0.098
ENSMUSG00000020163 0.09766495          random              6  std logFC = 0.098
[1] 488
Running 1vALL Testing for up-regulated genes
2024-09-08 02:34:37.677503 - Find markers for: other
2024-09-08 02:34:46.918397 - Find markers for: random
2024-09-08 02:34:55.810755 - Building Table
** Done! **

                                 gene        logFC log.p.value   log.FDR
ENSMUSG00000026068 ENSMUSG00000026068 0.0016130160   -18.93089 -9.215302
ENSMUSG00000034645 ENSMUSG00000034645 0.0045637523   -15.95007 -6.927622
ENSMUSG00000023279 ENSMUSG00000023279 0.0022217242   -14.67420 -6.057217
ENSMUSG00000042262 ENSMUSG00000042262 0.0003524789   -13.39481 -5.065514
ENSMUSG00000025347 ENSMUSG00000025347 0.0018968115   -11.50104 -3.438182
ENSMUSG00000042448 ENSMUSG00000042448 0.0009959708   -11.36201 -3.438182
                   std.logFC cellType.target std.logFC.rank     std.logFC.anno
ENSMUSG00000026068 0.1411847          random              1  std logFC = 0.141
ENSMUSG00000034645 0.1280079          random              2  std logFC = 0.128
ENSMUSG00000023279 0.1219632          random              3  std logFC = 0.122
ENSMUSG00000042262 0.1156087          random              4  std logFC = 0.116
ENSMUSG00000025347 0.1055621          random              5  std logFC = 0.106
ENSMUSG00000042448 0.1047900          random              6  std logFC = 0.105
[1] 489
Running 1vALL Testing for up-regulated genes
2024-09-08 02:34:56.040703 - Find markers for: other
2024-09-08 02:35:04.610931 - Find markers for: random
2024-09-08 02:35:13.534252 - Building Table
** Done! **

                                 gene       logFC log.p.value   log.FDR
ENSMUSG00000026602 ENSMUSG00000026602 0.003672097  -18.050395 -8.334805
ENSMUSG00000028369 ENSMUSG00000028369 0.017648374  -11.342697 -2.320253
ENSMUSG00000022878 ENSMUSG00000022878 0.001020984   -9.723831 -1.521450
ENSMUSG00000072995 ENSMUSG00000072995 0.001789174   -9.588051 -1.521450
ENSMUSG00000030278 ENSMUSG00000030278 0.002754145   -9.558109 -1.521450
ENSMUSG00000034115 ENSMUSG00000034115 0.003328716   -9.317532 -1.521450
                    std.logFC cellType.target std.logFC.rank     std.logFC.anno
ENSMUSG00000026602 0.13721670          random              1  std logFC = 0.137
ENSMUSG00000028369 0.10453037          random              2  std logFC = 0.105
ENSMUSG00000022878 0.09513063          random              3  std logFC = 0.095
ENSMUSG00000072995 0.09430409          random              4  std logFC = 0.094
ENSMUSG00000030278 0.09412095          random              5  std logFC = 0.094
ENSMUSG00000034115 0.09263776          random              6  std logFC = 0.093
[1] 490
Running 1vALL Testing for up-regulated genes
2024-09-08 02:35:13.754822 - Find markers for: other
2024-09-08 02:35:22.962471 - Find markers for: random
2024-09-08 02:35:31.697834 - Building Table
** Done! **

                                 gene        logFC log.p.value   log.FDR
ENSMUSG00000021678 ENSMUSG00000021678 0.0007295656   -13.95993 -4.666152
ENSMUSG00000024730 ENSMUSG00000024730 0.0019401525   -13.68860 -4.666152
ENSMUSG00000047794 ENSMUSG00000047794 0.0010582171   -12.30316 -3.686184
ENSMUSG00000049303 ENSMUSG00000049303 0.0265050193   -11.15356 -3.071693
ENSMUSG00000022814 ENSMUSG00000022814 0.0217186205   -11.00254 -3.071693
ENSMUSG00000030109 ENSMUSG00000030109 0.0068606340   -10.99552 -3.071693
                   std.logFC cellType.target std.logFC.rank     std.logFC.anno
ENSMUSG00000021678 0.1189164          random              1  std logFC = 0.119
ENSMUSG00000024730 0.1175527          random              2  std logFC = 0.118
ENSMUSG00000047794 0.1103488          random              3   std logFC = 0.11
ENSMUSG00000049303 0.1040266          random              4  std logFC = 0.104
ENSMUSG00000022814 0.1031699          random              5  std logFC = 0.103
ENSMUSG00000030109 0.1031299          random              6  std logFC = 0.103
[1] 491
Running 1vALL Testing for up-regulated genes
2024-09-08 02:35:31.89889 - Find markers for: other
2024-09-08 02:35:40.184146 - Find markers for: random
2024-09-08 02:35:48.606318 - Building Table
** Done! **

                                 gene        logFC log.p.value   log.FDR
ENSMUSG00000022149 ENSMUSG00000022149 0.0020541542   -15.86699 -6.151402
ENSMUSG00000038421 ENSMUSG00000038421 0.0067955867   -13.43598 -4.413540
ENSMUSG00000016982 ENSMUSG00000016982 0.0008203325   -12.95577 -4.338793
ENSMUSG00000015619 ENSMUSG00000015619 0.0016758893   -12.60832 -4.279021
ENSMUSG00000062609 ENSMUSG00000062609 0.0016276201   -11.46039 -3.354235
ENSMUSG00000000058 ENSMUSG00000000058 0.0172677214   -11.06793 -3.144100
                   std.logFC cellType.target std.logFC.rank     std.logFC.anno
ENSMUSG00000022149 0.1279851          random              1  std logFC = 0.128
ENSMUSG00000038421 0.1161474          random              2  std logFC = 0.116
ENSMUSG00000016982 0.1136746          random              3  std logFC = 0.114
ENSMUSG00000015619 0.1118541          random              4  std logFC = 0.112
ENSMUSG00000062609 0.1056363          random              5  std logFC = 0.106
ENSMUSG00000000058 0.1034326          random              6  std logFC = 0.103
[1] 492
Running 1vALL Testing for up-regulated genes
2024-09-08 02:35:48.81519 - Find markers for: other
2024-09-08 02:35:57.368908 - Find markers for: random
2024-09-08 02:36:05.789496 - Building Table
** Done! **

                                 gene        logFC log.p.value   log.FDR
ENSMUSG00000079014 ENSMUSG00000079014 0.0024268529   -17.72215 -8.006561
ENSMUSG00000089960 ENSMUSG00000089960 0.0009151591   -13.68427 -4.661825
ENSMUSG00000020428 ENSMUSG00000020428 0.0013189612   -11.40610 -2.789117
ENSMUSG00000038167 ENSMUSG00000038167 0.0032306783   -10.54207 -2.320190
ENSMUSG00000019834 ENSMUSG00000019834 0.0024480328   -10.24609 -2.320190
ENSMUSG00000067571 ENSMUSG00000067571 0.0027885151   -10.24402 -2.320190
                    std.logFC cellType.target std.logFC.rank     std.logFC.anno
ENSMUSG00000079014 0.13595595          random              1  std logFC = 0.136
ENSMUSG00000089960 0.11704834          random              2  std logFC = 0.117
ENSMUSG00000020428 0.10501208          random              3  std logFC = 0.105
ENSMUSG00000038167 0.10010450          random              4    std logFC = 0.1
ENSMUSG00000019834 0.09837258          random              5  std logFC = 0.098
ENSMUSG00000067571 0.09836037          random              6  std logFC = 0.098
[1] 493
Running 1vALL Testing for up-regulated genes
2024-09-08 02:36:06.016271 - Find markers for: other
2024-09-08 02:36:14.770879 - Find markers for: random
2024-09-08 02:36:23.602629 - Building Table
** Done! **

                                 gene        logFC log.p.value   log.FDR
ENSMUSG00000045052 ENSMUSG00000045052 0.0027653055   -16.88087 -7.165275
ENSMUSG00000038754 ENSMUSG00000038754 0.0016034365   -12.78284 -4.410626
ENSMUSG00000030713 ENSMUSG00000030713 0.0008311376   -12.66801 -4.410626
ENSMUSG00000030577 ENSMUSG00000030577 0.0027997605   -12.56729 -4.410626
ENSMUSG00000034837 ENSMUSG00000034837 0.0022208454   -12.51678 -4.410626
ENSMUSG00000058976 ENSMUSG00000058976 0.0005970897   -11.20893 -3.285095
                   std.logFC cellType.target std.logFC.rank     std.logFC.anno
ENSMUSG00000045052 0.1324656          random              1  std logFC = 0.132
ENSMUSG00000038754 0.1126317          random              2  std logFC = 0.113
ENSMUSG00000030713 0.1120293          random              3  std logFC = 0.112
ENSMUSG00000030577 0.1114985          random              4  std logFC = 0.111
ENSMUSG00000034837 0.1112315          random              5  std logFC = 0.111
ENSMUSG00000058976 0.1040995          random              6  std logFC = 0.104
[1] 494
Running 1vALL Testing for up-regulated genes
2024-09-08 02:36:23.813587 - Find markers for: other
2024-09-08 02:36:32.503478 - Find markers for: random
2024-09-08 02:36:40.858136 - Building Table
** Done! **

                                 gene        logFC log.p.value   log.FDR
ENSMUSG00000108900 ENSMUSG00000108900 0.0015057325   -12.81066 -3.759142
ENSMUSG00000073568 ENSMUSG00000073568 0.0017470779   -12.37955 -3.759142
ENSMUSG00000107711 ENSMUSG00000107711 0.0008918479   -12.37612 -3.759142
ENSMUSG00000072946 ENSMUSG00000072946 0.0398349647   -11.84221 -3.512914
ENSMUSG00000012777 ENSMUSG00000012777 0.0063859433   -10.73166 -2.726770
ENSMUSG00000021095 ENSMUSG00000021095 0.0016769426   -10.65060 -2.726770
                   std.logFC cellType.target std.logFC.rank     std.logFC.anno
ENSMUSG00000108900 0.1127437          random              1  std logFC = 0.113
ENSMUSG00000073568 0.1104702          random              2   std logFC = 0.11
ENSMUSG00000107711 0.1104519          random              3   std logFC = 0.11
ENSMUSG00000072946 0.1075749          random              4  std logFC = 0.108
ENSMUSG00000012777 0.1013536          random              5  std logFC = 0.101
ENSMUSG00000021095 0.1008859          random              6  std logFC = 0.101
[1] 495
Running 1vALL Testing for up-regulated genes
2024-09-08 02:36:41.068759 - Find markers for: other
2024-09-08 02:36:49.358186 - Find markers for: random
2024-09-08 02:36:57.791245 - Building Table
** Done! **

                                 gene       logFC log.p.value   log.FDR
ENSMUSG00000034239 ENSMUSG00000034239 0.001584219   -13.84409 -4.128501
ENSMUSG00000027209 ENSMUSG00000027209 0.026181735   -11.98776 -2.965316
ENSMUSG00000006389 ENSMUSG00000006389 0.005827021   -11.11595 -2.623754
ENSMUSG00000054141 ENSMUSG00000054141 0.002010257   -10.95305 -2.623754
ENSMUSG00000062727 ENSMUSG00000062727 0.001662007   -10.52575 -2.444583
ENSMUSG00000021099 ENSMUSG00000021099 0.003280491   -10.36841 -2.444583
                    std.logFC cellType.target std.logFC.rank     std.logFC.anno
ENSMUSG00000034239 0.11819063          random              1  std logFC = 0.118
ENSMUSG00000027209 0.10851425          random              2  std logFC = 0.109
ENSMUSG00000006389 0.10368630          random              3  std logFC = 0.104
ENSMUSG00000054141 0.10276140          random              4  std logFC = 0.103
ENSMUSG00000062727 0.10029860          random              5    std logFC = 0.1
ENSMUSG00000021099 0.09937792          random              6  std logFC = 0.099
[1] 496
Running 1vALL Testing for up-regulated genes
2024-09-08 02:36:58.020502 - Find markers for: other
2024-09-08 02:37:06.396891 - Find markers for: random
2024-09-08 02:37:14.679049 - Building Table
** Done! **

                                 gene        logFC log.p.value   log.FDR
ENSMUSG00000029138 ENSMUSG00000029138 0.0034036512  -11.339182 -2.637210
ENSMUSG00000042229 ENSMUSG00000042229 0.0287612580  -11.323065 -2.637210
ENSMUSG00000073177 ENSMUSG00000073177 0.0002991673  -11.254188 -2.637210
ENSMUSG00000029490 ENSMUSG00000029490 0.0095401208   -9.900139 -1.570843
ENSMUSG00000037279 ENSMUSG00000037279 0.0075470633   -9.097232 -1.410223
ENSMUSG00000037475 ENSMUSG00000037475 0.0684627334   -8.993084 -1.410223
                    std.logFC cellType.target std.logFC.rank     std.logFC.anno
ENSMUSG00000029138 0.10504845          random              1  std logFC = 0.105
ENSMUSG00000042229 0.10495818          random              2  std logFC = 0.105
ENSMUSG00000073177 0.10457158          random              3  std logFC = 0.105
ENSMUSG00000029490 0.09668926          random              4  std logFC = 0.097
ENSMUSG00000037279 0.09173026          random              5  std logFC = 0.092
ENSMUSG00000037475 0.09106944          random              6  std logFC = 0.091
[1] 497
Running 1vALL Testing for up-regulated genes
2024-09-08 02:37:14.932851 - Find markers for: other
2024-09-08 02:37:23.386886 - Find markers for: random
2024-09-08 02:37:31.668169 - Building Table
** Done! **

                                 gene        logFC log.p.value   log.FDR
ENSMUSG00000037974 ENSMUSG00000037974 0.0004203780  -13.856419 -4.564131
ENSMUSG00000044863 ENSMUSG00000044863 0.0008974495  -13.586574 -4.564131
ENSMUSG00000096035 ENSMUSG00000096035 0.0008953628  -11.068224 -2.451246
ENSMUSG00000079497 ENSMUSG00000079497 0.0021916394   -9.950582 -1.621286
ENSMUSG00000051375 ENSMUSG00000051375 0.0319551706   -8.970488 -1.244379
ENSMUSG00000037140 ENSMUSG00000037140 0.0024357860   -8.903820 -1.244379
                    std.logFC cellType.target std.logFC.rank     std.logFC.anno
ENSMUSG00000037974 0.11787893          random              1  std logFC = 0.118
ENSMUSG00000044863 0.11652320          random              2  std logFC = 0.117
ENSMUSG00000096035 0.10308947          random              3  std logFC = 0.103
ENSMUSG00000079497 0.09658868          random              4  std logFC = 0.097
ENSMUSG00000051375 0.09054627          random              5  std logFC = 0.091
ENSMUSG00000037140 0.09012220          random              6   std logFC = 0.09
[1] 498
Running 1vALL Testing for up-regulated genes
2024-09-08 02:37:31.878081 - Find markers for: other
2024-09-08 02:37:40.24135 - Find markers for: random
2024-09-08 02:37:48.747162 - Building Table
** Done! **

                                 gene       logFC log.p.value   log.FDR
ENSMUSG00000028996 ENSMUSG00000028996 0.006415791  -13.234894 -3.695174
ENSMUSG00000025746 ENSMUSG00000025746 0.003229482  -12.717618 -3.695174
ENSMUSG00000078795 ENSMUSG00000078795 0.001564765  -10.469235 -1.852257
ENSMUSG00000033450 ENSMUSG00000033450 0.008046122   -9.907169 -1.712350
ENSMUSG00000025271 ENSMUSG00000025271 0.009814674   -9.818503 -1.712350
ENSMUSG00000045684 ENSMUSG00000045684 0.000980979   -9.568470 -1.644639
                    std.logFC cellType.target std.logFC.rank     std.logFC.anno
ENSMUSG00000028996 0.11479486          random              1  std logFC = 0.115
ENSMUSG00000025746 0.11211428          random              2  std logFC = 0.112
ENSMUSG00000078795 0.09970574          random              3    std logFC = 0.1
ENSMUSG00000033450 0.09637919          random              4  std logFC = 0.096
ENSMUSG00000025271 0.09584497          random              5  std logFC = 0.096
ENSMUSG00000045684 0.09432393          random              6  std logFC = 0.094
[1] 499
Running 1vALL Testing for up-regulated genes
2024-09-08 02:37:48.937967 - Find markers for: other
2024-09-08 02:37:57.28727 - Find markers for: random
2024-09-08 02:38:05.778089 - Building Table
** Done! **

                                 gene        logFC log.p.value   log.FDR
ENSMUSG00000028460 ENSMUSG00000028460 0.0005002065  -13.421448 -3.705857
ENSMUSG00000000282 ENSMUSG00000000282 0.0309960952  -11.575576 -2.764474
ENSMUSG00000096001 ENSMUSG00000096001 0.0044060342  -11.313836 -2.764474
ENSMUSG00000058976 ENSMUSG00000058976 0.0005924158  -11.093770 -2.764474
ENSMUSG00000031991 ENSMUSG00000031991 0.0019808695  -10.166885 -2.060733
ENSMUSG00000103567 ENSMUSG00000103567 0.0194195270   -9.746222 -2.000385
                    std.logFC cellType.target std.logFC.rank     std.logFC.anno
ENSMUSG00000028460 0.11574282          random              1  std logFC = 0.116
ENSMUSG00000000282 0.10597263          random              2  std logFC = 0.106
ENSMUSG00000096001 0.10451989          random              3  std logFC = 0.105
ENSMUSG00000058976 0.10328411          random              4  std logFC = 0.103
ENSMUSG00000031991 0.09792492          random              5  std logFC = 0.098
ENSMUSG00000103567 0.09540358          random              6  std logFC = 0.095
[1] 500
[1] "Reproducibility information:"
[1] "2024-09-08 02:38:08 EDT"
    user   system  elapsed 
8642.544   35.677 8697.097 
─ Session info ───────────────────────────────────────────────────────────────────────────────────────────────────────
 setting  value
 version  R version 4.4.0 Patched (2024-05-22 r86590)
 os       Rocky Linux 9.4 (Blue Onyx)
 system   x86_64, linux-gnu
 ui       X11
 language (EN)
 collate  en_US.UTF-8
 ctype    en_US.UTF-8
 tz       US/Eastern
 date     2024-09-08
 pandoc   3.1.13 @ /jhpce/shared/community/core/conda_R/4.4/bin/pandoc

─ Packages ───────────────────────────────────────────────────────────────────────────────────────────────────────────
 package              * version   date (UTC) lib source
 abind                  1.4-5     2016-07-21 [2] CRAN (R 4.4.0)
 AnnotationDbi          1.66.0    2024-05-01 [2] Bioconductor 3.19 (R 4.4.0)
 AnnotationHub          3.12.0    2024-04-30 [2] Bioconductor 3.19 (R 4.4.0)
 attempt                0.3.1     2020-05-03 [2] CRAN (R 4.4.0)
 beachmat               2.20.0    2024-04-30 [2] Bioconductor 3.19 (R 4.4.0)
 beeswarm               0.4.0     2021-06-01 [2] CRAN (R 4.4.0)
 benchmarkme            1.0.8     2022-06-12 [2] CRAN (R 4.4.0)
 benchmarkmeData        1.0.4     2020-04-23 [2] CRAN (R 4.4.0)
 Biobase              * 2.64.0    2024-04-30 [2] Bioconductor 3.19 (R 4.4.0)
 BiocFileCache          2.12.0    2024-04-30 [2] Bioconductor 3.19 (R 4.4.0)
 BiocGenerics         * 0.50.0    2024-04-30 [2] Bioconductor 3.19 (R 4.4.0)
 BiocIO                 1.14.0    2024-04-30 [2] Bioconductor 3.19 (R 4.4.0)
 BiocManager            1.30.23   2024-05-04 [2] CRAN (R 4.4.0)
 BiocNeighbors          1.22.0    2024-04-30 [2] Bioconductor 3.19 (R 4.4.0)
 BiocParallel           1.38.0    2024-04-30 [2] Bioconductor 3.19 (R 4.4.0)
 BiocSingular           1.20.0    2024-04-30 [2] Bioconductor 3.19 (R 4.4.0)
 BiocVersion            3.19.1    2024-04-17 [2] Bioconductor 3.19 (R 4.4.0)
 Biostrings             2.72.1    2024-06-02 [2] Bioconductor 3.19 (R 4.4.0)
 bit                    4.0.5     2022-11-15 [2] CRAN (R 4.4.0)
 bit64                  4.0.5     2020-08-30 [2] CRAN (R 4.4.0)
 bitops                 1.0-8     2024-07-29 [2] CRAN (R 4.4.0)
 blob                   1.2.4     2023-03-17 [2] CRAN (R 4.4.0)
 bluster                1.14.0    2024-04-30 [2] Bioconductor 3.19 (R 4.4.0)
 bslib                  0.8.0     2024-07-29 [2] CRAN (R 4.4.0)
 cachem                 1.1.0     2024-05-16 [2] CRAN (R 4.4.0)
 cli                    3.6.3     2024-06-21 [2] CRAN (R 4.4.0)
 cluster                2.1.6     2023-12-01 [3] CRAN (R 4.4.0)
 codetools              0.2-20    2024-03-31 [3] CRAN (R 4.4.0)
 colorspace             2.1-1     2024-07-26 [2] CRAN (R 4.4.0)
 config                 0.3.2     2023-08-30 [2] CRAN (R 4.4.0)
 cowplot                1.1.3     2024-01-22 [2] CRAN (R 4.4.0)
 crayon                 1.5.3     2024-06-20 [2] CRAN (R 4.4.0)
 curl                   5.2.1     2024-03-01 [2] CRAN (R 4.4.0)
 data.table             1.15.4    2024-03-30 [2] CRAN (R 4.4.0)
 DBI                    1.2.3     2024-06-02 [2] CRAN (R 4.4.0)
 dbplyr                 2.5.0     2024-03-19 [2] CRAN (R 4.4.0)
 DeconvoBuddies       * 0.99.0    2024-08-25 [1] Github (LieberInstitute/DeconvoBuddies@8ed2d3d)
 DelayedArray           0.30.1    2024-05-07 [2] Bioconductor 3.19 (R 4.4.0)
 DelayedMatrixStats     1.26.0    2024-04-30 [2] Bioconductor 3.19 (R 4.4.0)
 digest                 0.6.36    2024-06-23 [2] CRAN (R 4.4.0)
 doParallel             1.0.17    2022-02-07 [2] CRAN (R 4.4.0)
 dotCall64              1.1-1     2023-11-28 [2] CRAN (R 4.4.0)
 dplyr                  1.1.4     2023-11-17 [2] CRAN (R 4.4.0)
 dqrng                  0.4.1     2024-05-28 [2] CRAN (R 4.4.0)
 DT                     0.33      2024-04-04 [2] CRAN (R 4.4.0)
 edgeR                  4.2.1     2024-07-14 [2] Bioconductor 3.19 (R 4.4.0)
 ExperimentHub          2.12.0    2024-04-30 [2] Bioconductor 3.19 (R 4.4.0)
 fansi                  1.0.6     2023-12-08 [2] CRAN (R 4.4.0)
 fastmap                1.2.0     2024-05-15 [2] CRAN (R 4.4.0)
 fields                 16.2      2024-06-27 [2] CRAN (R 4.4.0)
 filelock               1.0.3     2023-12-11 [2] CRAN (R 4.4.0)
 foreach                1.5.2     2022-02-02 [2] CRAN (R 4.4.0)
 generics               0.1.3     2022-07-05 [2] CRAN (R 4.4.0)
 GenomeInfoDb         * 1.40.1    2024-05-24 [2] Bioconductor 3.19 (R 4.4.0)
 GenomeInfoDbData       1.2.12    2024-05-23 [2] Bioconductor
 GenomicAlignments      1.40.0    2024-04-30 [2] Bioconductor 3.19 (R 4.4.0)
 GenomicRanges        * 1.56.1    2024-06-12 [2] Bioconductor 3.19 (R 4.4.0)
 ggbeeswarm             0.7.2     2023-04-29 [2] CRAN (R 4.4.0)
 ggplot2              * 3.5.1     2024-04-23 [2] CRAN (R 4.4.0)
 ggrepel                0.9.5     2024-01-10 [2] CRAN (R 4.4.0)
 glue                   1.7.0     2024-01-09 [2] CRAN (R 4.4.0)
 golem                  0.4.1     2023-06-05 [2] CRAN (R 4.4.0)
 gridExtra              2.3       2017-09-09 [2] CRAN (R 4.4.0)
 gtable                 0.3.5     2024-04-22 [2] CRAN (R 4.4.0)
 here                 * 1.0.1     2020-12-13 [2] CRAN (R 4.4.0)
 htmltools              0.5.8.1   2024-04-04 [2] CRAN (R 4.4.0)
 htmlwidgets            1.6.4     2023-12-06 [2] CRAN (R 4.4.0)
 httpuv                 1.6.15    2024-03-26 [2] CRAN (R 4.4.0)
 httr                   1.4.7     2023-08-15 [2] CRAN (R 4.4.0)
 igraph                 2.0.3     2024-03-13 [2] CRAN (R 4.4.0)
 IRanges              * 2.38.1    2024-07-03 [2] Bioconductor 3.19 (R 4.4.0)
 irlba                  2.3.5.1   2022-10-03 [2] CRAN (R 4.4.0)
 iterators              1.0.14    2022-02-05 [2] CRAN (R 4.4.0)
 jquerylib              0.1.4     2021-04-26 [2] CRAN (R 4.4.0)
 jsonlite               1.8.8     2023-12-04 [2] CRAN (R 4.4.0)
 KEGGREST               1.44.1    2024-06-19 [2] Bioconductor 3.19 (R 4.4.0)
 later                  1.3.2     2023-12-06 [2] CRAN (R 4.4.0)
 lattice                0.22-6    2024-03-20 [3] CRAN (R 4.4.0)
 lazyeval               0.2.2     2019-03-15 [2] CRAN (R 4.4.0)
 lifecycle              1.0.4     2023-11-07 [2] CRAN (R 4.4.0)
 limma                  3.60.4    2024-07-17 [2] Bioconductor 3.19 (R 4.4.0)
 locfit                 1.5-9.10  2024-06-24 [2] CRAN (R 4.4.0)
 magick                 2.8.4     2024-07-14 [2] CRAN (R 4.4.0)
 magrittr               2.0.3     2022-03-30 [2] CRAN (R 4.4.0)
 maps                   3.4.2     2023-12-15 [2] CRAN (R 4.4.0)
 Matrix                 1.7-0     2024-04-26 [3] CRAN (R 4.4.0)
 MatrixGenerics       * 1.16.0    2024-04-30 [2] Bioconductor 3.19 (R 4.4.0)
 matrixStats          * 1.3.0     2024-04-11 [2] CRAN (R 4.4.0)
 memoise                2.0.1     2021-11-26 [2] CRAN (R 4.4.0)
 metapod                1.12.0    2024-04-30 [2] Bioconductor 3.19 (R 4.4.0)
 mime                   0.12      2021-09-28 [2] CRAN (R 4.4.0)
 munsell                0.5.1     2024-04-01 [2] CRAN (R 4.4.0)
 paletteer              1.6.0     2024-01-21 [2] CRAN (R 4.4.0)
 pillar                 1.9.0     2023-03-22 [2] CRAN (R 4.4.0)
 pkgconfig              2.0.3     2019-09-22 [2] CRAN (R 4.4.0)
 plotly                 4.10.4    2024-01-13 [2] CRAN (R 4.4.0)
 png                    0.1-8     2022-11-29 [2] CRAN (R 4.4.0)
 promises               1.3.0     2024-04-05 [2] CRAN (R 4.4.0)
 purrr                  1.0.2     2023-08-10 [2] CRAN (R 4.4.0)
 R6                     2.5.1     2021-08-19 [2] CRAN (R 4.4.0)
 rafalib                1.0.0     2015-08-09 [1] CRAN (R 4.4.0)
 rappdirs               0.3.3     2021-01-31 [2] CRAN (R 4.4.0)
 RColorBrewer           1.1-3     2022-04-03 [2] CRAN (R 4.4.0)
 Rcpp                   1.0.13    2024-07-17 [2] CRAN (R 4.4.0)
 RCurl                  1.98-1.16 2024-07-11 [2] CRAN (R 4.4.0)
 rematch2               2.1.2     2020-05-01 [2] CRAN (R 4.4.0)
 restfulr               0.0.15    2022-06-16 [2] CRAN (R 4.4.0)
 rjson                  0.2.21    2022-01-09 [2] CRAN (R 4.4.0)
 rlang                  1.1.4     2024-06-04 [2] CRAN (R 4.4.0)
 rprojroot              2.0.4     2023-11-05 [2] CRAN (R 4.4.0)
 Rsamtools              2.20.0    2024-04-30 [2] Bioconductor 3.19 (R 4.4.0)
 RSQLite                2.3.7     2024-05-27 [2] CRAN (R 4.4.0)
 rsvd                   1.0.5     2021-04-16 [2] CRAN (R 4.4.0)
 rtracklayer            1.64.0    2024-04-30 [2] Bioconductor 3.19 (R 4.4.0)
 S4Arrays               1.4.1     2024-05-20 [2] Bioconductor 3.19 (R 4.4.0)
 S4Vectors            * 0.42.1    2024-07-03 [2] Bioconductor 3.19 (R 4.4.0)
 sass                   0.4.9     2024-03-15 [2] CRAN (R 4.4.0)
 ScaledMatrix           1.12.0    2024-04-30 [2] Bioconductor 3.19 (R 4.4.0)
 scales                 1.3.0     2023-11-28 [2] CRAN (R 4.4.0)
 scater               * 1.32.1    2024-07-21 [2] Bioconductor 3.19 (R 4.4.0)
 scran                * 1.32.0    2024-04-30 [2] Bioconductor 3.19 (R 4.4.0)
 scuttle              * 1.14.0    2024-04-30 [2] Bioconductor 3.19 (R 4.4.0)
 sessioninfo          * 1.2.2     2021-12-06 [2] CRAN (R 4.4.0)
 shiny                  1.9.1     2024-08-01 [2] CRAN (R 4.4.0)
 shinyWidgets           0.8.6     2024-04-24 [2] CRAN (R 4.4.0)
 SingleCellExperiment * 1.26.0    2024-04-30 [2] Bioconductor 3.19 (R 4.4.0)
 spam                   2.10-0    2023-10-23 [2] CRAN (R 4.4.0)
 SparseArray            1.4.8     2024-05-24 [2] Bioconductor 3.19 (R 4.4.0)
 sparseMatrixStats      1.16.0    2024-04-30 [2] Bioconductor 3.19 (R 4.4.0)
 SpatialExperiment      1.14.0    2024-05-01 [2] Bioconductor 3.19 (R 4.4.0)
 spatialLIBD            1.16.2    2024-05-28 [2] Bioconductor 3.19 (R 4.4.0)
 statmod                1.5.0     2023-01-06 [2] CRAN (R 4.4.0)
 stringi                1.8.4     2024-05-06 [2] CRAN (R 4.4.0)
 stringr                1.5.1     2023-11-14 [2] CRAN (R 4.4.0)
 SummarizedExperiment * 1.34.0    2024-05-01 [2] Bioconductor 3.19 (R 4.4.0)
 tibble                 3.2.1     2023-03-20 [2] CRAN (R 4.4.0)
 tidyr                  1.3.1     2024-01-24 [2] CRAN (R 4.4.0)
 tidyselect             1.2.1     2024-03-11 [2] CRAN (R 4.4.0)
 UCSC.utils             1.0.0     2024-04-30 [2] Bioconductor 3.19 (R 4.4.0)
 utf8                   1.2.4     2023-10-22 [2] CRAN (R 4.4.0)
 vctrs                  0.6.5     2023-12-01 [2] CRAN (R 4.4.0)
 vipor                  0.4.7     2023-12-18 [2] CRAN (R 4.4.0)
 viridis                0.6.5     2024-01-29 [2] CRAN (R 4.4.0)
 viridisLite            0.4.2     2023-05-02 [2] CRAN (R 4.4.0)
 withr                  3.0.1     2024-07-31 [2] CRAN (R 4.4.0)
 XML                    3.99-0.17 2024-06-25 [2] CRAN (R 4.4.0)
 xtable                 1.8-4     2019-04-21 [2] CRAN (R 4.4.0)
 XVector                0.44.0    2024-04-30 [2] Bioconductor 3.19 (R 4.4.0)
 yaml                   2.3.10    2024-07-26 [2] CRAN (R 4.4.0)
 zlibbioc               1.50.0    2024-04-30 [2] Bioconductor 3.19 (R 4.4.0)

 [1] /users/rphillip/R/4.4
 [2] /jhpce/shared/community/core/conda_R/4.4/R/lib64/R/site-library
 [3] /jhpce/shared/community/core/conda_R/4.4/R/lib64/R/library

──────────────────────────────────────────────────────────────────────────────────────────────────────────────────────
********* Job Ends *********
Sun Sep  8 02:38:08 AM EDT 2024
